run_name,group_id,task_id,hash,native_id,process,module,container,tag,name,status,exit,submit,start,complete,duration,realtime,cpu_percent,mem_percent,rss,vmem,peak_rss,peak_vmem,rchar,wchar,syscr,syscw,read_bytes,write_bytes,attempt,workdir,script,scratch,queue,cpus,memory,disk,time,env,error_action,vol_ctxt,inv_ctxt,hostname,cpu_model
irreverent_northcutt,ERZ101,1,8f/68c72e,48991,RENAME_CONTIGS,[],quay.io/biocontainers/pyfastx:2.2.0--py39h0699b22_0,ERZ101,EBIMETAGENOMICS:ASSEMBLY_ANALYSIS_PIPELINE:RENAME_CONTIGS (ERZ101),COMPLETED,0,1776012897803,1776012897844,1776012899115,1312,0,78.0,0.0,9576448,13492224,9576448,13492224,1327152,120632,402,25,9838592,131072,1,/home/martin/Projects/assembly-analysis-pipeline/work/8f/68c72e7860e4a020ebf07620881c9c,"
    rename_contigs.py --prefix ERZ101_ \
    --input original_input.fasta \
    --output ERZ101.fasta \
    --mapping ERZ101_mapping.csv

    cat <<-END_VERSIONS > versions.yml
    ""EBIMETAGENOMICS:ASSEMBLY_ANALYSIS_PIPELINE:RENAME_CONTIGS"":
        python: $(python --version 2>&1 | sed 's/Python //g')
        pyfastax: $(python -c ""import pyfastx; print(pyfastx.version())"")
    END_VERSIONS
    ",,,1,6442450944,,3600000,"PYTHONNOUSERSITE=1
R_PROFILE_USER=/.Rprofile
R_ENVIRON_USER=/.Renviron
JULIA_DEPOT_PATH=/usr/local/share/julia
PATH=$PATH:/home/martin/Projects/assembly-analysis-pipeline/bin
",,22,3,,AMD Ryzen 5 5600X 6-Core Processor
irreverent_northcutt,ERZ999,4,cf/27847e,49008,RENAME_CONTIGS,[],quay.io/biocontainers/pyfastx:2.2.0--py39h0699b22_0,ERZ999,EBIMETAGENOMICS:ASSEMBLY_ANALYSIS_PIPELINE:RENAME_CONTIGS (ERZ999),COMPLETED,0,1776012897814,1776012897848,1776012899151,1337,1000,105.5,0.0,11321344,15110144,11321344,15110144,1279538,4589,399,20,20480,16384,1,/home/martin/Projects/assembly-analysis-pipeline/work/cf/27847e1d52b62476b58b476812fcaa,"
    rename_contigs.py --prefix ERZ999_ \
    --input original_input.fasta \
    --output ERZ999.fasta \
    --mapping ERZ999_mapping.csv

    cat <<-END_VERSIONS > versions.yml
    ""EBIMETAGENOMICS:ASSEMBLY_ANALYSIS_PIPELINE:RENAME_CONTIGS"":
        python: $(python --version 2>&1 | sed 's/Python //g')
        pyfastax: $(python -c ""import pyfastx; print(pyfastx.version())"")
    END_VERSIONS
    ",,,1,6442450944,,3600000,"PYTHONNOUSERSITE=1
R_PROFILE_USER=/.Rprofile
R_ENVIRON_USER=/.Renviron
JULIA_DEPOT_PATH=/usr/local/share/julia
PATH=$PATH:/home/martin/Projects/assembly-analysis-pipeline/bin
",,1,5,,AMD Ryzen 5 5600X 6-Core Processor
irreverent_northcutt,ERZ102,2,34/95567c,49459,RENAME_CONTIGS,[],quay.io/biocontainers/pyfastx:2.2.0--py39h0699b22_0,ERZ102,EBIMETAGENOMICS:ASSEMBLY_ANALYSIS_PIPELINE:RENAME_CONTIGS (ERZ102),COMPLETED,0,1776012899122,1776012899152,1776012900263,1141,0,103.2,0.0,11395072,15110144,11395072,15110144,1319525,101147,401,25,1376256,110592,1,/home/martin/Projects/assembly-analysis-pipeline/work/34/95567c959f0f75fc0a726a6a678196,"
    rename_contigs.py --prefix ERZ102_ \
    --input original_input.fasta \
    --output ERZ102.fasta \
    --mapping ERZ102_mapping.csv

    cat <<-END_VERSIONS > versions.yml
    ""EBIMETAGENOMICS:ASSEMBLY_ANALYSIS_PIPELINE:RENAME_CONTIGS"":
        python: $(python --version 2>&1 | sed 's/Python //g')
        pyfastax: $(python -c ""import pyfastx; print(pyfastx.version())"")
    END_VERSIONS
    ",,,1,6442450944,,3600000,"PYTHONNOUSERSITE=1
R_PROFILE_USER=/.Rprofile
R_ENVIRON_USER=/.Renviron
JULIA_DEPOT_PATH=/usr/local/share/julia
PATH=$PATH:/home/martin/Projects/assembly-analysis-pipeline/bin
",,2,6,,AMD Ryzen 5 5600X 6-Core Processor
irreverent_northcutt,ERZ666,3,2b/84ea83,49500,RENAME_CONTIGS,[],quay.io/biocontainers/pyfastx:2.2.0--py39h0699b22_0,ERZ666,EBIMETAGENOMICS:ASSEMBLY_ANALYSIS_PIPELINE:RENAME_CONTIGS (ERZ666),COMPLETED,0,1776012899156,1776012899251,1776012900303,1147,0,96.6,0.0,11399168,15110144,11399168,15110144,1282925,10321,399,20,0,16384,1,/home/martin/Projects/assembly-analysis-pipeline/work/2b/84ea834858b01374e80d73ee424a3a,"
    rename_contigs.py --prefix ERZ666_ \
    --input original_input.fasta \
    --output ERZ666.fasta \
    --mapping ERZ666_mapping.csv

    cat <<-END_VERSIONS > versions.yml
    ""EBIMETAGENOMICS:ASSEMBLY_ANALYSIS_PIPELINE:RENAME_CONTIGS"":
        python: $(python --version 2>&1 | sed 's/Python //g')
        pyfastax: $(python -c ""import pyfastx; print(pyfastx.version())"")
    END_VERSIONS
    ",,,1,6442450944,,3600000,"PYTHONNOUSERSITE=1
R_PROFILE_USER=/.Rprofile
R_ENVIRON_USER=/.Renviron
JULIA_DEPOT_PATH=/usr/local/share/julia
PATH=$PATH:/home/martin/Projects/assembly-analysis-pipeline/bin
",,1,2,,AMD Ryzen 5 5600X 6-Core Processor
irreverent_northcutt,ERZ101,5,3f/0839a3,49921,FILTER_ASSEMBLY,[],quay.io/biocontainers/seqkit:2.9.0--h9ee0642_0,ERZ101,EBIMETAGENOMICS:ASSEMBLY_ANALYSIS_PIPELINE:ASSEMBLY_QC:FILTER_ASSEMBLY (ERZ101),COMPLETED,0,1776012900309,1776012900403,1776012901390,1081,0,109.1,0.0,6344704,1276497920,6344704,1276497920,696282,400713,265,46,18964480,294912,1,/home/martin/Projects/assembly-analysis-pipeline/work/3f/0839a3d5cc7d9e26db0625d532abee,"
    seqkit \
        seq \
        --min-len 500 \
        --threads 2 \
        ERZ101.fasta > ERZ101_len_filtered.fasta

    # Check if length filtering produced any sequences
    if [[ $(wc -l < ERZ101_len_filtered.fasta) -eq 0 ]]; then
        echo ""No contigs after the length filtering""
        EXIT_REASON=""insufficient_contigs_after_length_filtering""
    else
        echo ""Filtering sequences by N-base content (< 10%)...""

        seqkit fx2tab ERZ101_len_filtered.fasta \
            --threads 2 \
            --base-content N | \
        awk '$3 < 10' > ERZ101_nbases_filtered.tab2fx

        # Check if N-base filtering produced any sequences
        if [[ -s ERZ101_nbases_filtered.tab2fx ]]; then
            echo ""Some contigs remain after filtering...""
            seqkit tab2fx ERZ101_nbases_filtered.tab2fx \
                --threads 2 \
                --out-file ERZ101_filtered.fasta.gz
        else
            echo ""No contigs after the N bases filtering""
            EXIT_REASON=""insufficient_contigs_after_n_content_filtering""
        fi
    fi

    cat <<-END_VERSIONS > versions.yml
    ""EBIMETAGENOMICS:ASSEMBLY_ANALYSIS_PIPELINE:ASSEMBLY_QC:FILTER_ASSEMBLY"":
        seqkit: $(seqkit version | cut -d' ' -f2)
    END_VERSIONS
    ",,,2,12884901888,,3600000,"PYTHONNOUSERSITE=1
R_PROFILE_USER=/.Rprofile
R_ENVIRON_USER=/.Renviron
JULIA_DEPOT_PATH=/usr/local/share/julia
PATH=$PATH:/home/martin/Projects/assembly-analysis-pipeline/bin
",,15,1,,AMD Ryzen 5 5600X 6-Core Processor
irreverent_northcutt,ERZ999,6,83/69e0ce,50185,FILTER_ASSEMBLY,[],quay.io/biocontainers/seqkit:2.9.0--h9ee0642_0,ERZ999,EBIMETAGENOMICS:ASSEMBLY_ANALYSIS_PIPELINE:ASSEMBLY_QC:FILTER_ASSEMBLY (ERZ999),COMPLETED,0,1776012901394,1776012901491,1776012902460,1066,0,128.6,0.1,27856896,1278464000,27856896,1278464000,108825,8934,221,26,8192,16384,1,/home/martin/Projects/assembly-analysis-pipeline/work/83/69e0ceb78a81c7cee6d47e71fd3b9b,"
    seqkit \
        seq \
        --min-len 500 \
        --threads 2 \
        ERZ999.fasta > ERZ999_len_filtered.fasta

    # Check if length filtering produced any sequences
    if [[ $(wc -l < ERZ999_len_filtered.fasta) -eq 0 ]]; then
        echo ""No contigs after the length filtering""
        EXIT_REASON=""insufficient_contigs_after_length_filtering""
    else
        echo ""Filtering sequences by N-base content (< 10%)...""

        seqkit fx2tab ERZ999_len_filtered.fasta \
            --threads 2 \
            --base-content N | \
        awk '$3 < 10' > ERZ999_nbases_filtered.tab2fx

        # Check if N-base filtering produced any sequences
        if [[ -s ERZ999_nbases_filtered.tab2fx ]]; then
            echo ""Some contigs remain after filtering...""
            seqkit tab2fx ERZ999_nbases_filtered.tab2fx \
                --threads 2 \
                --out-file ERZ999_filtered.fasta.gz
        else
            echo ""No contigs after the N bases filtering""
            EXIT_REASON=""insufficient_contigs_after_n_content_filtering""
        fi
    fi

    cat <<-END_VERSIONS > versions.yml
    ""EBIMETAGENOMICS:ASSEMBLY_ANALYSIS_PIPELINE:ASSEMBLY_QC:FILTER_ASSEMBLY"":
        seqkit: $(seqkit version | cut -d' ' -f2)
    END_VERSIONS
    ",,,2,12884901888,,3600000,"PYTHONNOUSERSITE=1
R_PROFILE_USER=/.Rprofile
R_ENVIRON_USER=/.Renviron
JULIA_DEPOT_PATH=/usr/local/share/julia
PATH=$PATH:/home/martin/Projects/assembly-analysis-pipeline/bin
",,34,4,,AMD Ryzen 5 5600X 6-Core Processor
irreverent_northcutt,ERZ102,7,c7/c7c1ee,50432,FILTER_ASSEMBLY,[],quay.io/biocontainers/seqkit:2.9.0--h9ee0642_0,ERZ102,EBIMETAGENOMICS:ASSEMBLY_ANALYSIS_PIPELINE:ASSEMBLY_QC:FILTER_ASSEMBLY (ERZ102),COMPLETED,0,1776012902464,1776012902560,1776012903529,1065,0,137.7,0.0,3317760,4497408,3317760,4497408,598186,335735,260,46,102400,245760,1,/home/martin/Projects/assembly-analysis-pipeline/work/c7/c7c1eeccabbe45fa312472fee0ce22,"
    seqkit \
        seq \
        --min-len 500 \
        --threads 2 \
        ERZ102.fasta > ERZ102_len_filtered.fasta

    # Check if length filtering produced any sequences
    if [[ $(wc -l < ERZ102_len_filtered.fasta) -eq 0 ]]; then
        echo ""No contigs after the length filtering""
        EXIT_REASON=""insufficient_contigs_after_length_filtering""
    else
        echo ""Filtering sequences by N-base content (< 10%)...""

        seqkit fx2tab ERZ102_len_filtered.fasta \
            --threads 2 \
            --base-content N | \
        awk '$3 < 10' > ERZ102_nbases_filtered.tab2fx

        # Check if N-base filtering produced any sequences
        if [[ -s ERZ102_nbases_filtered.tab2fx ]]; then
            echo ""Some contigs remain after filtering...""
            seqkit tab2fx ERZ102_nbases_filtered.tab2fx \
                --threads 2 \
                --out-file ERZ102_filtered.fasta.gz
        else
            echo ""No contigs after the N bases filtering""
            EXIT_REASON=""insufficient_contigs_after_n_content_filtering""
        fi
    fi

    cat <<-END_VERSIONS > versions.yml
    ""EBIMETAGENOMICS:ASSEMBLY_ANALYSIS_PIPELINE:ASSEMBLY_QC:FILTER_ASSEMBLY"":
        seqkit: $(seqkit version | cut -d' ' -f2)
    END_VERSIONS
    ",,,2,12884901888,,3600000,"PYTHONNOUSERSITE=1
R_PROFILE_USER=/.Rprofile
R_ENVIRON_USER=/.Renviron
JULIA_DEPOT_PATH=/usr/local/share/julia
PATH=$PATH:/home/martin/Projects/assembly-analysis-pipeline/bin
",,1,1,,AMD Ryzen 5 5600X 6-Core Processor
irreverent_northcutt,ERZ666,8,f4/64b8ea,50693,FILTER_ASSEMBLY,[],quay.io/biocontainers/seqkit:2.9.0--h9ee0642_0,ERZ666,EBIMETAGENOMICS:ASSEMBLY_ANALYSIS_PIPELINE:ASSEMBLY_QC:FILTER_ASSEMBLY (ERZ666),COMPLETED,0,1776012903536,1776012903630,1776012904606,1070,0,100.0,0.0,3379200,4497408,3379200,4497408,93459,591,198,23,8192,8192,1,/home/martin/Projects/assembly-analysis-pipeline/work/f4/64b8eac4a4bae14ec3d884cd74b569,"
    seqkit \
        seq \
        --min-len 500 \
        --threads 2 \
        ERZ666.fasta > ERZ666_len_filtered.fasta

    # Check if length filtering produced any sequences
    if [[ $(wc -l < ERZ666_len_filtered.fasta) -eq 0 ]]; then
        echo ""No contigs after the length filtering""
        EXIT_REASON=""insufficient_contigs_after_length_filtering""
    else
        echo ""Filtering sequences by N-base content (< 10%)...""

        seqkit fx2tab ERZ666_len_filtered.fasta \
            --threads 2 \
            --base-content N | \
        awk '$3 < 10' > ERZ666_nbases_filtered.tab2fx

        # Check if N-base filtering produced any sequences
        if [[ -s ERZ666_nbases_filtered.tab2fx ]]; then
            echo ""Some contigs remain after filtering...""
            seqkit tab2fx ERZ666_nbases_filtered.tab2fx \
                --threads 2 \
                --out-file ERZ666_filtered.fasta.gz
        else
            echo ""No contigs after the N bases filtering""
            EXIT_REASON=""insufficient_contigs_after_n_content_filtering""
        fi
    fi

    cat <<-END_VERSIONS > versions.yml
    ""EBIMETAGENOMICS:ASSEMBLY_ANALYSIS_PIPELINE:ASSEMBLY_QC:FILTER_ASSEMBLY"":
        seqkit: $(seqkit version | cut -d' ' -f2)
    END_VERSIONS
    ",,,2,12884901888,,3600000,"PYTHONNOUSERSITE=1
R_PROFILE_USER=/.Rprofile
R_ENVIRON_USER=/.Renviron
JULIA_DEPOT_PATH=/usr/local/share/julia
PATH=$PATH:/home/martin/Projects/assembly-analysis-pipeline/bin
",,1,3,,AMD Ryzen 5 5600X 6-Core Processor
irreverent_northcutt,ERZ101,9,3b/652369,50930,MINIMAP2_ALIGN,[],community.wave.seqera.io/library/minimap2_samtools:33bb43c18d22e29c,ERZ101,EBIMETAGENOMICS:ASSEMBLY_ANALYSIS_PIPELINE:ASSEMBLY_QC:ASSEMBLY_DECONTAMINATION:HUMAN_DECONTAMINATE_CONTIGS:MINIMAP2_ALIGN (ERZ101),COMPLETED,0,1776012904611,1776012904706,1776012905752,1141,38,66.7,0.0,3670016,4874240,3670016,4874240,184022,5901,251,41,18366464,8192,1,/home/martin/Projects/assembly-analysis-pipeline/work/3b/65236936cea676a0eaf91a964e483d,"
     \
    minimap2 \
        -k 13 -w 5 \
        -t 4 \
        human.fna \
        ERZ101_filtered.fasta.gz \
         \
         \
        -o ERZ101.paf


    cat <<-END_VERSIONS > versions.yml
    ""EBIMETAGENOMICS:ASSEMBLY_ANALYSIS_PIPELINE:ASSEMBLY_QC:ASSEMBLY_DECONTAMINATION:HUMAN_DECONTAMINATE_CONTIGS:MINIMAP2_ALIGN"":
        minimap2: $(minimap2 --version 2>&1)
        samtools: $(echo $(samtools --version 2>&1) | sed 's/^.*samtools //; s/Using.*$//')
    END_VERSIONS
    ",,,4,16106127360,,3600000,"PYTHONNOUSERSITE=1
R_PROFILE_USER=/.Rprofile
R_ENVIRON_USER=/.Renviron
JULIA_DEPOT_PATH=/usr/local/share/julia
PATH=$PATH:/home/martin/Projects/assembly-analysis-pipeline/bin
",,1,0,,AMD Ryzen 5 5600X 6-Core Processor
irreverent_northcutt,ERZ102,10,ba/b9d3de,51180,MINIMAP2_ALIGN,[],community.wave.seqera.io/library/minimap2_samtools:33bb43c18d22e29c,ERZ102,EBIMETAGENOMICS:ASSEMBLY_ANALYSIS_PIPELINE:ASSEMBLY_QC:ASSEMBLY_DECONTAMINATION:HUMAN_DECONTAMINATE_CONTIGS:MINIMAP2_ALIGN (ERZ102),COMPLETED,0,1776012905756,1776012905853,1776012906828,1072,16,88.9,0.0,3821568,4874240,3821568,4874240,177805,5895,250,41,24576,8192,1,/home/martin/Projects/assembly-analysis-pipeline/work/ba/b9d3debbc08e9868d24c76cd32300a,"
     \
    minimap2 \
        -k 13 -w 5 \
        -t 4 \
        human.fna \
        ERZ102_filtered.fasta.gz \
         \
         \
        -o ERZ102.paf


    cat <<-END_VERSIONS > versions.yml
    ""EBIMETAGENOMICS:ASSEMBLY_ANALYSIS_PIPELINE:ASSEMBLY_QC:ASSEMBLY_DECONTAMINATION:HUMAN_DECONTAMINATE_CONTIGS:MINIMAP2_ALIGN"":
        minimap2: $(minimap2 --version 2>&1)
        samtools: $(echo $(samtools --version 2>&1) | sed 's/^.*samtools //; s/Using.*$//')
    END_VERSIONS
    ",,,4,16106127360,,3600000,"PYTHONNOUSERSITE=1
R_PROFILE_USER=/.Rprofile
R_ENVIRON_USER=/.Renviron
JULIA_DEPOT_PATH=/usr/local/share/julia
PATH=$PATH:/home/martin/Projects/assembly-analysis-pipeline/bin
",,1,0,,AMD Ryzen 5 5600X 6-Core Processor
irreverent_northcutt,ERZ101,11,87/54717b,51427,FILTERPAF,[],quay.io/biocontainers/gawk:5.3.0,ERZ101,EBIMETAGENOMICS:ASSEMBLY_ANALYSIS_PIPELINE:ASSEMBLY_QC:ASSEMBLY_DECONTAMINATION:HUMAN_DECONTAMINATE_CONTIGS:FILTERPAF (ERZ101),COMPLETED,0,1776012906832,1776012906929,1776012907927,1095,0,104.3,0.0,3358720,4497408,3358720,4497408,126824,2124,262,22,65536,16384,1,/home/martin/Projects/assembly-analysis-pipeline/work/87/54717b036e9b3dea059ff64f9ca1fb,"
    # Filter PAF by query coverage and MAPQ
    awk '
        BEGIN {
            printf ""sequence_id\tquery_coverage\tidentity\n"";
        }
        {
            query_len = $2;
            query_start = $3;
            query_end = $4;
            target = $6;
            matching_bases = $10;
            total_bases = $11;

            if (target == ""*"") {
                next;
            }

            aligned_len = query_end - query_start;
            query_coverage = aligned_len / query_len;
            identity = matching_bases / total_bases;

            if (query_coverage >= 0.3 && identity >= 0.4) {
                printf ""%s\t%.4f\t%.4f\n"", $1, query_coverage, identity;
            }
        }
    ' ERZ101.paf > ERZ101_human_mapped.tsv

    # Remove TSV file if it only contains the header (no contaminated contigs found)
    if [ $(wc -l < ERZ101_human_mapped.tsv) -le 1 ]; then
        rm ERZ101_human_mapped.tsv
        touch ERZ101_human.txt
    else
        # Extract just the sequence IDs from failed sequences
        awk '{print $1}' ERZ101_human_mapped.tsv > ERZ101_human.txt
        gzip ERZ101_human_mapped.tsv
    fi

    cat <<-END_VERSIONS > versions.yml
    ""EBIMETAGENOMICS:ASSEMBLY_ANALYSIS_PIPELINE:ASSEMBLY_QC:ASSEMBLY_DECONTAMINATION:HUMAN_DECONTAMINATE_CONTIGS:FILTERPAF"":
        gawk: $(echo $(gawk --version 2>&1) | sed 's/^.*GNU Awk //; s/, .*$//')
    END_VERSIONS
    ",,,1,6442450944,,3600000,"PYTHONNOUSERSITE=1
R_PROFILE_USER=/.Rprofile
R_ENVIRON_USER=/.Renviron
JULIA_DEPOT_PATH=/usr/local/share/julia
PATH=$PATH:/home/martin/Projects/assembly-analysis-pipeline/bin
",,4,0,,AMD Ryzen 5 5600X 6-Core Processor
irreverent_northcutt,ERZ102,12,ce/eb17db,51442,FILTERPAF,[],quay.io/biocontainers/gawk:5.3.0,ERZ102,EBIMETAGENOMICS:ASSEMBLY_ANALYSIS_PIPELINE:ASSEMBLY_QC:ASSEMBLY_DECONTAMINATION:HUMAN_DECONTAMINATE_CONTIGS:FILTERPAF (ERZ102),COMPLETED,0,1776012906841,1776012906930,1776012907913,1072,0,109.1,0.0,3461120,4497408,3461120,4497408,126823,2124,262,22,0,16384,1,/home/martin/Projects/assembly-analysis-pipeline/work/ce/eb17db1041ea60218b63a5c39fa938,"
    # Filter PAF by query coverage and MAPQ
    awk '
        BEGIN {
            printf ""sequence_id\tquery_coverage\tidentity\n"";
        }
        {
            query_len = $2;
            query_start = $3;
            query_end = $4;
            target = $6;
            matching_bases = $10;
            total_bases = $11;

            if (target == ""*"") {
                next;
            }

            aligned_len = query_end - query_start;
            query_coverage = aligned_len / query_len;
            identity = matching_bases / total_bases;

            if (query_coverage >= 0.3 && identity >= 0.4) {
                printf ""%s\t%.4f\t%.4f\n"", $1, query_coverage, identity;
            }
        }
    ' ERZ102.paf > ERZ102_human_mapped.tsv

    # Remove TSV file if it only contains the header (no contaminated contigs found)
    if [ $(wc -l < ERZ102_human_mapped.tsv) -le 1 ]; then
        rm ERZ102_human_mapped.tsv
        touch ERZ102_human.txt
    else
        # Extract just the sequence IDs from failed sequences
        awk '{print $1}' ERZ102_human_mapped.tsv > ERZ102_human.txt
        gzip ERZ102_human_mapped.tsv
    fi

    cat <<-END_VERSIONS > versions.yml
    ""EBIMETAGENOMICS:ASSEMBLY_ANALYSIS_PIPELINE:ASSEMBLY_QC:ASSEMBLY_DECONTAMINATION:HUMAN_DECONTAMINATE_CONTIGS:FILTERPAF"":
        gawk: $(echo $(gawk --version 2>&1) | sed 's/^.*GNU Awk //; s/, .*$//')
    END_VERSIONS
    ",,,1,6442450944,,3600000,"PYTHONNOUSERSITE=1
R_PROFILE_USER=/.Rprofile
R_ENVIRON_USER=/.Renviron
JULIA_DEPOT_PATH=/usr/local/share/julia
PATH=$PATH:/home/martin/Projects/assembly-analysis-pipeline/bin
",,4,0,,AMD Ryzen 5 5600X 6-Core Processor
irreverent_northcutt,ERZ102,13,57/85f6f3,51875,SEQKIT_GREP,[],quay.io/biocontainers/seqkit:2.9.0--h9ee0642_0,ERZ102,EBIMETAGENOMICS:ASSEMBLY_ANALYSIS_PIPELINE:ASSEMBLY_QC:ASSEMBLY_DECONTAMINATION:HUMAN_DECONTAMINATE_CONTIGS:SEQKIT_GREP (ERZ102),COMPLETED,0,1776012907931,1776012908028,1776012909015,1084,0,118.0,0.1,25006080,1278988288,25006080,1278988288,109276,31789,185,22,3387392,36864,1,/home/martin/Projects/assembly-analysis-pipeline/work/57/85f6f3bcd0685ddbac8c2659d425d8,"
    seqkit \
        grep \
        --invert-match \
        --threads 2 \
        -f ERZ102_human.txt \
        input.fasta.gz \
        -o ERZ102_cleaned.fa.gz \

    cat <<-END_VERSIONS > versions.yml
    ""EBIMETAGENOMICS:ASSEMBLY_ANALYSIS_PIPELINE:ASSEMBLY_QC:ASSEMBLY_DECONTAMINATION:HUMAN_DECONTAMINATE_CONTIGS:SEQKIT_GREP"":
        seqkit: $( seqkit version | sed 's/seqkit v//' )
    END_VERSIONS
    ",,,2,12884901888,,3600000,"PYTHONNOUSERSITE=1
R_PROFILE_USER=/.Rprofile
R_ENVIRON_USER=/.Renviron
JULIA_DEPOT_PATH=/usr/local/share/julia
PATH=$PATH:/home/martin/Projects/assembly-analysis-pipeline/bin
",,37,2,,AMD Ryzen 5 5600X 6-Core Processor
irreverent_northcutt,ERZ101,14,68/ee085a,52111,SEQKIT_GREP,[],quay.io/biocontainers/seqkit:2.9.0--h9ee0642_0,ERZ101,EBIMETAGENOMICS:ASSEMBLY_ANALYSIS_PIPELINE:ASSEMBLY_QC:ASSEMBLY_DECONTAMINATION:HUMAN_DECONTAMINATE_CONTIGS:SEQKIT_GREP (ERZ101),COMPLETED,0,1776012909018,1776012909115,1776012910111,1093,0,130.4,0.2,39485440,1346428928,39485440,1346428928,115437,37945,185,22,0,45056,1,/home/martin/Projects/assembly-analysis-pipeline/work/68/ee085aed6fa9216ed8c7b57bf62a41,"
    seqkit \
        grep \
        --invert-match \
        --threads 2 \
        -f ERZ101_human.txt \
        input.fasta.gz \
        -o ERZ101_cleaned.fa.gz \

    cat <<-END_VERSIONS > versions.yml
    ""EBIMETAGENOMICS:ASSEMBLY_ANALYSIS_PIPELINE:ASSEMBLY_QC:ASSEMBLY_DECONTAMINATION:HUMAN_DECONTAMINATE_CONTIGS:SEQKIT_GREP"":
        seqkit: $( seqkit version | sed 's/seqkit v//' )
    END_VERSIONS
    ",,,2,12884901888,,3600000,"PYTHONNOUSERSITE=1
R_PROFILE_USER=/.Rprofile
R_ENVIRON_USER=/.Renviron
JULIA_DEPOT_PATH=/usr/local/share/julia
PATH=$PATH:/home/martin/Projects/assembly-analysis-pipeline/bin
",,35,5,,AMD Ryzen 5 5600X 6-Core Processor
irreverent_northcutt,ERZ102,15,3a/7bdf4e,52372,INDEX_AND_PUBLISH_CONTIGS,[],community.wave.seqera.io/library/htslib_samtools_seqkit:8d071a2f3053d830,ERZ102,EBIMETAGENOMICS:ASSEMBLY_ANALYSIS_PIPELINE:ASSEMBLY_QC:INDEX_AND_PUBLISH_CONTIGS (ERZ102),COMPLETED,0,1776012910115,1776012910211,1776012911212,1097,39,90.6,0.0,3747840,4874240,3747840,4874240,486970,224167,333,34,4636672,49152,1,/home/martin/Projects/assembly-analysis-pipeline/work/3a/7bdf4e8f1d0815836efd0c1a690afa,"
    NUM_SEQS=$(zcat ERZ102_cleaned.fa.gz | grep -c '^>')

    if [[ $NUM_SEQS -eq 0 ]]; then
        EXIT_REASON=""insufficient_contigs_after_decontamination""
    else
        zcat ERZ102_cleaned.fa.gz | bgzip -@ 1 > ERZ102_filtered_contigs.fasta.gz
        samtools faidx ERZ102_filtered_contigs.fasta.gz
        bgzip -r ERZ102_filtered_contigs.fasta.gz
    fi

    cat <<-END_VERSIONS > versions.yml
    ""EBIMETAGENOMICS:ASSEMBLY_ANALYSIS_PIPELINE:ASSEMBLY_QC:INDEX_AND_PUBLISH_CONTIGS"":
        samtools: $(samtools --version-only)
        bgzip: $(bgzip --version | head -1 | cut -d' ' -f3)
    END_VERSIONS
    ",,,1,6442450944,,3600000,"PYTHONNOUSERSITE=1
R_PROFILE_USER=/.Rprofile
R_ENVIRON_USER=/.Renviron
JULIA_DEPOT_PATH=/usr/local/share/julia
PATH=$PATH:/home/martin/Projects/assembly-analysis-pipeline/bin
",,3,1,,AMD Ryzen 5 5600X 6-Core Processor
irreverent_northcutt,ERZ101,16,58/bcaf42,52671,MINIMAP2_ALIGN,[],community.wave.seqera.io/library/minimap2_samtools:33bb43c18d22e29c,ERZ101,EBIMETAGENOMICS:ASSEMBLY_ANALYSIS_PIPELINE:ASSEMBLY_QC:ASSEMBLY_DECONTAMINATION:HOST_DECONTAMINATE_CONTIGS:MINIMAP2_ALIGN (ERZ101),COMPLETED,0,1776012911217,1776012911312,1776012912322,1105,16,96.0,0.0,3747840,4874240,3747840,4874240,182148,5885,251,41,20480,8192,1,/home/martin/Projects/assembly-analysis-pipeline/work/58/bcaf4237f044ae92dad70c2d281acc,"
     \
    minimap2 \
        -k 13 -w 5 \
        -t 4 \
        contamination.fna \
        ERZ101_cleaned.fa.gz \
         \
         \
        -o ERZ101.paf


    cat <<-END_VERSIONS > versions.yml
    ""EBIMETAGENOMICS:ASSEMBLY_ANALYSIS_PIPELINE:ASSEMBLY_QC:ASSEMBLY_DECONTAMINATION:HOST_DECONTAMINATE_CONTIGS:MINIMAP2_ALIGN"":
        minimap2: $(minimap2 --version 2>&1)
        samtools: $(echo $(samtools --version 2>&1) | sed 's/^.*samtools //; s/Using.*$//')
    END_VERSIONS
    ",,,4,16106127360,,3600000,"PYTHONNOUSERSITE=1
R_PROFILE_USER=/.Rprofile
R_ENVIRON_USER=/.Renviron
JULIA_DEPOT_PATH=/usr/local/share/julia
PATH=$PATH:/home/martin/Projects/assembly-analysis-pipeline/bin
",,1,0,,AMD Ryzen 5 5600X 6-Core Processor
irreverent_northcutt,ERZ102,17,34/bbd466,52920,SEQKIT_SPLIT2,[],quay.io/biocontainers/seqkit:2.8.1--h9ee0642_0,ERZ102,EBIMETAGENOMICS:ASSEMBLY_ANALYSIS_PIPELINE:DETECT_RNA:SEQKIT_SPLIT2 (ERZ102),COMPLETED,0,1776012912328,1776012912422,1776012913415,1087,0,85.7,0.0,6238208,1276301312,6238208,1276301312,114814,42477,188,28,18583552,36864,1,/home/martin/Projects/assembly-analysis-pipeline/work/34/bbd466cc0047839b9ce2896dee8c35,"
    seqkit \
        split2 \
         --by-length 50M --by-length-prefix ERZ102_  \
        --threads 4 \
        ERZ102_filtered_contigs.fasta.gz \
        --out-dir ERZ102

    cat <<-END_VERSIONS > versions.yml
    ""EBIMETAGENOMICS:ASSEMBLY_ANALYSIS_PIPELINE:DETECT_RNA:SEQKIT_SPLIT2"":
        seqkit: $(echo $(seqkit 2>&1) | sed 's/^.*Version: //; s/ .*$//')
    END_VERSIONS
    ",,,4,16106127360,,3600000,"PYTHONNOUSERSITE=1
R_PROFILE_USER=/.Rprofile
R_ENVIRON_USER=/.Renviron
JULIA_DEPOT_PATH=/usr/local/share/julia
PATH=$PATH:/home/martin/Projects/assembly-analysis-pipeline/bin
",,13,1,,AMD Ryzen 5 5600X 6-Core Processor
irreverent_northcutt,ERZ101,18,4c/0c239d,53156,FILTERPAF,[],quay.io/biocontainers/gawk:5.3.0,ERZ101,EBIMETAGENOMICS:ASSEMBLY_ANALYSIS_PIPELINE:ASSEMBLY_QC:ASSEMBLY_DECONTAMINATION:HOST_DECONTAMINATE_CONTIGS:FILTERPAF (ERZ101),COMPLETED,0,1776012913420,1776012913515,1776012914454,1034,0,156.5,0.0,3362816,4497408,3362816,4497408,126901,2122,262,22,0,16384,1,/home/martin/Projects/assembly-analysis-pipeline/work/4c/0c239dde2770e7540fb9cda9cc68e2,"
    # Filter PAF by query coverage and MAPQ
    awk '
        BEGIN {
            printf ""sequence_id\tquery_coverage\tidentity\n"";
        }
        {
            query_len = $2;
            query_start = $3;
            query_end = $4;
            target = $6;
            matching_bases = $10;
            total_bases = $11;

            if (target == ""*"") {
                next;
            }

            aligned_len = query_end - query_start;
            query_coverage = aligned_len / query_len;
            identity = matching_bases / total_bases;

            if (query_coverage >= 0.3 && identity >= 0.4) {
                printf ""%s\t%.4f\t%.4f\n"", $1, query_coverage, identity;
            }
        }
    ' ERZ101.paf > ERZ101_contaminant_mapped.tsv

    # Remove TSV file if it only contains the header (no contaminated contigs found)
    if [ $(wc -l < ERZ101_contaminant_mapped.tsv) -le 1 ]; then
        rm ERZ101_contaminant_mapped.tsv
        touch ERZ101_contaminant.txt
    else
        # Extract just the sequence IDs from failed sequences
        awk '{print $1}' ERZ101_contaminant_mapped.tsv > ERZ101_contaminant.txt
        gzip ERZ101_contaminant_mapped.tsv
    fi

    cat <<-END_VERSIONS > versions.yml
    ""EBIMETAGENOMICS:ASSEMBLY_ANALYSIS_PIPELINE:ASSEMBLY_QC:ASSEMBLY_DECONTAMINATION:HOST_DECONTAMINATE_CONTIGS:FILTERPAF"":
        gawk: $(echo $(gawk --version 2>&1) | sed 's/^.*GNU Awk //; s/, .*$//')
    END_VERSIONS
    ",,,1,6442450944,,3600000,"PYTHONNOUSERSITE=1
R_PROFILE_USER=/.Rprofile
R_ENVIRON_USER=/.Renviron
JULIA_DEPOT_PATH=/usr/local/share/julia
PATH=$PATH:/home/martin/Projects/assembly-analysis-pipeline/bin
",,4,2,,AMD Ryzen 5 5600X 6-Core Processor
irreverent_northcutt,ERZ102,19,ab/731f41,53379,INFERNAL_CMSEARCH,[],quay.io/biocontainers/infernal:1.1.5--pl5321h031d066_1,ERZ102,EBIMETAGENOMICS:ASSEMBLY_ANALYSIS_PIPELINE:DETECT_RNA:INFERNAL_CMSEARCH (ERZ102),COMPLETED,0,1776012914459,1776012914554,1776012916644,2185,1000,100.1,1.4,230031360,360030208,264224768,395943936,12451346,121158,3284,32,12754944,110592,1,/home/martin/Projects/assembly-analysis-pipeline/work/ab/731f41ed39dab924aceed2119be290,"
    if [ ""true"" == ""true"" ]; then
        gzip -c -d ERZ102_001.fasta.gz > ERZ102_001.fasta
    fi

    cmsearch \
        --cpu 4 \
        --noali --hmmonly -Z 1000 --cut_ga -o /dev/null \
        --tblout ERZ102_001.cmsearch_matches.tbl \
        rfam/*.cm \
        ERZ102_001.fasta

    gzip -n ERZ102_001.cmsearch_matches.tbl

    cat <<-END_VERSIONS > versions.yml
    ""EBIMETAGENOMICS:ASSEMBLY_ANALYSIS_PIPELINE:DETECT_RNA:INFERNAL_CMSEARCH"":
        cmsearch: $(cmsearch -h | grep -o '^# INFERNAL [0-9.]*' | sed 's/^# INFERNAL *//')
        Rfam version: 15
    END_VERSIONS
    ",,,4,12884901888,,3600000,"PYTHONNOUSERSITE=1
R_PROFILE_USER=/.Rprofile
R_ENVIRON_USER=/.Renviron
JULIA_DEPOT_PATH=/usr/local/share/julia
PATH=$PATH:/home/martin/Projects/assembly-analysis-pipeline/bin
",,33,53,,AMD Ryzen 5 5600X 6-Core Processor
irreverent_northcutt,ERZ101,20,5d/8ece6a,53713,SEQKIT_GREP,[],quay.io/biocontainers/seqkit:2.9.0--h9ee0642_0,ERZ101,EBIMETAGENOMICS:ASSEMBLY_ANALYSIS_PIPELINE:ASSEMBLY_QC:ASSEMBLY_DECONTAMINATION:HOST_DECONTAMINATE_CONTIGS:SEQKIT_GREP (ERZ101),COMPLETED,0,1776012916648,1776012916745,1776012917676,1028,0,92.3,0.2,37736448,1278988288,37736448,1278988288,114441,37388,185,22,1056768,40960,1,/home/martin/Projects/assembly-analysis-pipeline/work/5d/8ece6a25f069e601d7b5a064ea0d22,"
    seqkit \
        grep \
        --invert-match \
        --threads 2 \
        -f ERZ101_contaminant.txt \
        input.fasta.gz \
        -o ERZ101_cleaned.fa.gz \

    cat <<-END_VERSIONS > versions.yml
    ""EBIMETAGENOMICS:ASSEMBLY_ANALYSIS_PIPELINE:ASSEMBLY_QC:ASSEMBLY_DECONTAMINATION:HOST_DECONTAMINATE_CONTIGS:SEQKIT_GREP"":
        seqkit: $( seqkit version | sed 's/seqkit v//' )
    END_VERSIONS
    ",,,2,12884901888,,3600000,"PYTHONNOUSERSITE=1
R_PROFILE_USER=/.Rprofile
R_ENVIRON_USER=/.Renviron
JULIA_DEPOT_PATH=/usr/local/share/julia
PATH=$PATH:/home/martin/Projects/assembly-analysis-pipeline/bin
",,38,3,,AMD Ryzen 5 5600X 6-Core Processor
irreverent_northcutt,ERZ102,21,41/7ff326,53959,CMSEARCHTBLOUTDEOVERLAP,[],quay.io/biocontainers/cmsearch_tblout_deoverlap:0.09--pl5321hdfd78af_0,ERZ102,EBIMETAGENOMICS:ASSEMBLY_ANALYSIS_PIPELINE:DETECT_RNA:CMSEARCHTBLOUTDEOVERLAP (ERZ102),COMPLETED,0,1776012917680,1776012917776,1776012918821,1141,0,92.3,0.0,9445376,16310272,9445376,16314368,518542,12310,353,25,4550656,20480,1,/home/martin/Projects/assembly-analysis-pipeline/work/41/7ff326d75c467a10c01b7b5b388f1c,"
    if [ ""true"" == ""true"" ]; then
        gzip -c -d ERZ102_001.cmsearch_matches.tbl.gz > ERZ102_001.cmsearch_matches.tbl
    fi

    cmsearch-deoverlap.pl          --clanin ribo.clan_info         ERZ102_001.cmsearch_matches.tbl

    mv ERZ102_001.cmsearch_matches.tbl.deoverlapped ERZ102_001.tblout.deoverlapped

    cat <<-END_VERSIONS > versions.yml
    ""EBIMETAGENOMICS:ASSEMBLY_ANALYSIS_PIPELINE:DETECT_RNA:CMSEARCHTBLOUTDEOVERLAP"":
        cmsearch_tblout_deoverlap: $(echo $(cmsearch-deoverlap.pl 2>&1) | grep -o 'cmsearch-deoverlap v[0-9]\+\.[0-9]\+' | sed 's/cmsearch-deoverlap //g' )
    END_VERSIONS
    ",,,1,6442450944,,3600000,"PYTHONNOUSERSITE=1
R_PROFILE_USER=/.Rprofile
R_ENVIRON_USER=/.Renviron
JULIA_DEPOT_PATH=/usr/local/share/julia
PATH=$PATH:/home/martin/Projects/assembly-analysis-pipeline/bin
",,27,0,,AMD Ryzen 5 5600X 6-Core Processor
irreverent_northcutt,ERZ101,22,09/728c42,53967,INDEX_AND_PUBLISH_CONTIGS,[],community.wave.seqera.io/library/htslib_samtools_seqkit:8d071a2f3053d830,ERZ101,EBIMETAGENOMICS:ASSEMBLY_ANALYSIS_PIPELINE:ASSEMBLY_QC:INDEX_AND_PUBLISH_CONTIGS (ERZ101),COMPLETED,0,1776012917686,1776012917778,1776012918775,1089,35,120.0,0.0,3715072,4874240,3715072,4874240,544441,265491,334,36,2727936,53248,1,/home/martin/Projects/assembly-analysis-pipeline/work/09/728c4270ad18440879f3c81e930949,"
    NUM_SEQS=$(zcat ERZ101_cleaned.fa.gz | grep -c '^>')

    if [[ $NUM_SEQS -eq 0 ]]; then
        EXIT_REASON=""insufficient_contigs_after_decontamination""
    else
        zcat ERZ101_cleaned.fa.gz | bgzip -@ 1 > ERZ101_filtered_contigs.fasta.gz
        samtools faidx ERZ101_filtered_contigs.fasta.gz
        bgzip -r ERZ101_filtered_contigs.fasta.gz
    fi

    cat <<-END_VERSIONS > versions.yml
    ""EBIMETAGENOMICS:ASSEMBLY_ANALYSIS_PIPELINE:ASSEMBLY_QC:INDEX_AND_PUBLISH_CONTIGS"":
        samtools: $(samtools --version-only)
        bgzip: $(bgzip --version | head -1 | cut -d' ' -f3)
    END_VERSIONS
    ",,,1,6442450944,,3600000,"PYTHONNOUSERSITE=1
R_PROFILE_USER=/.Rprofile
R_ENVIRON_USER=/.Renviron
JULIA_DEPOT_PATH=/usr/local/share/julia
PATH=$PATH:/home/martin/Projects/assembly-analysis-pipeline/bin
",,3,1,,AMD Ryzen 5 5600X 6-Core Processor
irreverent_northcutt,ERZ101,23,bb/b1ea30,54447,SEQKIT_SPLIT2,[],quay.io/biocontainers/seqkit:2.8.1--h9ee0642_0,ERZ101,EBIMETAGENOMICS:ASSEMBLY_ANALYSIS_PIPELINE:DETECT_RNA:SEQKIT_SPLIT2 (ERZ101),COMPLETED,0,1776012918825,1776012918922,1776012919876,1051,0,120.0,0.0,3231744,4497408,3231744,4497408,119717,48071,188,28,2093056,40960,1,/home/martin/Projects/assembly-analysis-pipeline/work/bb/b1ea30064fdf64c4fbb4f7e75237bb,"
    seqkit \
        split2 \
         --by-length 50M --by-length-prefix ERZ101_  \
        --threads 4 \
        ERZ101_filtered_contigs.fasta.gz \
        --out-dir ERZ101

    cat <<-END_VERSIONS > versions.yml
    ""EBIMETAGENOMICS:ASSEMBLY_ANALYSIS_PIPELINE:DETECT_RNA:SEQKIT_SPLIT2"":
        seqkit: $(echo $(seqkit 2>&1) | sed 's/^.*Version: //; s/ .*$//')
    END_VERSIONS
    ",,,4,16106127360,,3600000,"PYTHONNOUSERSITE=1
R_PROFILE_USER=/.Rprofile
R_ENVIRON_USER=/.Renviron
JULIA_DEPOT_PATH=/usr/local/share/julia
PATH=$PATH:/home/martin/Projects/assembly-analysis-pipeline/bin
",,1,0,,AMD Ryzen 5 5600X 6-Core Processor
irreverent_northcutt,ERZ666,27,7b/cdfc18,54684,QUAST,[],quay.io/biocontainers/quast:5.2.0--py39pl5321heaaa4ec_4,ERZ666,EBIMETAGENOMICS:ASSEMBLY_ANALYSIS_PIPELINE:ASSEMBLY_QC:QUAST (ERZ666),COMPLETED,0,1776012919881,1776012919976,1776012923393,3512,2465,118.9,0.6,104652800,1734885376,104652800,1837645824,97481833,3072171,19919,246,118738944,3162112,1,/home/martin/Projects/assembly-analysis-pipeline/work/7b/cdfc188b4affd08ac925d335c43acf,"
    metaquast.py \
        --output-dir ERZ666_quast \
        --threads 4 \
        --max-ref-num 0 --min-contig 0 --space-efficient \
        ERZ666.fasta
    
    gzip ERZ666_quast/report.tsv

    ln -s ERZ666_quast/report.tsv.gz ERZ666_quast.tsv.gz
    [ -f  ERZ666_quast/contigs_reports/all_alignments_transcriptome.tsv ] && ln -s ERZ666_quast/contigs_reports/all_alignments_transcriptome.tsv ERZ666_quast_transcriptome.tsv
    [ -f  ERZ666_quast/contigs_reports/misassemblies_report.tsv         ] && ln -s ERZ666_quast/contigs_reports/misassemblies_report.tsv ERZ666_quast_misassemblies.tsv
    [ -f  ERZ666_quast/contigs_reports/unaligned_report.tsv             ] && ln -s ERZ666_quast/contigs_reports/unaligned_report.tsv ERZ666_quast_unaligned.tsv

    cat <<-END_VERSIONS > versions.yml
    ""EBIMETAGENOMICS:ASSEMBLY_ANALYSIS_PIPELINE:ASSEMBLY_QC:QUAST"":
        quast: $(quast.py --version 2>&1 | sed 's/^.*QUAST v//; s/ .*$//')
    END_VERSIONS
    ",,,4,16106127360,,3600000,"PYTHONNOUSERSITE=1
R_PROFILE_USER=/.Rprofile
R_ENVIRON_USER=/.Renviron
JULIA_DEPOT_PATH=/usr/local/share/julia
PATH=$PATH:/home/martin/Projects/assembly-analysis-pipeline/bin
",,1748,194,,AMD Ryzen 5 5600X 6-Core Processor
irreverent_northcutt,ERZ102,26,c1/72419e,55042,QUAST,[],quay.io/biocontainers/quast:5.2.0--py39pl5321heaaa4ec_4,ERZ102,EBIMETAGENOMICS:ASSEMBLY_ANALYSIS_PIPELINE:ASSEMBLY_QC:QUAST (ERZ102),COMPLETED,0,1776012923397,1776012923494,1776012926923,3526,2470,167.0,0.8,145543168,3525255168,145543168,3525255168,129984170,3301219,26649,331,229376,3383296,1,/home/martin/Projects/assembly-analysis-pipeline/work/c1/72419eda7385c9d876ac2bbd620ce6,"
    metaquast.py \
        --output-dir ERZ102_quast \
        --threads 4 \
        --max-ref-num 0 --min-contig 0 --space-efficient \
        ERZ102.fasta ERZ102_filtered_contigs.fasta.gz
    
    gzip ERZ102_quast/report.tsv

    ln -s ERZ102_quast/report.tsv.gz ERZ102_quast.tsv.gz
    [ -f  ERZ102_quast/contigs_reports/all_alignments_transcriptome.tsv ] && ln -s ERZ102_quast/contigs_reports/all_alignments_transcriptome.tsv ERZ102_quast_transcriptome.tsv
    [ -f  ERZ102_quast/contigs_reports/misassemblies_report.tsv         ] && ln -s ERZ102_quast/contigs_reports/misassemblies_report.tsv ERZ102_quast_misassemblies.tsv
    [ -f  ERZ102_quast/contigs_reports/unaligned_report.tsv             ] && ln -s ERZ102_quast/contigs_reports/unaligned_report.tsv ERZ102_quast_unaligned.tsv

    cat <<-END_VERSIONS > versions.yml
    ""EBIMETAGENOMICS:ASSEMBLY_ANALYSIS_PIPELINE:ASSEMBLY_QC:QUAST"":
        quast: $(quast.py --version 2>&1 | sed 's/^.*QUAST v//; s/ .*$//')
    END_VERSIONS
    ",,,4,16106127360,,3600000,"PYTHONNOUSERSITE=1
R_PROFILE_USER=/.Rprofile
R_ENVIRON_USER=/.Renviron
JULIA_DEPOT_PATH=/usr/local/share/julia
PATH=$PATH:/home/martin/Projects/assembly-analysis-pipeline/bin
",,63,120,,AMD Ryzen 5 5600X 6-Core Processor
irreverent_northcutt,ERZ101,24,e1/9a8303,55473,QUAST,[],quay.io/biocontainers/quast:5.2.0--py39pl5321heaaa4ec_4,ERZ101,EBIMETAGENOMICS:ASSEMBLY_ANALYSIS_PIPELINE:ASSEMBLY_QC:QUAST (ERZ101),COMPLETED,0,1776012926927,1776012927023,1776012930417,3490,2443,167.6,0.8,147750912,3528126464,147750912,3528126464,130366526,3340158,26722,336,172032,3424256,1,/home/martin/Projects/assembly-analysis-pipeline/work/e1/9a830344c486e6228fe248637d9d80,"
    metaquast.py \
        --output-dir ERZ101_quast \
        --threads 4 \
        --max-ref-num 0 --min-contig 0 --space-efficient \
        ERZ101.fasta ERZ101_filtered_contigs.fasta.gz
    
    gzip ERZ101_quast/report.tsv

    ln -s ERZ101_quast/report.tsv.gz ERZ101_quast.tsv.gz
    [ -f  ERZ101_quast/contigs_reports/all_alignments_transcriptome.tsv ] && ln -s ERZ101_quast/contigs_reports/all_alignments_transcriptome.tsv ERZ101_quast_transcriptome.tsv
    [ -f  ERZ101_quast/contigs_reports/misassemblies_report.tsv         ] && ln -s ERZ101_quast/contigs_reports/misassemblies_report.tsv ERZ101_quast_misassemblies.tsv
    [ -f  ERZ101_quast/contigs_reports/unaligned_report.tsv             ] && ln -s ERZ101_quast/contigs_reports/unaligned_report.tsv ERZ101_quast_unaligned.tsv

    cat <<-END_VERSIONS > versions.yml
    ""EBIMETAGENOMICS:ASSEMBLY_ANALYSIS_PIPELINE:ASSEMBLY_QC:QUAST"":
        quast: $(quast.py --version 2>&1 | sed 's/^.*QUAST v//; s/ .*$//')
    END_VERSIONS
    ",,,4,16106127360,,3600000,"PYTHONNOUSERSITE=1
R_PROFILE_USER=/.Rprofile
R_ENVIRON_USER=/.Renviron
JULIA_DEPOT_PATH=/usr/local/share/julia
PATH=$PATH:/home/martin/Projects/assembly-analysis-pipeline/bin
",,60,353,,AMD Ryzen 5 5600X 6-Core Processor
irreverent_northcutt,ERZ999,25,a3/299fc4,55901,QUAST,[],quay.io/biocontainers/quast:5.2.0--py39pl5321heaaa4ec_4,ERZ999,EBIMETAGENOMICS:ASSEMBLY_ANALYSIS_PIPELINE:ASSEMBLY_QC:QUAST (ERZ999),COMPLETED,0,1776012930421,1776012930517,1776012933654,3233,2191,128.6,0.5,88772608,1721593856,89440256,1837645824,98738562,3067370,20231,246,1527808,3219456,1,/home/martin/Projects/assembly-analysis-pipeline/work/a3/299fc441c448c10509ceb6e3eee576,"
    metaquast.py \
        --output-dir ERZ999_quast \
        --threads 4 \
        --max-ref-num 0 --min-contig 0 --space-efficient \
        ERZ999.fasta
    
    gzip ERZ999_quast/report.tsv

    ln -s ERZ999_quast/report.tsv.gz ERZ999_quast.tsv.gz
    [ -f  ERZ999_quast/contigs_reports/all_alignments_transcriptome.tsv ] && ln -s ERZ999_quast/contigs_reports/all_alignments_transcriptome.tsv ERZ999_quast_transcriptome.tsv
    [ -f  ERZ999_quast/contigs_reports/misassemblies_report.tsv         ] && ln -s ERZ999_quast/contigs_reports/misassemblies_report.tsv ERZ999_quast_misassemblies.tsv
    [ -f  ERZ999_quast/contigs_reports/unaligned_report.tsv             ] && ln -s ERZ999_quast/contigs_reports/unaligned_report.tsv ERZ999_quast_unaligned.tsv

    cat <<-END_VERSIONS > versions.yml
    ""EBIMETAGENOMICS:ASSEMBLY_ANALYSIS_PIPELINE:ASSEMBLY_QC:QUAST"":
        quast: $(quast.py --version 2>&1 | sed 's/^.*QUAST v//; s/ .*$//')
    END_VERSIONS
    ",,,4,16106127360,,3600000,"PYTHONNOUSERSITE=1
R_PROFILE_USER=/.Rprofile
R_ENVIRON_USER=/.Renviron
JULIA_DEPOT_PATH=/usr/local/share/julia
PATH=$PATH:/home/martin/Projects/assembly-analysis-pipeline/bin
",,24,72,,AMD Ryzen 5 5600X 6-Core Processor
irreverent_northcutt,ERZ101,28,c9/0c1c9d,56336,INFERNAL_CMSEARCH,[],quay.io/biocontainers/infernal:1.1.5--pl5321h031d066_1,ERZ101,EBIMETAGENOMICS:ASSEMBLY_ANALYSIS_PIPELINE:DETECT_RNA:INFERNAL_CMSEARCH (ERZ101),COMPLETED,0,1776012933657,1776012933755,1776012935946,2289,1000,99.3,1.5,251027456,395677696,251027456,395677696,12693753,139378,3338,33,9957376,131072,1,/home/martin/Projects/assembly-analysis-pipeline/work/c9/0c1c9d1cc393f2855c2e070b02eaa2,"
    if [ ""true"" == ""true"" ]; then
        gzip -c -d ERZ101_001.fasta.gz > ERZ101_001.fasta
    fi

    cmsearch \
        --cpu 4 \
        --noali --hmmonly -Z 1000 --cut_ga -o /dev/null \
        --tblout ERZ101_001.cmsearch_matches.tbl \
        rfam/*.cm \
        ERZ101_001.fasta

    gzip -n ERZ101_001.cmsearch_matches.tbl

    cat <<-END_VERSIONS > versions.yml
    ""EBIMETAGENOMICS:ASSEMBLY_ANALYSIS_PIPELINE:DETECT_RNA:INFERNAL_CMSEARCH"":
        cmsearch: $(cmsearch -h | grep -o '^# INFERNAL [0-9.]*' | sed 's/^# INFERNAL *//')
        Rfam version: 15
    END_VERSIONS
    ",,,4,12884901888,,3600000,"PYTHONNOUSERSITE=1
R_PROFILE_USER=/.Rprofile
R_ENVIRON_USER=/.Renviron
JULIA_DEPOT_PATH=/usr/local/share/julia
PATH=$PATH:/home/martin/Projects/assembly-analysis-pipeline/bin
",,42,45,,AMD Ryzen 5 5600X 6-Core Processor
irreverent_northcutt,ERZ101,29,b7/90a515,56679,FIND_UNPIGZ,[],community.wave.seqera.io/library/findutils_pigz:c4dd5edc44402661,ERZ101,EBIMETAGENOMICS:ASSEMBLY_ANALYSIS_PIPELINE:FIND_UNPIGZ (ERZ101),COMPLETED,0,1776012935950,1776012936046,1776012937030,1080,21,66.7,0.0,4403200,5402624,4403200,5402624,158185,1744,424,25,950272,16384,1,/home/martin/Projects/assembly-analysis-pipeline/work/b7/90a5150e159364d51f07ed04b8137b,"
    mkdir -p ungzipped
    while IFS= read -r -d $'\0' file; do
        unpigz \
             \
            -cd \
            --processes 4 \
            $file \
            > ungzipped/$( basename $file .gz )
    done < <( find gzipped/ -name '*.gz' -print0 )

    cat <<-END_VERSIONS > versions.yml
    ""EBIMETAGENOMICS:ASSEMBLY_ANALYSIS_PIPELINE:FIND_UNPIGZ"":
        find: $( find --version | sed '1!d; s/.* //' )
        pigz: $( pigz --version 2>&1 | sed 's/pigz //g' )
    END_VERSIONS
    ",,,4,16106127360,,3600000,"PYTHONNOUSERSITE=1
R_PROFILE_USER=/.Rprofile
R_ENVIRON_USER=/.Renviron
JULIA_DEPOT_PATH=/usr/local/share/julia
PATH=$PATH:/home/martin/Projects/assembly-analysis-pipeline/bin
",,3,0,,AMD Ryzen 5 5600X 6-Core Processor
irreverent_northcutt,ERZ102,30,19/a4b802,56908,FIND_UNPIGZ,[],community.wave.seqera.io/library/findutils_pigz:c4dd5edc44402661,ERZ102,EBIMETAGENOMICS:ASSEMBLY_ANALYSIS_PIPELINE:FIND_UNPIGZ (ERZ102),COMPLETED,0,1776012937034,1776012937130,1776012938132,1098,15,92.3,0.0,4263936,5402624,4263936,5402624,147398,1592,359,23,12288,12288,1,/home/martin/Projects/assembly-analysis-pipeline/work/19/a4b8027675a7eae9a9dd495f4172a7,"
    mkdir -p ungzipped
    while IFS= read -r -d $'\0' file; do
        unpigz \
             \
            -cd \
            --processes 4 \
            $file \
            > ungzipped/$( basename $file .gz )
    done < <( find gzipped/ -name '*.gz' -print0 )

    cat <<-END_VERSIONS > versions.yml
    ""EBIMETAGENOMICS:ASSEMBLY_ANALYSIS_PIPELINE:FIND_UNPIGZ"":
        find: $( find --version | sed '1!d; s/.* //' )
        pigz: $( pigz --version 2>&1 | sed 's/pigz //g' )
    END_VERSIONS
    ",,,4,16106127360,,3600000,"PYTHONNOUSERSITE=1
R_PROFILE_USER=/.Rprofile
R_ENVIRON_USER=/.Renviron
JULIA_DEPOT_PATH=/usr/local/share/julia
PATH=$PATH:/home/martin/Projects/assembly-analysis-pipeline/bin
",,3,0,,AMD Ryzen 5 5600X 6-Core Processor
irreverent_northcutt,ERZ999,32,4a/cd4100,57181,FIND_UNPIGZ,[],community.wave.seqera.io/library/findutils_pigz:c4dd5edc44402661,ERZ999,EBIMETAGENOMICS:ASSEMBLY_ANALYSIS_PIPELINE:FIND_UNPIGZ (ERZ999),COMPLETED,0,1776012938135,1776012938233,1776012939213,1078,13,104.3,0.0,4251648,5402624,4251648,5402624,136608,1342,300,21,0,8192,1,/home/martin/Projects/assembly-analysis-pipeline/work/4a/cd4100ce66412972e814f95509cc22,"
    mkdir -p ungzipped
    while IFS= read -r -d $'\0' file; do
        unpigz \
             \
            -cd \
            --processes 4 \
            $file \
            > ungzipped/$( basename $file .gz )
    done < <( find gzipped/ -name '*.gz' -print0 )

    cat <<-END_VERSIONS > versions.yml
    ""EBIMETAGENOMICS:ASSEMBLY_ANALYSIS_PIPELINE:FIND_UNPIGZ"":
        find: $( find --version | sed '1!d; s/.* //' )
        pigz: $( pigz --version 2>&1 | sed 's/pigz //g' )
    END_VERSIONS
    ",,,4,16106127360,,3600000,"PYTHONNOUSERSITE=1
R_PROFILE_USER=/.Rprofile
R_ENVIRON_USER=/.Renviron
JULIA_DEPOT_PATH=/usr/local/share/julia
PATH=$PATH:/home/martin/Projects/assembly-analysis-pipeline/bin
",,3,0,,AMD Ryzen 5 5600X 6-Core Processor
irreverent_northcutt,ERZ666,31,5a/7ca7c0,57422,FIND_UNPIGZ,[],community.wave.seqera.io/library/findutils_pigz:c4dd5edc44402661,ERZ666,EBIMETAGENOMICS:ASSEMBLY_ANALYSIS_PIPELINE:FIND_UNPIGZ (ERZ666),COMPLETED,0,1776012939216,1776012939314,1776012940294,1078,13,100.0,0.0,4149248,5402624,4149248,5402624,136659,1335,300,21,0,8192,1,/home/martin/Projects/assembly-analysis-pipeline/work/5a/7ca7c038e7baeb51d6dba6c3b1847a,"
    mkdir -p ungzipped
    while IFS= read -r -d $'\0' file; do
        unpigz \
             \
            -cd \
            --processes 4 \
            $file \
            > ungzipped/$( basename $file .gz )
    done < <( find gzipped/ -name '*.gz' -print0 )

    cat <<-END_VERSIONS > versions.yml
    ""EBIMETAGENOMICS:ASSEMBLY_ANALYSIS_PIPELINE:FIND_UNPIGZ"":
        find: $( find --version | sed '1!d; s/.* //' )
        pigz: $( pigz --version 2>&1 | sed 's/pigz //g' )
    END_VERSIONS
    ",,,4,16106127360,,3600000,"PYTHONNOUSERSITE=1
R_PROFILE_USER=/.Rprofile
R_ENVIRON_USER=/.Renviron
JULIA_DEPOT_PATH=/usr/local/share/julia
PATH=$PATH:/home/martin/Projects/assembly-analysis-pipeline/bin
",,3,5,,AMD Ryzen 5 5600X 6-Core Processor
irreverent_northcutt,ERZ101,33,8d/ef1a2f,57659,CMSEARCHTBLOUTDEOVERLAP,[],quay.io/biocontainers/cmsearch_tblout_deoverlap:0.09--pl5321hdfd78af_0,ERZ101,EBIMETAGENOMICS:ASSEMBLY_ANALYSIS_PIPELINE:DETECT_RNA:CMSEARCHTBLOUTDEOVERLAP (ERZ101),COMPLETED,0,1776012940299,1776012940394,1776012941408,1109,0,105.3,0.0,10354688,17272832,10354688,17276928,518543,12311,353,25,1359872,20480,1,/home/martin/Projects/assembly-analysis-pipeline/work/8d/ef1a2fa7192c460efe47c2524f7ca3,"
    if [ ""true"" == ""true"" ]; then
        gzip -c -d ERZ101_001.cmsearch_matches.tbl.gz > ERZ101_001.cmsearch_matches.tbl
    fi

    cmsearch-deoverlap.pl          --clanin ribo.clan_info         ERZ101_001.cmsearch_matches.tbl

    mv ERZ101_001.cmsearch_matches.tbl.deoverlapped ERZ101_001.tblout.deoverlapped

    cat <<-END_VERSIONS > versions.yml
    ""EBIMETAGENOMICS:ASSEMBLY_ANALYSIS_PIPELINE:DETECT_RNA:CMSEARCHTBLOUTDEOVERLAP"":
        cmsearch_tblout_deoverlap: $(echo $(cmsearch-deoverlap.pl 2>&1) | grep -o 'cmsearch-deoverlap v[0-9]\+\.[0-9]\+' | sed 's/cmsearch-deoverlap //g' )
    END_VERSIONS
    ",,,1,6442450944,,3600000,"PYTHONNOUSERSITE=1
R_PROFILE_USER=/.Rprofile
R_ENVIRON_USER=/.Renviron
JULIA_DEPOT_PATH=/usr/local/share/julia
PATH=$PATH:/home/martin/Projects/assembly-analysis-pipeline/bin
",,6,5,,AMD Ryzen 5 5600X 6-Core Processor
irreverent_northcutt,ERZ101,35,93/c8bb99,57893,CONCATENATE_CMSEARCH_DEOVERLAP,[],quay.io/biocontainers/pigz:2.3.4,ERZ101,EBIMETAGENOMICS:ASSEMBLY_ANALYSIS_PIPELINE:DETECT_RNA:CONCATENATE_CMSEARCH_DEOVERLAP (ERZ101),COMPLETED,0,1776012941421,1776012941509,1776012943526,2105,0,66.7,0.0,2998272,11583488,2998272,11587584,40187,983,140,17,1593344,12288,1,/home/martin/Projects/assembly-analysis-pipeline/work/93/c8bb99ff7ab1df7f245c1aac281ff4,"
    cat \
         \
        ERZ101_001.tblout.deoverlapped \
         \
        > ERZ101_detect_rna_cmsearch_matches

    cat <<-END_VERSIONS > versions.yml
    ""EBIMETAGENOMICS:ASSEMBLY_ANALYSIS_PIPELINE:DETECT_RNA:CONCATENATE_CMSEARCH_DEOVERLAP"":
        pigz: $( pigz --version 2>&1 | sed 's/pigz //g' )
    END_VERSIONS
    ",,,2,12884901888,,3600000,"PYTHONNOUSERSITE=1
R_PROFILE_USER=/.Rprofile
R_ENVIRON_USER=/.Renviron
JULIA_DEPOT_PATH=/usr/local/share/julia
PATH=$PATH:/home/martin/Projects/assembly-analysis-pipeline/bin
",,2,0,,AMD Ryzen 5 5600X 6-Core Processor
irreverent_northcutt,ERZ102,34,28/743b1f,58124,CONCATENATE_CMSEARCH_DEOVERLAP,[],quay.io/biocontainers/pigz:2.3.4,ERZ102,EBIMETAGENOMICS:ASSEMBLY_ANALYSIS_PIPELINE:DETECT_RNA:CONCATENATE_CMSEARCH_DEOVERLAP (ERZ102),COMPLETED,0,1776012943530,1776012943626,1776012945580,2050,0,0.0,0.0,3010560,11583488,3010560,11587584,40164,965,140,17,0,12288,1,/home/martin/Projects/assembly-analysis-pipeline/work/28/743b1fa38c473816c5088144dec069,"
    cat \
         \
        ERZ102_001.tblout.deoverlapped \
         \
        > ERZ102_detect_rna_cmsearch_matches

    cat <<-END_VERSIONS > versions.yml
    ""EBIMETAGENOMICS:ASSEMBLY_ANALYSIS_PIPELINE:DETECT_RNA:CONCATENATE_CMSEARCH_DEOVERLAP"":
        pigz: $( pigz --version 2>&1 | sed 's/pigz //g' )
    END_VERSIONS
    ",,,2,12884901888,,3600000,"PYTHONNOUSERSITE=1
R_PROFILE_USER=/.Rprofile
R_ENVIRON_USER=/.Renviron
JULIA_DEPOT_PATH=/usr/local/share/julia
PATH=$PATH:/home/martin/Projects/assembly-analysis-pipeline/bin
",,2,0,,AMD Ryzen 5 5600X 6-Core Processor
irreverent_northcutt,ERZ101,36,4d/656da4,58405,EASEL_ESLSFETCH,[],quay.io/biocontainers/easel:0.49--h031d066_0,ERZ101,EBIMETAGENOMICS:ASSEMBLY_ANALYSIS_PIPELINE:DETECT_RNA:EASEL_ESLSFETCH (ERZ101),COMPLETED,0,1776012945585,1776012945680,1776012946694,1109,0,126.3,0.0,3424256,5648384,3424256,5652480,319958,123268,274,32,286720,139264,1,/home/martin/Projects/assembly-analysis-pipeline/work/4d/656da4f7e2525666a2ee023aa566c8,"

    if [ ""true"" == ""true"" ]; then
        gzip -c -d ERZ101_filtered_contigs.fasta.gz > ERZ101_filtered_contigs.fasta
    fi

    awk \
        '{print $1""-""$3""/""$8""-""$9"" ""$8"" ""$9"" ""$1}' \
        ERZ101_detect_rna_cmsearch_matches \
        > ERZ101.matched_seqs_with_coords.txt

    esl-sfetch \
        --index \
        ERZ101_filtered_contigs.fasta

    esl-sfetch \
        -Cf \
        ERZ101_filtered_contigs.fasta \
        ERZ101.matched_seqs_with_coords.txt \
        > ERZ101_easel_coords.fasta

    cat <<-END_VERSIONS > versions.yml
    ""EBIMETAGENOMICS:ASSEMBLY_ANALYSIS_PIPELINE:DETECT_RNA:EASEL_ESLSFETCH"":
        easel: $(esl-sfetch -h | grep -o '^# Easel [0-9.]*' | sed 's/^# Easel *//')
    END_VERSIONS
    ",,,1,6442450944,,3600000,"PYTHONNOUSERSITE=1
R_PROFILE_USER=/.Rprofile
R_ENVIRON_USER=/.Renviron
JULIA_DEPOT_PATH=/usr/local/share/julia
PATH=$PATH:/home/martin/Projects/assembly-analysis-pipeline/bin
",,2,0,,AMD Ryzen 5 5600X 6-Core Processor
irreverent_northcutt,ERZ102,37,96/74110a,58407,EASEL_ESLSFETCH,[],quay.io/biocontainers/easel:0.49--h031d066_0,ERZ102,EBIMETAGENOMICS:ASSEMBLY_ANALYSIS_PIPELINE:DETECT_RNA:EASEL_ESLSFETCH (ERZ102),COMPLETED,0,1776012945588,1776012945681,1776012946704,1116,0,114.3,0.0,3391488,5648384,3391488,5652480,300829,105088,269,32,32768,118784,1,/home/martin/Projects/assembly-analysis-pipeline/work/96/74110a3e565a5b6d3b67defbf35c2b,"

    if [ ""true"" == ""true"" ]; then
        gzip -c -d ERZ102_filtered_contigs.fasta.gz > ERZ102_filtered_contigs.fasta
    fi

    awk \
        '{print $1""-""$3""/""$8""-""$9"" ""$8"" ""$9"" ""$1}' \
        ERZ102_detect_rna_cmsearch_matches \
        > ERZ102.matched_seqs_with_coords.txt

    esl-sfetch \
        --index \
        ERZ102_filtered_contigs.fasta

    esl-sfetch \
        -Cf \
        ERZ102_filtered_contigs.fasta \
        ERZ102.matched_seqs_with_coords.txt \
        > ERZ102_easel_coords.fasta

    cat <<-END_VERSIONS > versions.yml
    ""EBIMETAGENOMICS:ASSEMBLY_ANALYSIS_PIPELINE:DETECT_RNA:EASEL_ESLSFETCH"":
        easel: $(esl-sfetch -h | grep -o '^# Easel [0-9.]*' | sed 's/^# Easel *//')
    END_VERSIONS
    ",,,1,6442450944,,3600000,"PYTHONNOUSERSITE=1
R_PROFILE_USER=/.Rprofile
R_ENVIRON_USER=/.Renviron
JULIA_DEPOT_PATH=/usr/local/share/julia
PATH=$PATH:/home/martin/Projects/assembly-analysis-pipeline/bin
",,2,1,,AMD Ryzen 5 5600X 6-Core Processor
irreverent_northcutt,ERZ101,38,69/621ae7,58857,EXTRACTCOORDS,[],quay.io/biocontainers/mgnify-pipelines-toolkit:1.2.11--pyhdfd78af_0,ERZ101,EBIMETAGENOMICS:ASSEMBLY_ANALYSIS_PIPELINE:DETECT_RNA:EXTRACTCOORDS (ERZ101),COMPLETED,0,1776012946707,1776012946805,1776012948459,1752,1000,122.8,0.0,11702272,17465344,11702272,17465344,15380023,5668,1448,23,38330368,20480,1,/home/martin/Projects/assembly-analysis-pipeline/work/69/621ae7ccc131df8a8048400aa6dc06,"
    get_subunits -i ERZ101_easel_coords.fasta -n ERZ101 

    get_subunits_coords -i ERZ101_detect_rna_cmsearch_matches -s SSU -l LSU

    cat SSU_coords LSU_coords > ERZ101_concat_SSU_LSU_coords.txt

    cat <<-END_VERSIONS > versions.yml
    ""EBIMETAGENOMICS:ASSEMBLY_ANALYSIS_PIPELINE:DETECT_RNA:EXTRACTCOORDS"":
        mgnify-pipelines-toolkit: $(get_mpt_version)
    END_VERSIONS
    ",,,1,6442450944,,3600000,"PYTHONNOUSERSITE=1
R_PROFILE_USER=/.Rprofile
R_ENVIRON_USER=/.Renviron
JULIA_DEPOT_PATH=/usr/local/share/julia
PATH=$PATH:/home/martin/Projects/assembly-analysis-pipeline/bin
",,42,1,,AMD Ryzen 5 5600X 6-Core Processor
irreverent_northcutt,ERZ102,39,11/d30109,58867,EXTRACTCOORDS,[],quay.io/biocontainers/mgnify-pipelines-toolkit:1.2.11--pyhdfd78af_0,ERZ102,EBIMETAGENOMICS:ASSEMBLY_ANALYSIS_PIPELINE:DETECT_RNA:EXTRACTCOORDS (ERZ102),COMPLETED,0,1776012946714,1776012946806,1776012948450,1736,1000,133.8,0.1,12361728,17641472,12361728,17883136,15379997,5650,1448,23,35405824,20480,1,/home/martin/Projects/assembly-analysis-pipeline/work/11/d3010932b2508f93ee966a5a69c5a1,"
    get_subunits -i ERZ102_easel_coords.fasta -n ERZ102 

    get_subunits_coords -i ERZ102_detect_rna_cmsearch_matches -s SSU -l LSU

    cat SSU_coords LSU_coords > ERZ102_concat_SSU_LSU_coords.txt

    cat <<-END_VERSIONS > versions.yml
    ""EBIMETAGENOMICS:ASSEMBLY_ANALYSIS_PIPELINE:DETECT_RNA:EXTRACTCOORDS"":
        mgnify-pipelines-toolkit: $(get_mpt_version)
    END_VERSIONS
    ",,,1,6442450944,,3600000,"PYTHONNOUSERSITE=1
R_PROFILE_USER=/.Rprofile
R_ENVIRON_USER=/.Renviron
JULIA_DEPOT_PATH=/usr/local/share/julia
PATH=$PATH:/home/martin/Projects/assembly-analysis-pipeline/bin
",,34,2,,AMD Ryzen 5 5600X 6-Core Processor
irreverent_northcutt,ERZ102,41,b4/c7dbe9,59314,PYRODIGAL,[],quay.io/biocontainers/mulled-v2-2fe9a8ce513c91df34b43a6610df94c3a2eb3bd0:da1134ad604a59a6f439bdcc3f6df690eba47e9a-0,ERZ102,EBIMETAGENOMICS:ASSEMBLY_ANALYSIS_PIPELINE:COMBINED_GENE_CALLER:PYRODIGAL (ERZ102),COMPLETED,0,1776012948467,1776012948559,1776012949982,1515,0,116.3,0.1,15867904,106246144,15867904,164962304,9055451,777358,1026,106,33312768,696320,1,/home/martin/Projects/assembly-analysis-pipeline/work/b4/c7dbe956fe761328beabca4bb34c84,"
    pigz -cdf ERZ102_filtered_contigs.fasta.gz | pyrodigal \
        -j 4 \
        -p meta \
        -f gff \
        -o ""ERZ102.gff"" \
        -d ERZ102.fna \
        -a ERZ102.faa \
        -s ERZ102.score

    pigz -nmf ERZ102*

    cat <<-END_VERSIONS > versions.yml
    ""EBIMETAGENOMICS:ASSEMBLY_ANALYSIS_PIPELINE:COMBINED_GENE_CALLER:PYRODIGAL"":
        pyrodigal: $(echo $(pyrodigal --version 2>&1 | sed 's/pyrodigal v//'))
    END_VERSIONS
    ",,,4,16106127360,,3600000,"PYTHONNOUSERSITE=1
R_PROFILE_USER=/.Rprofile
R_ENVIRON_USER=/.Renviron
JULIA_DEPOT_PATH=/usr/local/share/julia
PATH=$PATH:/home/martin/Projects/assembly-analysis-pipeline/bin
",,50,6,,AMD Ryzen 5 5600X 6-Core Processor
irreverent_northcutt,ERZ102,40,8c/d1082b,59602,FRAGGENESCANRS,[],quay.io/biocontainers/frag_gene_scan_rs:1.1.0--h4349ce8_0,ERZ102,EBIMETAGENOMICS:ASSEMBLY_ANALYSIS_PIPELINE:COMBINED_GENE_CALLER:FRAGGENESCANRS (ERZ102),COMPLETED,0,1776012949986,1776012950082,1776012951077,1091,0,95.2,0.1,20021248,26050560,20021248,26050560,458773,367008,275,62,8314880,196608,1,/home/martin/Projects/assembly-analysis-pipeline/work/8c/d1082b4298e472bb0e1461d087312b,"
    zcat ERZ102_filtered_contigs.fasta.gz | FragGeneScanRs \
         \
        --training-file illumina_5 \
        --thread-num 4 \
        --output-prefix ERZ102

    gzip *.{ffn,faa,out,gff}

    cat <<-END_VERSIONS > versions.yml
    ""EBIMETAGENOMICS:ASSEMBLY_ANALYSIS_PIPELINE:COMBINED_GENE_CALLER:FRAGGENESCANRS"":
        FragGeneScanRs: $(FragGeneScanRs --version | sed 's/FragGeneScanRs //')
    END_VERSIONS
    ",,,4,16106127360,,3600000,"PYTHONNOUSERSITE=1
R_PROFILE_USER=/.Rprofile
R_ENVIRON_USER=/.Renviron
JULIA_DEPOT_PATH=/usr/local/share/julia
PATH=$PATH:/home/martin/Projects/assembly-analysis-pipeline/bin
",,10,13,,AMD Ryzen 5 5600X 6-Core Processor
irreverent_northcutt,ERZ101,43,1a/0f748b,59879,PYRODIGAL,[],quay.io/biocontainers/mulled-v2-2fe9a8ce513c91df34b43a6610df94c3a2eb3bd0:da1134ad604a59a6f439bdcc3f6df690eba47e9a-0,ERZ101,EBIMETAGENOMICS:ASSEMBLY_ANALYSIS_PIPELINE:COMBINED_GENE_CALLER:PYRODIGAL (ERZ101),COMPLETED,0,1776012951081,1776012951177,1776012952519,1438,1000,132.1,0.1,18243584,110952448,18243584,169668608,9181014,923768,1030,120,385024,831488,1,/home/martin/Projects/assembly-analysis-pipeline/work/1a/0f748bf1a924eed6c3955b7f592704,"
    pigz -cdf ERZ101_filtered_contigs.fasta.gz | pyrodigal \
        -j 4 \
        -p meta \
        -f gff \
        -o ""ERZ101.gff"" \
        -d ERZ101.fna \
        -a ERZ101.faa \
        -s ERZ101.score

    pigz -nmf ERZ101*

    cat <<-END_VERSIONS > versions.yml
    ""EBIMETAGENOMICS:ASSEMBLY_ANALYSIS_PIPELINE:COMBINED_GENE_CALLER:PYRODIGAL"":
        pyrodigal: $(echo $(pyrodigal --version 2>&1 | sed 's/pyrodigal v//'))
    END_VERSIONS
    ",,,4,16106127360,,3600000,"PYTHONNOUSERSITE=1
R_PROFILE_USER=/.Rprofile
R_ENVIRON_USER=/.Renviron
JULIA_DEPOT_PATH=/usr/local/share/julia
PATH=$PATH:/home/martin/Projects/assembly-analysis-pipeline/bin
",,7,5,,AMD Ryzen 5 5600X 6-Core Processor
irreverent_northcutt,ERZ101,42,84/86cfa9,60158,FRAGGENESCANRS,[],quay.io/biocontainers/frag_gene_scan_rs:1.1.0--h4349ce8_0,ERZ101,EBIMETAGENOMICS:ASSEMBLY_ANALYSIS_PIPELINE:COMBINED_GENE_CALLER:FRAGGENESCANRS (ERZ101),COMPLETED,0,1776012952522,1776012952619,1776012953634,1112,0,102.3,0.1,20938752,26050560,20938752,26050560,521890,429625,280,66,741376,217088,1,/home/martin/Projects/assembly-analysis-pipeline/work/84/86cfa967359745b15a14f221be00d4,"
    zcat ERZ101_filtered_contigs.fasta.gz | FragGeneScanRs \
         \
        --training-file illumina_5 \
        --thread-num 4 \
        --output-prefix ERZ101

    gzip *.{ffn,faa,out,gff}

    cat <<-END_VERSIONS > versions.yml
    ""EBIMETAGENOMICS:ASSEMBLY_ANALYSIS_PIPELINE:COMBINED_GENE_CALLER:FRAGGENESCANRS"":
        FragGeneScanRs: $(FragGeneScanRs --version | sed 's/FragGeneScanRs //')
    END_VERSIONS
    ",,,4,16106127360,,3600000,"PYTHONNOUSERSITE=1
R_PROFILE_USER=/.Rprofile
R_ENVIRON_USER=/.Renviron
JULIA_DEPOT_PATH=/usr/local/share/julia
PATH=$PATH:/home/martin/Projects/assembly-analysis-pipeline/bin
",,7,9,,AMD Ryzen 5 5600X 6-Core Processor
irreverent_northcutt,ERZ102,44,3e/e84fd1,60435,COMBINEDGENECALLER_MERGE,[],quay.io/microbiome-informatics/mgnify-pipelines-toolkit:1.4.17,ERZ102,EBIMETAGENOMICS:ASSEMBLY_ANALYSIS_PIPELINE:COMBINED_GENE_CALLER:COMBINEDGENECALLER_MERGE (ERZ102),COMPLETED,0,1776012953640,1776012953735,1776012955058,1418,311,194.2,0.0,3547136,4616192,3547136,4616192,9615886,453975,1115,56,12029952,487424,1,/home/martin/Projects/assembly-analysis-pipeline/work/3e/e84fd18e714076fa82dfb6fcd9d9c4,"
    if [ ""true"" == ""true"" ]; then
        gzip -d -c pyrodigal/ERZ102.gff.gz > pyrodigal/ERZ102.gff
    fi
    if [ ""true"" == ""true"" ]; then
        gzip -d -c pyrodigal/ERZ102.fna.gz > pyrodigal/ERZ102.fna
    fi
    if [ ""true"" == ""true"" ]; then
        gzip -d -c pyrodigal/ERZ102.faa.gz > pyrodigal/ERZ102.faa
    fi
    if [ ""true"" == ""true"" ]; then
        gzip -d -c fgsrs/ERZ102.gff.gz > fgsrs/ERZ102.gff
    fi
    if [ ""true"" == ""true"" ]; then
        gzip -d -c fgsrs/ERZ102.ffn.gz > fgsrs/ERZ102.ffn
    fi
    if [ ""true"" == ""true"" ]; then
        gzip -d -c fgsrs/ERZ102.faa.gz > fgsrs/ERZ102.faa
    fi
    if [[ ""false"" == ""true"" ]]; then
        gunzip ERZ102_concat_SSU_LSU_coords.txt
    fi

    combined_gene_caller_merge \
        --priority Pyrodigal_FragGeneScanRS \
        -n ERZ102 \
        --pyrodigal-gff pyrodigal/ERZ102.gff \
        --pyrodigal-ffn pyrodigal/ERZ102.fna \
        --pyrodigal-faa pyrodigal/ERZ102.faa \
        --fgsrs-gff fgsrs/ERZ102.gff \
        --fgsrs-ffn fgsrs/ERZ102.ffn \
        --fgsrs-faa fgsrs/ERZ102.faa --mask ERZ102_concat_SSU_LSU_coords.txt  \
        --pyrodigal-version 3.6.3  \
        --fgsrs-version 1.1.0 

    gzip -n ERZ102.{faa,ffn,gff}

    cat <<-END_VERSIONS > versions.yml
    ""EBIMETAGENOMICS:ASSEMBLY_ANALYSIS_PIPELINE:COMBINED_GENE_CALLER:COMBINEDGENECALLER_MERGE"":
         mgnify-pipelines-toolkit: $(get_mpt_version)
    END_VERSIONS
    ",,,1,6442450944,,3600000,"PYTHONNOUSERSITE=1
R_PROFILE_USER=/.Rprofile
R_ENVIRON_USER=/.Renviron
JULIA_DEPOT_PATH=/usr/local/share/julia
PATH=$PATH:/home/martin/Projects/assembly-analysis-pipeline/bin
",,5,0,,AMD Ryzen 5 5600X 6-Core Processor
irreverent_northcutt,ERZ101,45,ae/1d26aa,60444,COMBINEDGENECALLER_MERGE,[],quay.io/microbiome-informatics/mgnify-pipelines-toolkit:1.4.17,ERZ101,EBIMETAGENOMICS:ASSEMBLY_ANALYSIS_PIPELINE:COMBINED_GENE_CALLER:COMBINEDGENECALLER_MERGE (ERZ101),COMPLETED,0,1776012953648,1776012953735,1776012955075,1427,397,159.7,0.0,3624960,4616192,3624960,4616192,9702781,529820,1122,62,73117696,552960,1,/home/martin/Projects/assembly-analysis-pipeline/work/ae/1d26aa7d61d507332980f600666c6d,"
    if [ ""true"" == ""true"" ]; then
        gzip -d -c pyrodigal/ERZ101.gff.gz > pyrodigal/ERZ101.gff
    fi
    if [ ""true"" == ""true"" ]; then
        gzip -d -c pyrodigal/ERZ101.fna.gz > pyrodigal/ERZ101.fna
    fi
    if [ ""true"" == ""true"" ]; then
        gzip -d -c pyrodigal/ERZ101.faa.gz > pyrodigal/ERZ101.faa
    fi
    if [ ""true"" == ""true"" ]; then
        gzip -d -c fgsrs/ERZ101.gff.gz > fgsrs/ERZ101.gff
    fi
    if [ ""true"" == ""true"" ]; then
        gzip -d -c fgsrs/ERZ101.ffn.gz > fgsrs/ERZ101.ffn
    fi
    if [ ""true"" == ""true"" ]; then
        gzip -d -c fgsrs/ERZ101.faa.gz > fgsrs/ERZ101.faa
    fi
    if [[ ""false"" == ""true"" ]]; then
        gunzip ERZ101_concat_SSU_LSU_coords.txt
    fi

    combined_gene_caller_merge \
        --priority Pyrodigal_FragGeneScanRS \
        -n ERZ101 \
        --pyrodigal-gff pyrodigal/ERZ101.gff \
        --pyrodigal-ffn pyrodigal/ERZ101.fna \
        --pyrodigal-faa pyrodigal/ERZ101.faa \
        --fgsrs-gff fgsrs/ERZ101.gff \
        --fgsrs-ffn fgsrs/ERZ101.ffn \
        --fgsrs-faa fgsrs/ERZ101.faa --mask ERZ101_concat_SSU_LSU_coords.txt  \
        --pyrodigal-version 3.6.3  \
        --fgsrs-version 1.1.0 

    gzip -n ERZ101.{faa,ffn,gff}

    cat <<-END_VERSIONS > versions.yml
    ""EBIMETAGENOMICS:ASSEMBLY_ANALYSIS_PIPELINE:COMBINED_GENE_CALLER:COMBINEDGENECALLER_MERGE"":
         mgnify-pipelines-toolkit: $(get_mpt_version)
    END_VERSIONS
    ",,,1,6442450944,,3600000,"PYTHONNOUSERSITE=1
R_PROFILE_USER=/.Rprofile
R_ENVIRON_USER=/.Renviron
JULIA_DEPOT_PATH=/usr/local/share/julia
PATH=$PATH:/home/martin/Projects/assembly-analysis-pipeline/bin
",,5,0,,AMD Ryzen 5 5600X 6-Core Processor
irreverent_northcutt,ERZ102,48,9c/63c2d3,60940,DIAMOND_RHEACHEBI,[],community.wave.seqera.io/library/diamond_mgnify-pipelines-toolkit:d550c08ee965686f,ERZ102,EBIMETAGENOMICS:ASSEMBLY_ANALYSIS_PIPELINE:FUNCTIONAL_ANNOTATION:DIAMOND_RHEACHEBI (ERZ102),COMPLETED,0,1776012955081,1776012955175,1776012956740,1659,636,183.9,0.1,21168128,370274304,21168128,370274304,19073461,38258,1772,24,113594368,45056,1,/home/martin/Projects/assembly-analysis-pipeline/work/9c/63c2d316ebdf1b854d1febe54ca814,"
    if [ ""true"" == ""true"" ]; then
        gzip -c -d ERZ102.faa.gz > ERZ102.faa
    fi

    diamond \
        blastp \
        --threads 4 \
        --evalue 1e-10 \
        --query-cover 80 \
        --subject-cover 80 \
        --id 50 \
        -k 0 \
        --db uniref90_rhea.dmnd \
        --query ERZ102.faa.gz \
        --outfmt 6 qseqid sseqid evalue bitscore salltitles | \
    add_rhea_chebi_annotation_patched.py \
        --diamond_hits - \
        --proteins ERZ102.faa \
        --rhea2chebi rheachebi_mapping.tsv \
        --output ERZ102_rhea2proteins.tsv

    cat <<-END_VERSIONS > versions.yml
    ""EBIMETAGENOMICS:ASSEMBLY_ANALYSIS_PIPELINE:FUNCTIONAL_ANNOTATION:DIAMOND_RHEACHEBI"":
        diamond: $(diamond --version 2>&1 | tail -n 1 | sed 's/^diamond version //')
        mgnify-pipelines-toolkit: $(get_mpt_version)
        uniref90rhea database: 2025_11
    END_VERSIONS
    ",,,4,16106127360,,3600000,"PYTHONNOUSERSITE=1
R_PROFILE_USER=/.Rprofile
R_ENVIRON_USER=/.Renviron
JULIA_DEPOT_PATH=/usr/local/share/julia
PATH=$PATH:/home/martin/Projects/assembly-analysis-pipeline/bin
",,39,18,,AMD Ryzen 5 5600X 6-Core Processor
irreverent_northcutt,ERZ102,46,2b/26eb67,61447,SEQKIT_SPLIT2,[],quay.io/biocontainers/seqkit:2.8.1--h9ee0642_0,ERZ102,EBIMETAGENOMICS:ASSEMBLY_ANALYSIS_PIPELINE:SEQKIT_SPLIT2 (ERZ102),COMPLETED,0,1776012956744,1776012956840,1776012957782,1038,0,120.0,0.1,22695936,1278791680,22695936,1278791680,106732,29568,188,28,5419008,24576,1,/home/martin/Projects/assembly-analysis-pipeline/work/2b/26eb6723b92582c4b34e52d6769f6d,"
    seqkit \
        split2 \
          --by-size 15000 --by-size-prefix ERZ102_ \
        --threads 4 \
        ERZ102.faa.gz \
        --out-dir ERZ102

    cat <<-END_VERSIONS > versions.yml
    ""EBIMETAGENOMICS:ASSEMBLY_ANALYSIS_PIPELINE:SEQKIT_SPLIT2"":
        seqkit: $(echo $(seqkit 2>&1) | sed 's/^.*Version: //; s/ .*$//')
    END_VERSIONS
    ",,,4,16106127360,,3600000,"PYTHONNOUSERSITE=1
R_PROFILE_USER=/.Rprofile
R_ENVIRON_USER=/.Renviron
JULIA_DEPOT_PATH=/usr/local/share/julia
PATH=$PATH:/home/martin/Projects/assembly-analysis-pipeline/bin
",,41,4,,AMD Ryzen 5 5600X 6-Core Processor
irreverent_northcutt,ERZ102,47,f0/73426f,61683,DIAMOND_BLASTP,[],quay.io/biocontainers/diamond:2.1.11--h5ca1c30_0,ERZ102,EBIMETAGENOMICS:ASSEMBLY_ANALYSIS_PIPELINE:CONTIGS_TAXONOMIC_CLASSIFICATION:DIAMOND_BLASTP (ERZ102),COMPLETED,0,1776012957786,1776012957883,1776012959146,1360,1000,324.2,0.0,10686464,221810688,10686464,288923648,19749921,312456,317,655,22392832,327680,1,/home/martin/Projects/assembly-analysis-pipeline/work/f0/73426f0c7ef61b8e54f8d2146aa018,"
    diamond \
        blastp \
        --threads 4 \
        --db 2025-03-24_CAT_pack.dmnd \
        --query ERZ102.faa.gz \
        --outfmt 6  \
        --top 11 \
        --out ERZ102.txt

    cat <<-END_VERSIONS > versions.yml
    ""EBIMETAGENOMICS:ASSEMBLY_ANALYSIS_PIPELINE:CONTIGS_TAXONOMIC_CLASSIFICATION:DIAMOND_BLASTP"":
        diamond: $(diamond --version 2>&1 | tail -n 1 | sed 's/^diamond version //')
    END_VERSIONS
    ",,,4,16106127360,,3600000,"PYTHONNOUSERSITE=1
R_PROFILE_USER=/.Rprofile
R_ENVIRON_USER=/.Renviron
JULIA_DEPOT_PATH=/usr/local/share/julia
PATH=$PATH:/home/martin/Projects/assembly-analysis-pipeline/bin
",,12,2,,AMD Ryzen 5 5600X 6-Core Processor
irreverent_northcutt,ERZ101,49,d1/17634c,62113,SEQKIT_SPLIT2,[],quay.io/biocontainers/seqkit:2.8.1--h9ee0642_0,ERZ101,EBIMETAGENOMICS:ASSEMBLY_ANALYSIS_PIPELINE:SEQKIT_SPLIT2 (ERZ101),COMPLETED,0,1776012959149,1776012959246,1776012960199,1050,0,105.9,0.0,3256320,4497408,3256320,4497408,106647,29500,188,28,159744,24576,1,/home/martin/Projects/assembly-analysis-pipeline/work/d1/17634ca628f1e1ea72a869d7065f58,"
    seqkit \
        split2 \
          --by-size 15000 --by-size-prefix ERZ101_ \
        --threads 4 \
        ERZ101.faa.gz \
        --out-dir ERZ101

    cat <<-END_VERSIONS > versions.yml
    ""EBIMETAGENOMICS:ASSEMBLY_ANALYSIS_PIPELINE:SEQKIT_SPLIT2"":
        seqkit: $(echo $(seqkit 2>&1) | sed 's/^.*Version: //; s/ .*$//')
    END_VERSIONS
    ",,,4,16106127360,,3600000,"PYTHONNOUSERSITE=1
R_PROFILE_USER=/.Rprofile
R_ENVIRON_USER=/.Renviron
JULIA_DEPOT_PATH=/usr/local/share/julia
PATH=$PATH:/home/martin/Projects/assembly-analysis-pipeline/bin
",,1,0,,AMD Ryzen 5 5600X 6-Core Processor
irreverent_northcutt,ERZ101,50,2f/f74950,62346,DIAMOND_BLASTP,[],quay.io/biocontainers/diamond:2.1.11--h5ca1c30_0,ERZ101,EBIMETAGENOMICS:ASSEMBLY_ANALYSIS_PIPELINE:CONTIGS_TAXONOMIC_CLASSIFICATION:DIAMOND_BLASTP (ERZ101),COMPLETED,0,1776012960203,1776012960299,1776012961532,1329,0,332.6,0.1,19136512,725299200,19451904,794214400,20042279,612965,321,656,81920,634880,1,/home/martin/Projects/assembly-analysis-pipeline/work/2f/f74950b301f704f1ec82132886da43,"
    diamond \
        blastp \
        --threads 4 \
        --db 2025-03-24_CAT_pack.dmnd \
        --query ERZ101.faa.gz \
        --outfmt 6  \
        --top 11 \
        --out ERZ101.txt

    cat <<-END_VERSIONS > versions.yml
    ""EBIMETAGENOMICS:ASSEMBLY_ANALYSIS_PIPELINE:CONTIGS_TAXONOMIC_CLASSIFICATION:DIAMOND_BLASTP"":
        diamond: $(diamond --version 2>&1 | tail -n 1 | sed 's/^diamond version //')
    END_VERSIONS
    ",,,4,16106127360,,3600000,"PYTHONNOUSERSITE=1
R_PROFILE_USER=/.Rprofile
R_ENVIRON_USER=/.Renviron
JULIA_DEPOT_PATH=/usr/local/share/julia
PATH=$PATH:/home/martin/Projects/assembly-analysis-pipeline/bin
",,6,2,,AMD Ryzen 5 5600X 6-Core Processor
irreverent_northcutt,ERZ101,51,54/decd96,62777,DIAMOND_RHEACHEBI,[],community.wave.seqera.io/library/diamond_mgnify-pipelines-toolkit:d550c08ee965686f,ERZ101,EBIMETAGENOMICS:ASSEMBLY_ANALYSIS_PIPELINE:FUNCTIONAL_ANNOTATION:DIAMOND_RHEACHEBI (ERZ101),COMPLETED,0,1776012961535,1776012961632,1776012963028,1493,455,241.3,0.2,34693120,1756520448,34693120,1890746368,19079900,44868,1773,24,16384,49152,1,/home/martin/Projects/assembly-analysis-pipeline/work/54/decd964bbafcf33fe21b6a9ecf91ae,"
    if [ ""true"" == ""true"" ]; then
        gzip -c -d ERZ101.faa.gz > ERZ101.faa
    fi

    diamond \
        blastp \
        --threads 4 \
        --evalue 1e-10 \
        --query-cover 80 \
        --subject-cover 80 \
        --id 50 \
        -k 0 \
        --db uniref90_rhea.dmnd \
        --query ERZ101.faa.gz \
        --outfmt 6 qseqid sseqid evalue bitscore salltitles | \
    add_rhea_chebi_annotation_patched.py \
        --diamond_hits - \
        --proteins ERZ101.faa \
        --rhea2chebi rheachebi_mapping.tsv \
        --output ERZ101_rhea2proteins.tsv

    cat <<-END_VERSIONS > versions.yml
    ""EBIMETAGENOMICS:ASSEMBLY_ANALYSIS_PIPELINE:FUNCTIONAL_ANNOTATION:DIAMOND_RHEACHEBI"":
        diamond: $(diamond --version 2>&1 | tail -n 1 | sed 's/^diamond version //')
        mgnify-pipelines-toolkit: $(get_mpt_version)
        uniref90rhea database: 2025_11
    END_VERSIONS
    ",,,4,16106127360,,3600000,"PYTHONNOUSERSITE=1
R_PROFILE_USER=/.Rprofile
R_ENVIRON_USER=/.Renviron
JULIA_DEPOT_PATH=/usr/local/share/julia
PATH=$PATH:/home/martin/Projects/assembly-analysis-pipeline/bin
",,90,9,,AMD Ryzen 5 5600X 6-Core Processor
irreverent_northcutt,ERZ102,52,88/c175a6,63267,TABIX_BGZIP_RHEAANDCHEBI,[],quay.io/biocontainers/htslib:1.20--h5efdd21_2,ERZ102,EBIMETAGENOMICS:ASSEMBLY_ANALYSIS_PIPELINE:FUNCTIONAL_ANNOTATION:TABIX_BGZIP_RHEAANDCHEBI (ERZ102),COMPLETED,0,1776012963033,1776012963128,1776012964097,1064,0,104.3,0.0,3354624,4497408,3354624,4497408,99579,3278,232,48,2654208,12288,1,/home/martin/Projects/assembly-analysis-pipeline/work/88/c175a6bafad614c9afdfa7377b393e,"
    bgzip  -c --index --index-name ERZ102_proteins2rhea.tsv.gz.gzi -@1 ERZ102_rhea2proteins.tsv > ERZ102_proteins2rhea.tsv.gz

    cat <<-END_VERSIONS > versions.yml
    ""EBIMETAGENOMICS:ASSEMBLY_ANALYSIS_PIPELINE:FUNCTIONAL_ANNOTATION:TABIX_BGZIP_RHEAANDCHEBI"":
        tabix: $(echo $(tabix -h 2>&1) | sed 's/^.*Version: //; s/ .*$//')
    END_VERSIONS
    ",,,1,6442450944,,3600000,"PYTHONNOUSERSITE=1
R_PROFILE_USER=/.Rprofile
R_ENVIRON_USER=/.Renviron
JULIA_DEPOT_PATH=/usr/local/share/julia
PATH=$PATH:/home/martin/Projects/assembly-analysis-pipeline/bin
",,1,0,,AMD Ryzen 5 5600X 6-Core Processor
irreverent_northcutt,ERZ101,63,b0/432804,63471,TABIX_BGZIP_RHEAANDCHEBI,[],quay.io/biocontainers/htslib:1.20--h5efdd21_2,ERZ101,EBIMETAGENOMICS:ASSEMBLY_ANALYSIS_PIPELINE:FUNCTIONAL_ANNOTATION:TABIX_BGZIP_RHEAANDCHEBI (ERZ101),COMPLETED,0,1776012964037,1776012964097,1776012965062,1025,0,70.6,0.0,3354624,4497408,3354624,4497408,99563,3265,230,48,4096,12288,1,/home/martin/Projects/assembly-analysis-pipeline/work/b0/432804876279130749802f688d292a,"
    bgzip  -c --index --index-name ERZ101_proteins2rhea.tsv.gz.gzi -@1 ERZ101_rhea2proteins.tsv > ERZ101_proteins2rhea.tsv.gz

    cat <<-END_VERSIONS > versions.yml
    ""EBIMETAGENOMICS:ASSEMBLY_ANALYSIS_PIPELINE:FUNCTIONAL_ANNOTATION:TABIX_BGZIP_RHEAANDCHEBI"":
        tabix: $(echo $(tabix -h 2>&1) | sed 's/^.*Version: //; s/ .*$//')
    END_VERSIONS
    ",,,1,6442450944,,3600000,"PYTHONNOUSERSITE=1
R_PROFILE_USER=/.Rprofile
R_ENVIRON_USER=/.Renviron
JULIA_DEPOT_PATH=/usr/local/share/julia
PATH=$PATH:/home/martin/Projects/assembly-analysis-pipeline/bin
",,1,0,,AMD Ryzen 5 5600X 6-Core Processor
irreverent_northcutt,ERZ102,53,ce/87dd2d,63705,EGGNOGMAPPER_ORTHOLOGS,[],quay.io/biocontainers/eggnog-mapper:2.1.12--pyhdfd78af_0,ERZ102,EBIMETAGENOMICS:ASSEMBLY_ANALYSIS_PIPELINE:FUNCTIONAL_ANNOTATION:EGGNOGMAPPER_ORTHOLOGS (ERZ102),COMPLETED,0,1776012965065,1776012965162,1776012966826,1761,715,88.3,0.1,14245888,26386432,14245888,26443776,13576369,71650,4033,5000,50692096,102400,1,/home/martin/Projects/assembly-analysis-pipeline/work/ce/87dd2d797ca47c9faa062715a240ae,"
    if [ ""true"" == ""true"" ]; then
        gzip -c -d ERZ102_001.faa.gz > ERZ102_001.faa
    fi

    emapper.py \
        --no_file_comments --no_annot \
        -i ERZ102_001.faa \
        --database eggnog.db \
        --dmnd_db eggnog_proteins.dmnd \
         \
        --cpu 4 \
        --data_dir eggnog_mapper \
        --output ERZ102_001

    cat <<-END_VERSIONS > versions.yml
    ""EBIMETAGENOMICS:ASSEMBLY_ANALYSIS_PIPELINE:FUNCTIONAL_ANNOTATION:EGGNOGMAPPER_ORTHOLOGS"":
        eggnog-mapper: $(echo $(emapper.py --version) | grep -o ""emapper-[0-9]\+\.[0-9]\+\.[0-9]\+"" | sed ""s/emapper-//"")
        eggnog-mapper database: 5.0.2
    END_VERSIONS
    ",,,4,16106127360,,3600000,"PYTHONNOUSERSITE=1
R_PROFILE_USER=/.Rprofile
R_ENVIRON_USER=/.Renviron
JULIA_DEPOT_PATH=/usr/local/share/julia
PATH=$PATH:/home/martin/Projects/assembly-analysis-pipeline/bin
",,33,3,,AMD Ryzen 5 5600X 6-Core Processor
irreverent_northcutt,ERZ102,54,15/5fc10f,65977,INTERPROSCAN,[],quay.io/microbiome-informatics/interproscan:5.76-107.0_patch1,ERZ102,EBIMETAGENOMICS:ASSEMBLY_ANALYSIS_PIPELINE:FUNCTIONAL_ANNOTATION:INTERPROSCAN (ERZ102),COMPLETED,0,1776012966830,1776012966926,1776013045502,78672,77506,90.3,15.7,2617016320,9742753792,2617180160,9742901248,324570800,7161742,85102,4128,393576448,3334144,1,/home/martin/Projects/assembly-analysis-pipeline/work/15/5fc10fe79911724815f154254833d6,"
    if [ ""true"" == ""true"" ]; then
        gzip -c -d ERZ102_001.faa.gz > ERZ102_001.faa
    fi

    # Set the max memory for the JVM
    export JAVA_OPTS=""-Xmx15G""

    # -dp (disable precalculation) is on so no online dependency
    interproscan.sh \
        -cpu 4 \
        -i ERZ102_001.faa \
        -dp \
        --iprlookup --goterms --pathways --applications TIGRFAM,SFLD,SUPERFAMILY,GENE3D,HAMAP,COILS,CDD,PRINTS,PIRSF,PROSITEPROFILES,PROSITEPATTERNS,PFAM,MOBIDBLITE,SMART \
        --output-file-base ERZ102_001

    gzip ERZ102_001.{tsv,xml,gff3,json}

    cat <<-END_VERSIONS > versions.yml
    ""EBIMETAGENOMICS:ASSEMBLY_ANALYSIS_PIPELINE:FUNCTIONAL_ANNOTATION:INTERPROSCAN"":
        InterProScan: $(interproscan.sh --version | grep -o ""InterProScan version [0-9.-]*"" | sed ""s/InterProScan version //"")
        InterProScan database: 5.76-107.0
    END_VERSIONS
    ",,,4,16106127360,,3600000,"PYTHONNOUSERSITE=1
R_PROFILE_USER=/.Rprofile
R_ENVIRON_USER=/.Renviron
JULIA_DEPOT_PATH=/usr/local/share/julia
PATH=$PATH:/home/martin/Projects/assembly-analysis-pipeline/bin
",,3445,123,,AMD Ryzen 5 5600X 6-Core Processor
irreverent_northcutt,ERZ102,56,d2/d4181c,70867,HMMSEARCH_KOFAMS,[],quay.io/biocontainers/hmmer:3.4--hdbdd923_1,ERZ102,EBIMETAGENOMICS:ASSEMBLY_ANALYSIS_PIPELINE:FUNCTIONAL_ANNOTATION:HMMSEARCH_KOFAMS (ERZ102),COMPLETED,0,1776013045505,1776013045602,1776013046546,1041,0,92.3,0.0,3354624,4497408,3354624,4497408,375967,53581,305,27,843776,73728,1,/home/martin/Projects/assembly-analysis-pipeline/work/d2/d4181c44f6917678f92029dae4b6f3,"
    gunzip ERZ102_001.faa.gz

    hmmsearch \
        --noali \
        --cpu 4 \
        -o ERZ102_001.txt \
         \
        --tblout ERZ102_001.tbl \
        --domtblout ERZ102_001.domtbl \
        kofam_profiles_mini.hmm \
        ERZ102_001.faa

    gzip --no-name *.txt \
         \
        *.tbl \
        *.domtbl

    cat <<-END_VERSIONS > versions.yml
    ""EBIMETAGENOMICS:ASSEMBLY_ANALYSIS_PIPELINE:FUNCTIONAL_ANNOTATION:HMMSEARCH_KOFAMS"":
        hmmer: $(hmmsearch -h | grep -o '^# HMMER [0-9.]*' | sed 's/^# HMMER *//')
        kofam version: 2025_03
    END_VERSIONS
    ",,,4,16106127360,,3600000,"PYTHONNOUSERSITE=1
R_PROFILE_USER=/.Rprofile
R_ENVIRON_USER=/.Renviron
JULIA_DEPOT_PATH=/usr/local/share/julia
PATH=$PATH:/home/martin/Projects/assembly-analysis-pipeline/bin
",,2,1,,AMD Ryzen 5 5600X 6-Core Processor
irreverent_northcutt,ERZ102,55,92/86f104,71118,DBCAN,[],quay.io/biocontainers/dbcan:5.1.2--pyhdfd78af_0,ERZ102,EBIMETAGENOMICS:ASSEMBLY_ANALYSIS_PIPELINE:FUNCTIONAL_ANNOTATION:DBCAN (ERZ102),COMPLETED,0,1776013046550,1776013046646,1776013049619,3069,2000,119.8,0.7,116854784,1882689536,116854784,1882689536,34150559,196408,4936,205,160870400,339968,1,/home/martin/Projects/assembly-analysis-pipeline/work/92/86f10453f0968188d4418c9ae8ba65,"
    if [ ""true"" == ""true"" ]; then
        gzip -c -d ERZ102_001.faa.gz > ERZ102_001.faa
    fi

    if [ ""true"" == ""true"" ]; then
        gzip -c -d ERZ102.gff.gz > ERZ102.gff
    fi

    # Filter GFF to only include sequences present in the proteins FASTA file
    filter_gff_by_fasta_sequences.py ERZ102_001.faa ERZ102.gff ERZ102.gff.filtered.gff

    run_dbcan \
        easy_substrate \
         \
        --threads 4 \
        --db_dir dbcan_db \
        --output_dir results \
        --input_raw_data ERZ102_001.faa \
        --gff_type prodigal \
        --input_gff ERZ102.gff.filtered.gff \
        --mode protein

    # Bulk rename of the results, dbcan doesn't have a prefix parameter
    find results -type f | while read -r file; do
        mv ""$file"" ""$(dirname ""$file"")/ERZ102_001_$(basename ""$file"" | tr [:upper:] [:lower:])""
    done

    ##########################################################################
    # run_dbcan will produce a broken tsv if there are no results to process #
    ##########################################################################
    # The chain of warnings and errors are:
    #######################################################################
    # WARNING - No dbCAN-sub results to process
    # INFO    - Found dbcan_hmm results at results/dbCAN_hmm_results.tsv
    # ERROR   - Error loading diamond results: No columns to parse from file
    # WARNING - Missing columns in results/dbCANsub_hmm_results.tsv. Expected:
    # 'Target Name'
    # 'Subfam Name'
    # 'Subfam EC'
    # 'Target From'
    # 'Target To'
    # 'i-Evalue'
    # 
    # Found:
    # 'HMM Name'
    # 'HMM Length'
    # 'Target Name'
    # 'Target Length'
    # 'i-Evalue'
    # 'HMM From'
    # 'HMM To'
    # 'Target From'
    # 'Target To'
    # 'Coverage'
    # 'HMM File Name'
    
    # To handle this, if there is only one line in the tsv we override with all the column headers
    if [[ $(wc -l < ""results/ERZ102_001_dbcansub_hmm_results.tsv"") -eq 1 ]]; then
        # I'm moving the file as otherwise I was getting a random 'cannot overwrite existing file' error
        # also, I'm not removing this file because in nfs and such systems this could be problematic as
        # there is a significant delay, so mv the file makes it easier. The cost of this is just an extra file
        # that will be deleted when the pipeline finished.
        mv results/ERZ102_001_dbcansub_hmm_results.tsv results/ERZ102_001_dbcansub_hmm_results.tsv_broken_headers
        echo ""Subfam Name	Subfam Composition	Subfam EC	Substrate	HMM Length	Target Name	Target Length	i-Evalue	HMM From	HMM To	Target From	Target To	Coverage	HMM File Name"" > results/ERZ102_001_dbcansub_hmm_results.tsv
    fi
    #######################################################################

    gzip results/*.*

    cat <<-END_VERSIONS > versions.yml
    ""EBIMETAGENOMICS:ASSEMBLY_ANALYSIS_PIPELINE:FUNCTIONAL_ANNOTATION:DBCAN"":
        dbcan: $(run_dbcan version | sed ""s/dbCAN version: //"")
        dbcan_db: ""4.1.4-V13""
    END_VERSIONS
    ",,,4,12884901888,,3600000,"PYTHONNOUSERSITE=1
R_PROFILE_USER=/.Rprofile
R_ENVIRON_USER=/.Renviron
JULIA_DEPOT_PATH=/usr/local/share/julia
PATH=$PATH:/home/martin/Projects/assembly-analysis-pipeline/bin
",,955,118,,AMD Ryzen 5 5600X 6-Core Processor
irreverent_northcutt,ERZ102,57,10/d59f5d,72501,CATPACK_CONTIGS,[],quay.io/biocontainers/cat:6.0.1--hdfd78af_1,ERZ102,EBIMETAGENOMICS:ASSEMBLY_ANALYSIS_PIPELINE:CONTIGS_TAXONOMIC_CLASSIFICATION:CATPACK_CONTIGS (ERZ102),COMPLETED,0,1776013049623,1776013049720,1776013051103,1480,0,91.5,0.0,3330048,4497408,3330048,4497408,8083407,142059,946,41,27119616,159744,1,/home/martin/Projects/assembly-analysis-pipeline/work/10/d59f5d97e06930ff84c4fdf4b21e2d,"
    gunzip ERZ102_filtered_contigs.fasta.gz
    gunzip ERZ102.faa.gz

    CAT_pack contigs \
        --nproc 4 \
        --contigs_fasta ERZ102_filtered_contigs.fasta \
        --database_folder db \
        --taxonomy_folder tax \
        --out_prefix ERZ102 \
        --proteins_fasta ERZ102.faa \
        --diamond_alignment ERZ102.txt \
        

    gzip ERZ102.contig2classification.txt

    cat <<-END_VERSIONS > versions.yml
    ""EBIMETAGENOMICS:ASSEMBLY_ANALYSIS_PIPELINE:CONTIGS_TAXONOMIC_CLASSIFICATION:CATPACK_CONTIGS"":
        catpack: $(CAT_pack --version | sed 's/CAT_pack pack v//g;s/ .*//g')
        catpack database: 2025_01
    END_VERSIONS
    ",,,4,16106127360,,3600000,"PYTHONNOUSERSITE=1
R_PROFILE_USER=/.Rprofile
R_ENVIRON_USER=/.Renviron
JULIA_DEPOT_PATH=/usr/local/share/julia
PATH=$PATH:/home/martin/Projects/assembly-analysis-pipeline/bin
",,2,1,,AMD Ryzen 5 5600X 6-Core Processor
irreverent_northcutt,ERZ101,59,3d/8a63ba,72734,INTERPROSCAN,[],quay.io/microbiome-informatics/interproscan:5.76-107.0_patch1,ERZ101,EBIMETAGENOMICS:ASSEMBLY_ANALYSIS_PIPELINE:FUNCTIONAL_ANNOTATION:INTERPROSCAN (ERZ101),COMPLETED,0,1776013051106,1776013051203,1776013125438,74332,73279,99.4,15.3,2548940800,9571545088,2560757760,9572073472,314724677,7041583,82326,3894,116957184,3272704,1,/home/martin/Projects/assembly-analysis-pipeline/work/3d/8a63ba38e254a30baef89967605173,"
    if [ ""true"" == ""true"" ]; then
        gzip -c -d ERZ101_001.faa.gz > ERZ101_001.faa
    fi

    # Set the max memory for the JVM
    export JAVA_OPTS=""-Xmx15G""

    # -dp (disable precalculation) is on so no online dependency
    interproscan.sh \
        -cpu 4 \
        -i ERZ101_001.faa \
        -dp \
        --iprlookup --goterms --pathways --applications TIGRFAM,SFLD,SUPERFAMILY,GENE3D,HAMAP,COILS,CDD,PRINTS,PIRSF,PROSITEPROFILES,PROSITEPATTERNS,PFAM,MOBIDBLITE,SMART \
        --output-file-base ERZ101_001

    gzip ERZ101_001.{tsv,xml,gff3,json}

    cat <<-END_VERSIONS > versions.yml
    ""EBIMETAGENOMICS:ASSEMBLY_ANALYSIS_PIPELINE:FUNCTIONAL_ANNOTATION:INTERPROSCAN"":
        InterProScan: $(interproscan.sh --version | grep -o ""InterProScan version [0-9.-]*"" | sed ""s/InterProScan version //"")
        InterProScan database: 5.76-107.0
    END_VERSIONS
    ",,,4,16106127360,,3600000,"PYTHONNOUSERSITE=1
R_PROFILE_USER=/.Rprofile
R_ENVIRON_USER=/.Renviron
JULIA_DEPOT_PATH=/usr/local/share/julia
PATH=$PATH:/home/martin/Projects/assembly-analysis-pipeline/bin
",,2405,63,,AMD Ryzen 5 5600X 6-Core Processor
irreverent_northcutt,ERZ101,61,c5/33bf52,76594,HMMSEARCH_KOFAMS,[],quay.io/biocontainers/hmmer:3.4--hdbdd923_1,ERZ101,EBIMETAGENOMICS:ASSEMBLY_ANALYSIS_PIPELINE:FUNCTIONAL_ANNOTATION:HMMSEARCH_KOFAMS (ERZ101),COMPLETED,0,1776013125442,1776013125538,1776013126488,1046,0,94.7,0.0,3387392,4497408,3387392,4497408,382530,60216,306,27,520192,77824,1,/home/martin/Projects/assembly-analysis-pipeline/work/c5/33bf529e43feec6caab71b42286b4c,"
    gunzip ERZ101_001.faa.gz

    hmmsearch \
        --noali \
        --cpu 4 \
        -o ERZ101_001.txt \
         \
        --tblout ERZ101_001.tbl \
        --domtblout ERZ101_001.domtbl \
        kofam_profiles_mini.hmm \
        ERZ101_001.faa

    gzip --no-name *.txt \
         \
        *.tbl \
        *.domtbl

    cat <<-END_VERSIONS > versions.yml
    ""EBIMETAGENOMICS:ASSEMBLY_ANALYSIS_PIPELINE:FUNCTIONAL_ANNOTATION:HMMSEARCH_KOFAMS"":
        hmmer: $(hmmsearch -h | grep -o '^# HMMER [0-9.]*' | sed 's/^# HMMER *//')
        kofam version: 2025_03
    END_VERSIONS
    ",,,4,16106127360,,3600000,"PYTHONNOUSERSITE=1
R_PROFILE_USER=/.Rprofile
R_ENVIRON_USER=/.Renviron
JULIA_DEPOT_PATH=/usr/local/share/julia
PATH=$PATH:/home/martin/Projects/assembly-analysis-pipeline/bin
",,2,4,,AMD Ryzen 5 5600X 6-Core Processor
irreverent_northcutt,ERZ101,60,4a/00ce15,76848,DBCAN,[],quay.io/biocontainers/dbcan:5.1.2--pyhdfd78af_0,ERZ101,EBIMETAGENOMICS:ASSEMBLY_ANALYSIS_PIPELINE:FUNCTIONAL_ANNOTATION:DBCAN (ERZ101),COMPLETED,0,1776013126491,1776013126589,1776013129203,2712,2000,136.0,0.8,132919296,1899921408,132919296,1899921408,34236263,219010,4946,208,48381952,356352,1,/home/martin/Projects/assembly-analysis-pipeline/work/4a/00ce151441ab6fda82591cfa30605e,"
    if [ ""true"" == ""true"" ]; then
        gzip -c -d ERZ101_001.faa.gz > ERZ101_001.faa
    fi

    if [ ""true"" == ""true"" ]; then
        gzip -c -d ERZ101.gff.gz > ERZ101.gff
    fi

    # Filter GFF to only include sequences present in the proteins FASTA file
    filter_gff_by_fasta_sequences.py ERZ101_001.faa ERZ101.gff ERZ101.gff.filtered.gff

    run_dbcan \
        easy_substrate \
         \
        --threads 4 \
        --db_dir dbcan_db \
        --output_dir results \
        --input_raw_data ERZ101_001.faa \
        --gff_type prodigal \
        --input_gff ERZ101.gff.filtered.gff \
        --mode protein

    # Bulk rename of the results, dbcan doesn't have a prefix parameter
    find results -type f | while read -r file; do
        mv ""$file"" ""$(dirname ""$file"")/ERZ101_001_$(basename ""$file"" | tr [:upper:] [:lower:])""
    done

    ##########################################################################
    # run_dbcan will produce a broken tsv if there are no results to process #
    ##########################################################################
    # The chain of warnings and errors are:
    #######################################################################
    # WARNING - No dbCAN-sub results to process
    # INFO    - Found dbcan_hmm results at results/dbCAN_hmm_results.tsv
    # ERROR   - Error loading diamond results: No columns to parse from file
    # WARNING - Missing columns in results/dbCANsub_hmm_results.tsv. Expected:
    # 'Target Name'
    # 'Subfam Name'
    # 'Subfam EC'
    # 'Target From'
    # 'Target To'
    # 'i-Evalue'
    # 
    # Found:
    # 'HMM Name'
    # 'HMM Length'
    # 'Target Name'
    # 'Target Length'
    # 'i-Evalue'
    # 'HMM From'
    # 'HMM To'
    # 'Target From'
    # 'Target To'
    # 'Coverage'
    # 'HMM File Name'
    
    # To handle this, if there is only one line in the tsv we override with all the column headers
    if [[ $(wc -l < ""results/ERZ101_001_dbcansub_hmm_results.tsv"") -eq 1 ]]; then
        # I'm moving the file as otherwise I was getting a random 'cannot overwrite existing file' error
        # also, I'm not removing this file because in nfs and such systems this could be problematic as
        # there is a significant delay, so mv the file makes it easier. The cost of this is just an extra file
        # that will be deleted when the pipeline finished.
        mv results/ERZ101_001_dbcansub_hmm_results.tsv results/ERZ101_001_dbcansub_hmm_results.tsv_broken_headers
        echo ""Subfam Name	Subfam Composition	Subfam EC	Substrate	HMM Length	Target Name	Target Length	i-Evalue	HMM From	HMM To	Target From	Target To	Coverage	HMM File Name"" > results/ERZ101_001_dbcansub_hmm_results.tsv
    fi
    #######################################################################

    gzip results/*.*

    cat <<-END_VERSIONS > versions.yml
    ""EBIMETAGENOMICS:ASSEMBLY_ANALYSIS_PIPELINE:FUNCTIONAL_ANNOTATION:DBCAN"":
        dbcan: $(run_dbcan version | sed ""s/dbCAN version: //"")
        dbcan_db: ""4.1.4-V13""
    END_VERSIONS
    ",,,4,12884901888,,3600000,"PYTHONNOUSERSITE=1
R_PROFILE_USER=/.Rprofile
R_ENVIRON_USER=/.Renviron
JULIA_DEPOT_PATH=/usr/local/share/julia
PATH=$PATH:/home/martin/Projects/assembly-analysis-pipeline/bin
",,164,178,,AMD Ryzen 5 5600X 6-Core Processor
irreverent_northcutt,ERZ101,58,9a/9d1a50,78108,EGGNOGMAPPER_ORTHOLOGS,[],quay.io/biocontainers/eggnog-mapper:2.1.12--pyhdfd78af_0,ERZ101,EBIMETAGENOMICS:ASSEMBLY_ANALYSIS_PIPELINE:FUNCTIONAL_ANNOTATION:EGGNOGMAPPER_ORTHOLOGS (ERZ101),COMPLETED,0,1776013129207,1776013129303,1776013130960,1753,704,90.7,0.1,14307328,26386432,14307328,26443776,13582912,78275,4040,5000,46829568,106496,1,/home/martin/Projects/assembly-analysis-pipeline/work/9a/9d1a50aec37f5156fb84142135dd8b,"
    if [ ""true"" == ""true"" ]; then
        gzip -c -d ERZ101_001.faa.gz > ERZ101_001.faa
    fi

    emapper.py \
        --no_file_comments --no_annot \
        -i ERZ101_001.faa \
        --database eggnog.db \
        --dmnd_db eggnog_proteins.dmnd \
         \
        --cpu 4 \
        --data_dir eggnog_mapper \
        --output ERZ101_001

    cat <<-END_VERSIONS > versions.yml
    ""EBIMETAGENOMICS:ASSEMBLY_ANALYSIS_PIPELINE:FUNCTIONAL_ANNOTATION:EGGNOGMAPPER_ORTHOLOGS"":
        eggnog-mapper: $(echo $(emapper.py --version) | grep -o ""emapper-[0-9]\+\.[0-9]\+\.[0-9]\+"" | sed ""s/emapper-//"")
        eggnog-mapper database: 5.0.2
    END_VERSIONS
    ",,,4,16106127360,,3600000,"PYTHONNOUSERSITE=1
R_PROFILE_USER=/.Rprofile
R_ENVIRON_USER=/.Renviron
JULIA_DEPOT_PATH=/usr/local/share/julia
PATH=$PATH:/home/martin/Projects/assembly-analysis-pipeline/bin
",,38,18,,AMD Ryzen 5 5600X 6-Core Processor
irreverent_northcutt,ERZ101,62,b1/986b18,80388,CATPACK_CONTIGS,[],quay.io/biocontainers/cat:6.0.1--hdfd78af_1,ERZ101,EBIMETAGENOMICS:ASSEMBLY_ANALYSIS_PIPELINE:CONTIGS_TAXONOMIC_CLASSIFICATION:CATPACK_CONTIGS (ERZ101),COMPLETED,0,1776013130965,1776013131060,1776013132449,1484,1000,96.1,0.0,3325952,4497408,3325952,4497408,8121152,167586,951,41,13840384,184320,1,/home/martin/Projects/assembly-analysis-pipeline/work/b1/986b1878f85991a21c1e5dbf05e946,"
    gunzip ERZ101_filtered_contigs.fasta.gz
    gunzip ERZ101.faa.gz

    CAT_pack contigs \
        --nproc 4 \
        --contigs_fasta ERZ101_filtered_contigs.fasta \
        --database_folder db \
        --taxonomy_folder tax \
        --out_prefix ERZ101 \
        --proteins_fasta ERZ101.faa \
        --diamond_alignment ERZ101.txt \
        

    gzip ERZ101.contig2classification.txt

    cat <<-END_VERSIONS > versions.yml
    ""EBIMETAGENOMICS:ASSEMBLY_ANALYSIS_PIPELINE:CONTIGS_TAXONOMIC_CLASSIFICATION:CATPACK_CONTIGS"":
        catpack: $(CAT_pack --version | sed 's/CAT_pack pack v//g;s/ .*//g')
        catpack database: 2025_01
    END_VERSIONS
    ",,,4,16106127360,,3600000,"PYTHONNOUSERSITE=1
R_PROFILE_USER=/.Rprofile
R_ENVIRON_USER=/.Renviron
JULIA_DEPOT_PATH=/usr/local/share/julia
PATH=$PATH:/home/martin/Projects/assembly-analysis-pipeline/bin
",,2,0,,AMD Ryzen 5 5600X 6-Core Processor
irreverent_northcutt,ERZ102,64,fe/def2c1,80620,EGGNOGMAPPER_ANNOTATIONS,[],quay.io/biocontainers/eggnog-mapper:2.1.12--pyhdfd78af_0,ERZ102,EBIMETAGENOMICS:ASSEMBLY_ANALYSIS_PIPELINE:FUNCTIONAL_ANNOTATION:EGGNOGMAPPER_ANNOTATIONS (ERZ102),COMPLETED,0,1776013132452,1776013132549,1776013134225,1773,735,196.8,0.1,14327808,26386432,14327808,26439680,41214064,20356,4777,98,430080,12288,1,/home/martin/Projects/assembly-analysis-pipeline/work/fe/def2c1c083d210677e9b55d74cbf64,"
    # The --override option is used to prevent this process from failing on retries
    emapper.py \
        --no_file_comments \
        --cpu 4  \
        --data_dir eggnog_mapper \
        --annotate_hits_table ERZ102_001.emapper.seed_orthologs \
        --override \
        --output ERZ102_001_annotations

    cat <<-END_VERSIONS > versions.yml
    ""EBIMETAGENOMICS:ASSEMBLY_ANALYSIS_PIPELINE:FUNCTIONAL_ANNOTATION:EGGNOGMAPPER_ANNOTATIONS"":
        eggnog-mapper: $(echo $(emapper.py --version) | grep -o ""emapper-[0-9]\+\.[0-9]\+\.[0-9]\+"" | sed ""s/emapper-//"")
        eggnog-mapper database: 5.0.2
    END_VERSIONS
    ",,,4,16106127360,,3600000,"PYTHONNOUSERSITE=1
R_PROFILE_USER=/.Rprofile
R_ENVIRON_USER=/.Renviron
JULIA_DEPOT_PATH=/usr/local/share/julia
PATH=$PATH:/home/martin/Projects/assembly-analysis-pipeline/bin
",,1,5,,AMD Ryzen 5 5600X 6-Core Processor
irreverent_northcutt,ERZ102,65,0f/eb6f0c,80862,SEQKIT_FIX,[],quay.io/biocontainers/csvtk:0.31.0--h9ee0642_0,ERZ102,EBIMETAGENOMICS:ASSEMBLY_ANALYSIS_PIPELINE:FUNCTIONAL_ANNOTATION:SEQKIT_FIX (ERZ102),COMPLETED,0,1776013134229,1776013134325,1776013135269,1040,0,57.1,0.0,8855552,1280376832,8855552,1280376832,77041,755,185,20,22896640,8192,1,/home/martin/Projects/assembly-analysis-pipeline/work/0f/eb6f0c8ad816e5b22967af7e1d22b6,"
    csvtk fix --tabs ERZ102_001_dbcansub_hmm_results.tsv.gz > ERZ102.tsv.gz

    cat <<-END_VERSIONS > versions.yml
    ""EBIMETAGENOMICS:ASSEMBLY_ANALYSIS_PIPELINE:FUNCTIONAL_ANNOTATION:SEQKIT_FIX"":
        csvtk: $(echo $( csvtk version | sed -e ""s/csvtk v//g"" ))
    END_VERSIONS
    ",,,2,12884901888,,3600000,"PYTHONNOUSERSITE=1
R_PROFILE_USER=/.Rprofile
R_ENVIRON_USER=/.Renviron
JULIA_DEPOT_PATH=/usr/local/share/julia
PATH=$PATH:/home/martin/Projects/assembly-analysis-pipeline/bin
",,13,1,,AMD Ryzen 5 5600X 6-Core Processor
irreverent_northcutt,ERZ102,66,ec/28b970,81089,MGNIFYPIPELINESTOOLKIT_KRONATXTFROMCATCLASSIFICATION,[],quay.io/microbiome-informatics/mgnify-pipelines-toolkit:1.4.14,ERZ102,EBIMETAGENOMICS:ASSEMBLY_ANALYSIS_PIPELINE:CONTIGS_TAXONOMIC_CLASSIFICATION:MGNIFYPIPELINESTOOLKIT_KRONATXTFROMCATCLASSIFICATION (ERZ102),COMPLETED,0,1776013135273,1776013135369,1776013136530,1257,142,74.6,0.1,12365824,18632704,12365824,18632704,3311214,1404,539,23,17661952,16384,1,/home/martin/Projects/assembly-analysis-pipeline/work/ec/28b9704629a4aa08930631bde61348,"
    gunzip -c ERZ102.contig2classification.txt.gz > ERZ102.contig2classification.txt

    krona_txt_from_cat_classification \
        --input ERZ102.contig2classification.txt \
        --output ERZ102.krona.txt \
        --names_dmp tax/names.dmp \
        --nodes_dmp tax/nodes.dmp

    gzip ERZ102.krona.txt

    cat <<-END_VERSIONS > versions.yml
    ""EBIMETAGENOMICS:ASSEMBLY_ANALYSIS_PIPELINE:CONTIGS_TAXONOMIC_CLASSIFICATION:MGNIFYPIPELINESTOOLKIT_KRONATXTFROMCATCLASSIFICATION"":
        mgnify-pipelines-toolkit: $(get_mpt_version)
    END_VERSIONS
    ",,,1,6442450944,,3600000,"PYTHONNOUSERSITE=1
R_PROFILE_USER=/.Rprofile
R_ENVIRON_USER=/.Renviron
JULIA_DEPOT_PATH=/usr/local/share/julia
PATH=$PATH:/home/martin/Projects/assembly-analysis-pipeline/bin
",,22,4,,AMD Ryzen 5 5600X 6-Core Processor
irreverent_northcutt,ERZ101,70,df/49306a,81095,CONCATENATE_INTERPROSCAN_GFFS,[],community.wave.seqera.io/library/python:3.13.1--d00663700fcc8bcf,ERZ101,EBIMETAGENOMICS:ASSEMBLY_ANALYSIS_PIPELINE:FUNCTIONAL_ANNOTATION:CONCATENATE_INTERPROSCAN_GFFS (ERZ101),COMPLETED,0,1776013135277,1776013135370,1776013136458,1181,58,92.3,0.1,13049856,18472960,13049856,18505728,1012564,6780,286,19,10911744,12288,1,/home/martin/Projects/assembly-analysis-pipeline/work/df/49306af4711e4469d1c5ed1c42073d,"
    concatenate_gffs.py \
    --gffs gffs/*.gff.gz  \
    --output ERZ101_concatenated.gff.gz

    cat <<-END_VERSIONS > versions.yml
    ""EBIMETAGENOMICS:ASSEMBLY_ANALYSIS_PIPELINE:FUNCTIONAL_ANNOTATION:CONCATENATE_INTERPROSCAN_GFFS"":
        python: $(python --version 2>&1 | sed 's/Python //g')
    END_VERSIONS
    ",,,1,6442450944,,3600000,"PYTHONNOUSERSITE=1
R_PROFILE_USER=/.Rprofile
R_ENVIRON_USER=/.Renviron
JULIA_DEPOT_PATH=/usr/local/share/julia
PATH=$PATH:/home/martin/Projects/assembly-analysis-pipeline/bin
",,36,5,,AMD Ryzen 5 5600X 6-Core Processor
irreverent_northcutt,ERZ102,67,72/40f36c,81525,CONCATENATE_INTERPROSCAN_GFFS,[],community.wave.seqera.io/library/python:3.13.1--d00663700fcc8bcf,ERZ102,EBIMETAGENOMICS:ASSEMBLY_ANALYSIS_PIPELINE:FUNCTIONAL_ANNOTATION:CONCATENATE_INTERPROSCAN_GFFS (ERZ102),COMPLETED,0,1776013136461,1776013136531,1776013137599,1138,39,84.2,0.1,14082048,19849216,14082048,19849216,1012799,6896,286,19,0,12288,1,/home/martin/Projects/assembly-analysis-pipeline/work/72/40f36c7e648275b6121f76a4b7cc1d,"
    concatenate_gffs.py \
    --gffs gffs/*.gff.gz  \
    --output ERZ102_concatenated.gff.gz

    cat <<-END_VERSIONS > versions.yml
    ""EBIMETAGENOMICS:ASSEMBLY_ANALYSIS_PIPELINE:FUNCTIONAL_ANNOTATION:CONCATENATE_INTERPROSCAN_GFFS"":
        python: $(python --version 2>&1 | sed 's/Python //g')
    END_VERSIONS
    ",,,1,6442450944,,3600000,"PYTHONNOUSERSITE=1
R_PROFILE_USER=/.Rprofile
R_ENVIRON_USER=/.Renviron
JULIA_DEPOT_PATH=/usr/local/share/julia
PATH=$PATH:/home/martin/Projects/assembly-analysis-pipeline/bin
",,1,6,,AMD Ryzen 5 5600X 6-Core Processor
irreverent_northcutt,ERZ102,74,de/921d94,81576,CONCATENATE_DBCAN_GFFS,[],community.wave.seqera.io/library/python:3.13.1--d00663700fcc8bcf,ERZ102,EBIMETAGENOMICS:ASSEMBLY_ANALYSIS_PIPELINE:FUNCTIONAL_ANNOTATION:CONCATENATE_DBCAN_GFFS (ERZ102),COMPLETED,0,1776013136533,1776013136630,1776013137645,1112,36,115.4,0.1,13873152,19804160,13873152,19804160,1000769,1637,287,18,0,8192,1,/home/martin/Projects/assembly-analysis-pipeline/work/de/921d94159274b101ed1cf85bd2aacd,"
    concatenate_gffs.py \
    --gffs gffs/*.gff.gz  \
    --output ERZ102_dbcan_cgc_concatenated.gff.gz

    cat <<-END_VERSIONS > versions.yml
    ""EBIMETAGENOMICS:ASSEMBLY_ANALYSIS_PIPELINE:FUNCTIONAL_ANNOTATION:CONCATENATE_DBCAN_GFFS"":
        python: $(python --version 2>&1 | sed 's/Python //g')
    END_VERSIONS
    ",,,1,6442450944,,3600000,"PYTHONNOUSERSITE=1
R_PROFILE_USER=/.Rprofile
R_ENVIRON_USER=/.Renviron
JULIA_DEPOT_PATH=/usr/local/share/julia
PATH=$PATH:/home/martin/Projects/assembly-analysis-pipeline/bin
",,1,10,,AMD Ryzen 5 5600X 6-Core Processor
irreverent_northcutt,ERZ101,76,05/81fd28,81981,CONCATENATE_DBCAN_GFFS,[],community.wave.seqera.io/library/python:3.13.1--d00663700fcc8bcf,ERZ101,EBIMETAGENOMICS:ASSEMBLY_ANALYSIS_PIPELINE:FUNCTIONAL_ANNOTATION:CONCATENATE_DBCAN_GFFS (ERZ101),COMPLETED,0,1776013137603,1776013137646,1776013138747,1144,40,126.3,0.1,14344192,19984384,14344192,19984384,1000814,1676,287,18,0,8192,1,/home/martin/Projects/assembly-analysis-pipeline/work/05/81fd28d16bfb69adc5206fae6580b7,"
    concatenate_gffs.py \
    --gffs gffs/*.gff.gz  \
    --output ERZ101_dbcan_cgc_concatenated.gff.gz

    cat <<-END_VERSIONS > versions.yml
    ""EBIMETAGENOMICS:ASSEMBLY_ANALYSIS_PIPELINE:FUNCTIONAL_ANNOTATION:CONCATENATE_DBCAN_GFFS"":
        python: $(python --version 2>&1 | sed 's/Python //g')
    END_VERSIONS
    ",,,1,6442450944,,3600000,"PYTHONNOUSERSITE=1
R_PROFILE_USER=/.Rprofile
R_ENVIRON_USER=/.Renviron
JULIA_DEPOT_PATH=/usr/local/share/julia
PATH=$PATH:/home/martin/Projects/assembly-analysis-pipeline/bin
",,1,9,,AMD Ryzen 5 5600X 6-Core Processor
irreverent_northcutt,ERZ101,85,ce/e921fb,82029,MGNIFYPIPELINESTOOLKIT_KRONATXTFROMCATCLASSIFICATION,[],quay.io/microbiome-informatics/mgnify-pipelines-toolkit:1.4.14,ERZ101,EBIMETAGENOMICS:ASSEMBLY_ANALYSIS_PIPELINE:CONTIGS_TAXONOMIC_CLASSIFICATION:MGNIFYPIPELINESTOOLKIT_KRONATXTFROMCATCLASSIFICATION (ERZ101),COMPLETED,0,1776013137649,1776013137745,1776013138890,1241,99,92.3,0.1,14372864,19177472,14372864,19177472,3311153,1351,539,23,0,16384,1,/home/martin/Projects/assembly-analysis-pipeline/work/ce/e921fb5de59bad94cca2623e8bda57,"
    gunzip -c ERZ101.contig2classification.txt.gz > ERZ101.contig2classification.txt

    krona_txt_from_cat_classification \
        --input ERZ101.contig2classification.txt \
        --output ERZ101.krona.txt \
        --names_dmp tax/names.dmp \
        --nodes_dmp tax/nodes.dmp

    gzip ERZ101.krona.txt

    cat <<-END_VERSIONS > versions.yml
    ""EBIMETAGENOMICS:ASSEMBLY_ANALYSIS_PIPELINE:CONTIGS_TAXONOMIC_CLASSIFICATION:MGNIFYPIPELINESTOOLKIT_KRONATXTFROMCATCLASSIFICATION"":
        mgnify-pipelines-toolkit: $(get_mpt_version)
    END_VERSIONS
    ",,,1,6442450944,,3600000,"PYTHONNOUSERSITE=1
R_PROFILE_USER=/.Rprofile
R_ENVIRON_USER=/.Renviron
JULIA_DEPOT_PATH=/usr/local/share/julia
PATH=$PATH:/home/martin/Projects/assembly-analysis-pipeline/bin
",,2,12,,AMD Ryzen 5 5600X 6-Core Processor
irreverent_northcutt,ERZ102,86,75/2abf06,82453,KRONA_KTIMPORTTEXT,[],quay.io/biocontainers/krona:2.8.1--pl5321hdfd78af_1,ERZ102,EBIMETAGENOMICS:ASSEMBLY_ANALYSIS_PIPELINE:CONTIGS_TAXONOMIC_CLASSIFICATION:KRONA_KTIMPORTTEXT (ERZ102),COMPLETED,0,1776013138750,1776013138847,1776013139869,1119,64,97.7,0.0,10117120,22695936,10117120,22708224,954506,230510,376,47,5058560,241664,1,/home/martin/Projects/assembly-analysis-pipeline/work/75/2abf067f77971599af4f0ad6906011,"
    gunzip -c ERZ102.krona.txt.gz > ERZ102.krona.txt

    ktImportText  \
        -n ERZ102 \
        -o ERZ102.html \
        ERZ102.krona.txt

    cat <<-END_VERSIONS > versions.yml
    ""EBIMETAGENOMICS:ASSEMBLY_ANALYSIS_PIPELINE:CONTIGS_TAXONOMIC_CLASSIFICATION:KRONA_KTIMPORTTEXT"":
        krona: $( echo $(ktImportText 2>&1) | sed 's/^.*KronaTools //g; s/- ktImportText.*$//g')
    END_VERSIONS
    ",,,1,6442450944,,3600000,"PYTHONNOUSERSITE=1
R_PROFILE_USER=/.Rprofile
R_ENVIRON_USER=/.Renviron
JULIA_DEPOT_PATH=/usr/local/share/julia
PATH=$PATH:/home/martin/Projects/assembly-analysis-pipeline/bin
",,35,0,,AMD Ryzen 5 5600X 6-Core Processor
irreverent_northcutt,ERZ102,68,37/6ed33c,82736,CONCATENATE_INTERPROSCAN_TSV,[],quay.io/biocontainers/pigz:2.3.4,ERZ102,EBIMETAGENOMICS:ASSEMBLY_ANALYSIS_PIPELINE:FUNCTIONAL_ANNOTATION:CONCATENATE_INTERPROSCAN_TSV (ERZ102),COMPLETED,0,1776013139874,1776013139969,1776013141937,2063,0,133.3,0.0,3039232,11583488,3039232,11587584,45169,5975,141,18,1576960,16384,1,/home/martin/Projects/assembly-analysis-pipeline/work/37/6ed33c50293740b204c7654cba4a53,"
    cat \
         \
        ERZ102_001.tsv.gz \
         \
        > ERZ102_interproscan.tsv.gz

    cat <<-END_VERSIONS > versions.yml
    ""EBIMETAGENOMICS:ASSEMBLY_ANALYSIS_PIPELINE:FUNCTIONAL_ANNOTATION:CONCATENATE_INTERPROSCAN_TSV"":
        pigz: $( pigz --version 2>&1 | sed 's/pigz //g' )
    END_VERSIONS
    ",,,2,12884901888,,3600000,"PYTHONNOUSERSITE=1
R_PROFILE_USER=/.Rprofile
R_ENVIRON_USER=/.Renviron
JULIA_DEPOT_PATH=/usr/local/share/julia
PATH=$PATH:/home/martin/Projects/assembly-analysis-pipeline/bin
",,2,1,,AMD Ryzen 5 5600X 6-Core Processor
irreverent_northcutt,ERZ101,69,9a/0f325b,83017,CONCATENATE_INTERPROSCAN_TSV,[],quay.io/biocontainers/pigz:2.3.4,ERZ101,EBIMETAGENOMICS:ASSEMBLY_ANALYSIS_PIPELINE:FUNCTIONAL_ANNOTATION:CONCATENATE_INTERPROSCAN_TSV (ERZ101),COMPLETED,0,1776013141940,1776013142038,1776013143946,2006,0,0.0,0.0,3035136,11583488,3035136,11587584,45040,5851,141,18,16384,16384,1,/home/martin/Projects/assembly-analysis-pipeline/work/9a/0f325b79fce64c2d5b61e85fe6fe62,"
    cat \
         \
        ERZ101_001.tsv.gz \
         \
        > ERZ101_interproscan.tsv.gz

    cat <<-END_VERSIONS > versions.yml
    ""EBIMETAGENOMICS:ASSEMBLY_ANALYSIS_PIPELINE:FUNCTIONAL_ANNOTATION:CONCATENATE_INTERPROSCAN_TSV"":
        pigz: $( pigz --version 2>&1 | sed 's/pigz //g' )
    END_VERSIONS
    ",,,2,12884901888,,3600000,"PYTHONNOUSERSITE=1
R_PROFILE_USER=/.Rprofile
R_ENVIRON_USER=/.Renviron
JULIA_DEPOT_PATH=/usr/local/share/julia
PATH=$PATH:/home/martin/Projects/assembly-analysis-pipeline/bin
",,2,0,,AMD Ryzen 5 5600X 6-Core Processor
irreverent_northcutt,ERZ102,71,35/eb1c36,83277,CONCATENATE_HMMSEARCH_TBLOUT,[],quay.io/biocontainers/pigz:2.3.4,ERZ102,EBIMETAGENOMICS:ASSEMBLY_ANALYSIS_PIPELINE:FUNCTIONAL_ANNOTATION:CONCATENATE_HMMSEARCH_TBLOUT (ERZ102),COMPLETED,0,1776013143951,1776013144047,1776013145968,2017,0,100.0,0.0,3080192,11583488,3080192,11587584,40403,1227,140,17,4096,12288,1,/home/martin/Projects/assembly-analysis-pipeline/work/35/eb1c36bcb1ce9c9fdebb3664e86c04,"
    cat \
         \
        ERZ102_001.tbl.gz \
         \
        > ERZ102.tbl.gz

    cat <<-END_VERSIONS > versions.yml
    ""EBIMETAGENOMICS:ASSEMBLY_ANALYSIS_PIPELINE:FUNCTIONAL_ANNOTATION:CONCATENATE_HMMSEARCH_TBLOUT"":
        pigz: $( pigz --version 2>&1 | sed 's/pigz //g' )
    END_VERSIONS
    ",,,2,12884901888,,3600000,"PYTHONNOUSERSITE=1
R_PROFILE_USER=/.Rprofile
R_ENVIRON_USER=/.Renviron
JULIA_DEPOT_PATH=/usr/local/share/julia
PATH=$PATH:/home/martin/Projects/assembly-analysis-pipeline/bin
",,2,1,,AMD Ryzen 5 5600X 6-Core Processor
irreverent_northcutt,ERZ101,72,f4/5b1bb6,83533,CONCATENATE_HMMSEARCH_TBLOUT,[],quay.io/biocontainers/pigz:2.3.4,ERZ101,EBIMETAGENOMICS:ASSEMBLY_ANALYSIS_PIPELINE:FUNCTIONAL_ANNOTATION:CONCATENATE_HMMSEARCH_TBLOUT (ERZ101),COMPLETED,0,1776013145971,1776013146068,1776013147993,2022,0,0.0,0.0,3088384,11583488,3088384,11587584,40404,1228,140,17,0,12288,1,/home/martin/Projects/assembly-analysis-pipeline/work/f4/5b1bb6258e0925e9756a6b08c9bedf,"
    cat \
         \
        ERZ101_001.tbl.gz \
         \
        > ERZ101.tbl.gz

    cat <<-END_VERSIONS > versions.yml
    ""EBIMETAGENOMICS:ASSEMBLY_ANALYSIS_PIPELINE:FUNCTIONAL_ANNOTATION:CONCATENATE_HMMSEARCH_TBLOUT"":
        pigz: $( pigz --version 2>&1 | sed 's/pigz //g' )
    END_VERSIONS
    ",,,2,12884901888,,3600000,"PYTHONNOUSERSITE=1
R_PROFILE_USER=/.Rprofile
R_ENVIRON_USER=/.Renviron
JULIA_DEPOT_PATH=/usr/local/share/julia
PATH=$PATH:/home/martin/Projects/assembly-analysis-pipeline/bin
",,2,0,,AMD Ryzen 5 5600X 6-Core Processor
irreverent_northcutt,ERZ101,73,2b/6b0188,83785,SEQKIT_FIX,[],quay.io/biocontainers/csvtk:0.31.0--h9ee0642_0,ERZ101,EBIMETAGENOMICS:ASSEMBLY_ANALYSIS_PIPELINE:FUNCTIONAL_ANNOTATION:SEQKIT_FIX (ERZ101),COMPLETED,0,1776013147996,1776013148093,1776013149013,1017,0,114.3,0.0,3428352,4497408,3428352,4497408,77048,762,185,20,0,8192,1,/home/martin/Projects/assembly-analysis-pipeline/work/2b/6b0188d2fec1d7bebe0f98e971ce59,"
    csvtk fix --tabs ERZ101_001_dbcansub_hmm_results.tsv.gz > ERZ101.tsv.gz

    cat <<-END_VERSIONS > versions.yml
    ""EBIMETAGENOMICS:ASSEMBLY_ANALYSIS_PIPELINE:FUNCTIONAL_ANNOTATION:SEQKIT_FIX"":
        csvtk: $(echo $( csvtk version | sed -e ""s/csvtk v//g"" ))
    END_VERSIONS
    ",,,2,12884901888,,3600000,"PYTHONNOUSERSITE=1
R_PROFILE_USER=/.Rprofile
R_ENVIRON_USER=/.Renviron
JULIA_DEPOT_PATH=/usr/local/share/julia
PATH=$PATH:/home/martin/Projects/assembly-analysis-pipeline/bin
",,1,1,,AMD Ryzen 5 5600X 6-Core Processor
irreverent_northcutt,ERZ101,80,b2/efe463,84013,CONCATENATE_DBCAN_SUBSTRATES,[],quay.io/biocontainers/csvtk:0.31.0--h9ee0642_0,ERZ101,EBIMETAGENOMICS:ASSEMBLY_ANALYSIS_PIPELINE:FUNCTIONAL_ANNOTATION:CONCATENATE_DBCAN_SUBSTRATES (ERZ101),COMPLETED,0,1776013149017,1776013149113,1776013150074,1057,0,104.3,0.0,3477504,4497408,3477504,4497408,77110,629,185,24,32768,8192,1,/home/martin/Projects/assembly-analysis-pipeline/work/b2/efe4633328e3fccc2939e71a6cbfb3,"
    csvtk \
        concat \
         \
        --num-cpus 2 \
        --delimiter ""	"" \
        --out-delimiter ""	"" \
        --out-file ERZ101_dbcan_substrates.tsv.gz \
        inputs/csv1/ERZ101_001_substrate_prediction.tsv.gz

    cat <<-END_VERSIONS > versions.yml
    ""EBIMETAGENOMICS:ASSEMBLY_ANALYSIS_PIPELINE:FUNCTIONAL_ANNOTATION:CONCATENATE_DBCAN_SUBSTRATES"":
        csvtk: $(echo $( csvtk version | sed -e ""s/csvtk v//g"" ))
    END_VERSIONS
    ",,,2,12884901888,,3600000,"PYTHONNOUSERSITE=1
R_PROFILE_USER=/.Rprofile
R_ENVIRON_USER=/.Renviron
JULIA_DEPOT_PATH=/usr/local/share/julia
PATH=$PATH:/home/martin/Projects/assembly-analysis-pipeline/bin
",,1,1,,AMD Ryzen 5 5600X 6-Core Processor
irreverent_northcutt,ERZ101,79,b3/59fd56,84238,CONCATENATE_DBCAN_OVERVIEW,[],quay.io/biocontainers/csvtk:0.31.0--h9ee0642_0,ERZ101,EBIMETAGENOMICS:ASSEMBLY_ANALYSIS_PIPELINE:FUNCTIONAL_ANNOTATION:CONCATENATE_DBCAN_OVERVIEW (ERZ101),COMPLETED,0,1776013150077,1776013150174,1776013151107,1030,0,104.3,0.0,3428352,4497408,3428352,4497408,77118,606,185,22,0,8192,1,/home/martin/Projects/assembly-analysis-pipeline/work/b3/59fd56acc3c1aa4ef094a37c6377c9,"
    csvtk \
        concat \
         \
        --num-cpus 2 \
        --delimiter ""	"" \
        --out-delimiter ""	"" \
        --out-file ERZ101_dbcan_overview.tsv.gz \
        inputs/csv1/ERZ101_001_overview.tsv.gz

    cat <<-END_VERSIONS > versions.yml
    ""EBIMETAGENOMICS:ASSEMBLY_ANALYSIS_PIPELINE:FUNCTIONAL_ANNOTATION:CONCATENATE_DBCAN_OVERVIEW"":
        csvtk: $(echo $( csvtk version | sed -e ""s/csvtk v//g"" ))
    END_VERSIONS
    ",,,2,12884901888,,3600000,"PYTHONNOUSERSITE=1
R_PROFILE_USER=/.Rprofile
R_ENVIRON_USER=/.Renviron
JULIA_DEPOT_PATH=/usr/local/share/julia
PATH=$PATH:/home/martin/Projects/assembly-analysis-pipeline/bin
",,1,0,,AMD Ryzen 5 5600X 6-Core Processor
irreverent_northcutt,ERZ102,75,83/50bce8,84466,CONCATENATE_DBCAN_SUBSTRATES,[],quay.io/biocontainers/csvtk:0.31.0--h9ee0642_0,ERZ102,EBIMETAGENOMICS:ASSEMBLY_ANALYSIS_PIPELINE:FUNCTIONAL_ANNOTATION:CONCATENATE_DBCAN_SUBSTRATES (ERZ102),COMPLETED,0,1776013151110,1776013151206,1776013152148,1038,0,104.3,0.0,3350528,4497408,3350528,4497408,77094,617,185,24,0,8192,1,/home/martin/Projects/assembly-analysis-pipeline/work/83/50bce813f28f8107d8f4ce2a9e1a49,"
    csvtk \
        concat \
         \
        --num-cpus 2 \
        --delimiter ""	"" \
        --out-delimiter ""	"" \
        --out-file ERZ102_dbcan_substrates.tsv.gz \
        inputs/csv1/ERZ102_001_substrate_prediction.tsv.gz

    cat <<-END_VERSIONS > versions.yml
    ""EBIMETAGENOMICS:ASSEMBLY_ANALYSIS_PIPELINE:FUNCTIONAL_ANNOTATION:CONCATENATE_DBCAN_SUBSTRATES"":
        csvtk: $(echo $( csvtk version | sed -e ""s/csvtk v//g"" ))
    END_VERSIONS
    ",,,2,12884901888,,3600000,"PYTHONNOUSERSITE=1
R_PROFILE_USER=/.Rprofile
R_ENVIRON_USER=/.Renviron
JULIA_DEPOT_PATH=/usr/local/share/julia
PATH=$PATH:/home/martin/Projects/assembly-analysis-pipeline/bin
",,1,1,,AMD Ryzen 5 5600X 6-Core Processor
irreverent_northcutt,ERZ102,77,9d/f43562,84695,CONCATENATE_DBCAN_OVERVIEW,[],quay.io/biocontainers/csvtk:0.31.0--h9ee0642_0,ERZ102,EBIMETAGENOMICS:ASSEMBLY_ANALYSIS_PIPELINE:FUNCTIONAL_ANNOTATION:CONCATENATE_DBCAN_OVERVIEW (ERZ102),COMPLETED,0,1776013152151,1776013152248,1776013153173,1022,0,96.0,0.0,3428352,4497408,3428352,4497408,77117,605,185,22,0,8192,1,/home/martin/Projects/assembly-analysis-pipeline/work/9d/f4356247bd92425dd728a5d7794249,"
    csvtk \
        concat \
         \
        --num-cpus 2 \
        --delimiter ""	"" \
        --out-delimiter ""	"" \
        --out-file ERZ102_dbcan_overview.tsv.gz \
        inputs/csv1/ERZ102_001_overview.tsv.gz

    cat <<-END_VERSIONS > versions.yml
    ""EBIMETAGENOMICS:ASSEMBLY_ANALYSIS_PIPELINE:FUNCTIONAL_ANNOTATION:CONCATENATE_DBCAN_OVERVIEW"":
        csvtk: $(echo $( csvtk version | sed -e ""s/csvtk v//g"" ))
    END_VERSIONS
    ",,,2,12884901888,,3600000,"PYTHONNOUSERSITE=1
R_PROFILE_USER=/.Rprofile
R_ENVIRON_USER=/.Renviron
JULIA_DEPOT_PATH=/usr/local/share/julia
PATH=$PATH:/home/martin/Projects/assembly-analysis-pipeline/bin
",,1,0,,AMD Ryzen 5 5600X 6-Core Processor
irreverent_northcutt,ERZ102,78,27/e71a17,84927,CONCATENATE_DBCAN_STANDARD_OUT,[],quay.io/biocontainers/csvtk:0.31.0--h9ee0642_0,ERZ102,EBIMETAGENOMICS:ASSEMBLY_ANALYSIS_PIPELINE:FUNCTIONAL_ANNOTATION:CONCATENATE_DBCAN_STANDARD_OUT (ERZ102),COMPLETED,0,1776013153176,1776013153273,1776013154206,1030,0,104.3,0.0,3371008,4497408,3371008,4497408,77109,595,185,22,0,8192,1,/home/martin/Projects/assembly-analysis-pipeline/work/27/e71a17020f770e079f40ba16073e67,"
    csvtk \
        concat \
         \
        --num-cpus 2 \
        --delimiter ""	"" \
        --out-delimiter ""	"" \
        --out-file ERZ102_dbcan_standard_out.tsv.gz \
        inputs/csv1/ERZ102_001_cgc_standard_out.tsv.gz

    cat <<-END_VERSIONS > versions.yml
    ""EBIMETAGENOMICS:ASSEMBLY_ANALYSIS_PIPELINE:FUNCTIONAL_ANNOTATION:CONCATENATE_DBCAN_STANDARD_OUT"":
        csvtk: $(echo $( csvtk version | sed -e ""s/csvtk v//g"" ))
    END_VERSIONS
    ",,,2,12884901888,,3600000,"PYTHONNOUSERSITE=1
R_PROFILE_USER=/.Rprofile
R_ENVIRON_USER=/.Renviron
JULIA_DEPOT_PATH=/usr/local/share/julia
PATH=$PATH:/home/martin/Projects/assembly-analysis-pipeline/bin
",,1,0,,AMD Ryzen 5 5600X 6-Core Processor
irreverent_northcutt,ERZ101,81,aa/7717ca,85159,CONCATENATE_DBCAN_STANDARD_OUT,[],quay.io/biocontainers/csvtk:0.31.0--h9ee0642_0,ERZ101,EBIMETAGENOMICS:ASSEMBLY_ANALYSIS_PIPELINE:FUNCTIONAL_ANNOTATION:CONCATENATE_DBCAN_STANDARD_OUT (ERZ101),COMPLETED,0,1776013154209,1776013154306,1776013155235,1026,0,96.0,0.0,3469312,4497408,3469312,4497408,77092,582,185,22,0,8192,1,/home/martin/Projects/assembly-analysis-pipeline/work/aa/7717caa62d89dd21a55301fe2805c2,"
    csvtk \
        concat \
         \
        --num-cpus 2 \
        --delimiter ""	"" \
        --out-delimiter ""	"" \
        --out-file ERZ101_dbcan_standard_out.tsv.gz \
        inputs/csv1/ERZ101_001_cgc_standard_out.tsv.gz

    cat <<-END_VERSIONS > versions.yml
    ""EBIMETAGENOMICS:ASSEMBLY_ANALYSIS_PIPELINE:FUNCTIONAL_ANNOTATION:CONCATENATE_DBCAN_STANDARD_OUT"":
        csvtk: $(echo $( csvtk version | sed -e ""s/csvtk v//g"" ))
    END_VERSIONS
    ",,,2,12884901888,,3600000,"PYTHONNOUSERSITE=1
R_PROFILE_USER=/.Rprofile
R_ENVIRON_USER=/.Renviron
JULIA_DEPOT_PATH=/usr/local/share/julia
PATH=$PATH:/home/martin/Projects/assembly-analysis-pipeline/bin
",,1,1,,AMD Ryzen 5 5600X 6-Core Processor
irreverent_northcutt,ERZ101,84,f7/7eb307,85387,CONCATENATE_EGGNOGMAPPER_ORTHOLOGS,[],quay.io/biocontainers/pigz:2.3.4,ERZ101,EBIMETAGENOMICS:ASSEMBLY_ANALYSIS_PIPELINE:FUNCTIONAL_ANNOTATION:CONCATENATE_EGGNOGMAPPER_ORTHOLOGS (ERZ101),COMPLETED,0,1776013155248,1776013155335,1776013157269,2021,0,100.0,0.0,3088384,11583488,3088384,11587584,45555,1343,153,20,0,12288,1,/home/martin/Projects/assembly-analysis-pipeline/work/f7/7eb307c44e774c2ad0829b8de4b226,"
    cat \
         \
        ERZ101_001.emapper.seed_orthologs \
        | pigz -c -p 2  \
        > ERZ101_emapper_seed_orthologs.tsv.gz

    cat <<-END_VERSIONS > versions.yml
    ""EBIMETAGENOMICS:ASSEMBLY_ANALYSIS_PIPELINE:FUNCTIONAL_ANNOTATION:CONCATENATE_EGGNOGMAPPER_ORTHOLOGS"":
        pigz: $( pigz --version 2>&1 | sed 's/pigz //g' )
    END_VERSIONS
    ",,,2,12884901888,,3600000,"PYTHONNOUSERSITE=1
R_PROFILE_USER=/.Rprofile
R_ENVIRON_USER=/.Renviron
JULIA_DEPOT_PATH=/usr/local/share/julia
PATH=$PATH:/home/martin/Projects/assembly-analysis-pipeline/bin
",,3,0,,AMD Ryzen 5 5600X 6-Core Processor
irreverent_northcutt,ERZ101,82,3c/a62bd1,85619,EGGNOGMAPPER_ANNOTATIONS,[],quay.io/biocontainers/eggnog-mapper:2.1.12--pyhdfd78af_0,ERZ101,EBIMETAGENOMICS:ASSEMBLY_ANALYSIS_PIPELINE:FUNCTIONAL_ANNOTATION:EGGNOGMAPPER_ANNOTATIONS (ERZ101),COMPLETED,0,1776013157272,1776013157369,1776013159014,1742,730,194.6,0.1,14360576,26558464,14360576,26570752,41052021,20356,4753,98,667648,12288,1,/home/martin/Projects/assembly-analysis-pipeline/work/3c/a62bd1f216ed1c5b1d1f4807642f31,"
    # The --override option is used to prevent this process from failing on retries
    emapper.py \
        --no_file_comments \
        --cpu 4  \
        --data_dir eggnog_mapper \
        --annotate_hits_table ERZ101_001.emapper.seed_orthologs \
        --override \
        --output ERZ101_001_annotations

    cat <<-END_VERSIONS > versions.yml
    ""EBIMETAGENOMICS:ASSEMBLY_ANALYSIS_PIPELINE:FUNCTIONAL_ANNOTATION:EGGNOGMAPPER_ANNOTATIONS"":
        eggnog-mapper: $(echo $(emapper.py --version) | grep -o ""emapper-[0-9]\+\.[0-9]\+\.[0-9]\+"" | sed ""s/emapper-//"")
        eggnog-mapper database: 5.0.2
    END_VERSIONS
    ",,,4,16106127360,,3600000,"PYTHONNOUSERSITE=1
R_PROFILE_USER=/.Rprofile
R_ENVIRON_USER=/.Renviron
JULIA_DEPOT_PATH=/usr/local/share/julia
PATH=$PATH:/home/martin/Projects/assembly-analysis-pipeline/bin
",,2,9,,AMD Ryzen 5 5600X 6-Core Processor
irreverent_northcutt,ERZ102,83,4f/cee95c,85865,CONCATENATE_EGGNOGMAPPER_ORTHOLOGS,[],quay.io/biocontainers/pigz:2.3.4,ERZ102,EBIMETAGENOMICS:ASSEMBLY_ANALYSIS_PIPELINE:FUNCTIONAL_ANNOTATION:CONCATENATE_EGGNOGMAPPER_ORTHOLOGS (ERZ102),COMPLETED,0,1776013159017,1776013159114,1776013161032,2015,0,109.1,0.0,3006464,11583488,3006464,11587584,45554,1343,153,20,4096,12288,1,/home/martin/Projects/assembly-analysis-pipeline/work/4f/cee95c1bbea204b6a5901b64f77981,"
    cat \
         \
        ERZ102_001.emapper.seed_orthologs \
        | pigz -c -p 2  \
        > ERZ102_emapper_seed_orthologs.tsv.gz

    cat <<-END_VERSIONS > versions.yml
    ""EBIMETAGENOMICS:ASSEMBLY_ANALYSIS_PIPELINE:FUNCTIONAL_ANNOTATION:CONCATENATE_EGGNOGMAPPER_ORTHOLOGS"":
        pigz: $( pigz --version 2>&1 | sed 's/pigz //g' )
    END_VERSIONS
    ",,,2,12884901888,,3600000,"PYTHONNOUSERSITE=1
R_PROFILE_USER=/.Rprofile
R_ENVIRON_USER=/.Renviron
JULIA_DEPOT_PATH=/usr/local/share/julia
PATH=$PATH:/home/martin/Projects/assembly-analysis-pipeline/bin
",,3,0,,AMD Ryzen 5 5600X 6-Core Processor
irreverent_northcutt,ERZ101,87,73/f4dc87,86092,KRONA_KTIMPORTTEXT,[],quay.io/biocontainers/krona:2.8.1--pl5321hdfd78af_1,ERZ101,EBIMETAGENOMICS:ASSEMBLY_ANALYSIS_PIPELINE:CONTIGS_TAXONOMIC_CLASSIFICATION:KRONA_KTIMPORTTEXT (ERZ101),COMPLETED,0,1776013161034,1776013161132,1776013162132,1098,56,116.7,0.0,11526144,23957504,11526144,23969792,954499,230505,376,47,81920,241664,1,/home/martin/Projects/assembly-analysis-pipeline/work/73/f4dc87e0faa4ad8a617ae92b8f44b6,"
    gunzip -c ERZ101.krona.txt.gz > ERZ101.krona.txt

    ktImportText  \
        -n ERZ101 \
        -o ERZ101.html \
        ERZ101.krona.txt

    cat <<-END_VERSIONS > versions.yml
    ""EBIMETAGENOMICS:ASSEMBLY_ANALYSIS_PIPELINE:CONTIGS_TAXONOMIC_CLASSIFICATION:KRONA_KTIMPORTTEXT"":
        krona: $( echo $(ktImportText 2>&1) | sed 's/^.*KronaTools //g; s/- ktImportText.*$//g')
    END_VERSIONS
    ",,,1,6442450944,,3600000,"PYTHONNOUSERSITE=1
R_PROFILE_USER=/.Rprofile
R_ENVIRON_USER=/.Renviron
JULIA_DEPOT_PATH=/usr/local/share/julia
PATH=$PATH:/home/martin/Projects/assembly-analysis-pipeline/bin
",,2,0,,AMD Ryzen 5 5600X 6-Core Processor
irreverent_northcutt,ERZ102,88,e9/192cf7,86093,GENERATEGAF,[],quay.io/biocontainers/mgnify-pipelines-toolkit:1.2.0--pyhdfd78af_0,ERZ102,EBIMETAGENOMICS:ASSEMBLY_ANALYSIS_PIPELINE:FUNCTIONAL_ANNOTATION:GOSLIM_SWF:GENERATEGAF (ERZ102),COMPLETED,0,1776013161037,1776013161133,1776013162256,1219,1000,80.4,0.0,3379200,4497408,3379200,4497408,4049587,33375,585,22,15175680,40960,1,/home/martin/Projects/assembly-analysis-pipeline/work/e9/192cf7ad10cd6562cc49f4c100609b,"
    gunzip -c ERZ102_interproscan.tsv.gz > ERZ102_interproscan.tsv

    generate_gaf \
        -i ERZ102_interproscan.tsv \
        -o ERZ102 \

    cat <<-END_VERSIONS > versions.yml
    ""EBIMETAGENOMICS:ASSEMBLY_ANALYSIS_PIPELINE:FUNCTIONAL_ANNOTATION:GOSLIM_SWF:GENERATEGAF"":
        mgnify-pipelines-toolkit: $(get_mpt_version)
    END_VERSIONS
    ",,,1,6442450944,,3600000,"PYTHONNOUSERSITE=1
R_PROFILE_USER=/.Rprofile
R_ENVIRON_USER=/.Renviron
JULIA_DEPOT_PATH=/usr/local/share/julia
PATH=$PATH:/home/martin/Projects/assembly-analysis-pipeline/bin
",,3,1,,AMD Ryzen 5 5600X 6-Core Processor
irreverent_northcutt,ERZ102,89,bd/ed7bf2,86453,INTERPRO_SUMMARY,[],community.wave.seqera.io/library/csvtk_tabix_pip_biopython:7eabdb397e7420a3,ERZ102,EBIMETAGENOMICS:ASSEMBLY_ANALYSIS_PIPELINE:FUNCTIONAL_ANNOTATION:INTERPRO_SUMMARY (ERZ102),COMPLETED,0,1776013162136,1776013162232,1776013163275,1139,35,153.2,0.0,3710976,4874240,3710976,4874240,189445,63342,274,55,25763840,12288,1,/home/martin/Projects/assembly-analysis-pipeline/work/bd/ed7bf2ba46e3e3a13830e386489f62,"
    # This csvtk minipipeline extracts InterProScan - InterPro accession counts:
    # . Fix the quotation, sometimes the TSV has quotes where it shouldn't
    # . Picks the rows with an InterPro hit which are those where the InterPro column is not empty or with ""-"" character
    # . Extracts the 12th InterPro annotations - accession (e.g. IPR002093) and 13th InterPro annotations - description (e.g. BRCA2 repeat)
    # . Counts the frequency of the IPS accessions (we use accession and description because we need the description too)
    # . Adds headers ('interpro_accession', 'description' and 'count') the TSV.
    # . The TSV is compressed with bgzip (which is fully compatible with gzip), the index is (.gzi) used on the website.

    csvtk fix-quotes --tabs --no-header-row ERZ102_interproscan.tsv.gz | \
    csvtk filter2 --tabs --no-header-row --filter '$12 != """" && $12 != ""-""' | \
    csvtk cut --tabs --no-header-row --fields 12,13 | \
    csvtk freq --tabs --no-header-row --fields 1,2 --reverse --sort-by-freq | \
    csvtk add-header --tabs --no-header-row --names interpro_accession,description,count | \
    bgzip --stdout -@1 --index --index-name ERZ102_interpro_summary.tsv.gz.gzi > ERZ102_interpro_summary.tsv.gz

    cat <<-END_VERSIONS > versions.yml
    ""EBIMETAGENOMICS:ASSEMBLY_ANALYSIS_PIPELINE:FUNCTIONAL_ANNOTATION:INTERPRO_SUMMARY"":
        csvtk: $(echo $( csvtk version | sed -e ""s/csvtk v//g"" ))
        tabix: $(echo $(tabix -h 2>&1) | sed 's/^.*Version: //; s/ .*$//')
    END_VERSIONS
    ",,,1,6442450944,,3600000,"PYTHONNOUSERSITE=1
R_PROFILE_USER=/.Rprofile
R_ENVIRON_USER=/.Renviron
JULIA_DEPOT_PATH=/usr/local/share/julia
PATH=$PATH:/home/martin/Projects/assembly-analysis-pipeline/bin
",,33,1,,AMD Ryzen 5 5600X 6-Core Processor
irreverent_northcutt,ERZ102,90,20/525010,86572,PFAM_SUMMARY,[],community.wave.seqera.io/library/csvtk_tabix_pip_biopython:7eabdb397e7420a3,ERZ102,EBIMETAGENOMICS:ASSEMBLY_ANALYSIS_PIPELINE:FUNCTIONAL_ANNOTATION:PFAM_SUMMARY (ERZ102),COMPLETED,0,1776013162259,1776013162357,1776013163408,1149,24,171.4,0.0,3756032,4874240,3756032,4874240,162129,36208,270,55,0,12288,1,/home/martin/Projects/assembly-analysis-pipeline/work/20/525010126263077f16665b34033f0b,"
    # This csvtk minipipeline extracts Pfam rows:
    # . Fix the quotation, sometimes the TSV has quotes where it shouldn't
    # . Picks the Pfam rows.
    # . Extracts the 5th (Pfam accession) and 6th (description) columns.
    # . Counts the frequency of the pfams (we use pfam accession and description because we need the description too)
    # . Adds headers ('pfam', 'description' and 'count') the TSV.
    # . The TSV is compressed with bgzip (which is fully compatible with gzip), the index is (.gzi) used on the website.

    csvtk fix-quotes --tabs --no-header-row ERZ102_interproscan.tsv.gz | \
    csvtk filter2 --tabs --no-header-row --filter '$4 == ""Pfam""' | \
    csvtk cut --tabs --no-header-row --fields 5,6 | \
    csvtk freq --tabs --no-header-row --fields 1,2 --reverse --sort-by-freq | \
    csvtk add-header --tabs --no-header-row --names pfam,description,count | \
    bgzip --stdout -@1 --index --index-name ERZ102_pfam_summary.tsv.gz.gzi > ERZ102_pfam_summary.tsv.gz

    cat <<-END_VERSIONS > versions.yml
    ""EBIMETAGENOMICS:ASSEMBLY_ANALYSIS_PIPELINE:FUNCTIONAL_ANNOTATION:PFAM_SUMMARY"":
        csvtk: $(echo $( csvtk version | sed -e ""s/csvtk v//g"" ))
        tabix: $(echo $(tabix -h 2>&1) | sed 's/^.*Version: //; s/ .*$//')
    END_VERSIONS
    ",,,1,6442450944,,3600000,"PYTHONNOUSERSITE=1
R_PROFILE_USER=/.Rprofile
R_ENVIRON_USER=/.Renviron
JULIA_DEPOT_PATH=/usr/local/share/julia
PATH=$PATH:/home/martin/Projects/assembly-analysis-pipeline/bin
",,1,0,,AMD Ryzen 5 5600X 6-Core Processor
irreverent_northcutt,ERZ101,93,4d/ab460b,87225,PFAM_SUMMARY,[],community.wave.seqera.io/library/csvtk_tabix_pip_biopython:7eabdb397e7420a3,ERZ101,EBIMETAGENOMICS:ASSEMBLY_ANALYSIS_PIPELINE:FUNCTIONAL_ANNOTATION:PFAM_SUMMARY (ERZ101),COMPLETED,0,1776013163278,1776013163376,1776013164424,1146,21,200.0,0.0,3616768,4874240,3616768,4874240,161736,35921,271,55,0,12288,1,/home/martin/Projects/assembly-analysis-pipeline/work/4d/ab460b85b4dc4d044e6f1189ef0536,"
    # This csvtk minipipeline extracts Pfam rows:
    # . Fix the quotation, sometimes the TSV has quotes where it shouldn't
    # . Picks the Pfam rows.
    # . Extracts the 5th (Pfam accession) and 6th (description) columns.
    # . Counts the frequency of the pfams (we use pfam accession and description because we need the description too)
    # . Adds headers ('pfam', 'description' and 'count') the TSV.
    # . The TSV is compressed with bgzip (which is fully compatible with gzip), the index is (.gzi) used on the website.

    csvtk fix-quotes --tabs --no-header-row ERZ101_interproscan.tsv.gz | \
    csvtk filter2 --tabs --no-header-row --filter '$4 == ""Pfam""' | \
    csvtk cut --tabs --no-header-row --fields 5,6 | \
    csvtk freq --tabs --no-header-row --fields 1,2 --reverse --sort-by-freq | \
    csvtk add-header --tabs --no-header-row --names pfam,description,count | \
    bgzip --stdout -@1 --index --index-name ERZ101_pfam_summary.tsv.gz.gzi > ERZ101_pfam_summary.tsv.gz

    cat <<-END_VERSIONS > versions.yml
    ""EBIMETAGENOMICS:ASSEMBLY_ANALYSIS_PIPELINE:FUNCTIONAL_ANNOTATION:PFAM_SUMMARY"":
        csvtk: $(echo $( csvtk version | sed -e ""s/csvtk v//g"" ))
        tabix: $(echo $(tabix -h 2>&1) | sed 's/^.*Version: //; s/ .*$//')
    END_VERSIONS
    ",,,1,6442450944,,3600000,"PYTHONNOUSERSITE=1
R_PROFILE_USER=/.Rprofile
R_ENVIRON_USER=/.Renviron
JULIA_DEPOT_PATH=/usr/local/share/julia
PATH=$PATH:/home/martin/Projects/assembly-analysis-pipeline/bin
",,1,0,,AMD Ryzen 5 5600X 6-Core Processor
irreverent_northcutt,ERZ101,94,e2/056624,87351,GENERATEGAF,[],quay.io/biocontainers/mgnify-pipelines-toolkit:1.2.0--pyhdfd78af_0,ERZ101,EBIMETAGENOMICS:ASSEMBLY_ANALYSIS_PIPELINE:FUNCTIONAL_ANNOTATION:GOSLIM_SWF:GENERATEGAF (ERZ101),COMPLETED,0,1776013163411,1776013163507,1776013164564,1153,0,103.1,0.0,3411968,4497408,3411968,4497408,4049179,33077,585,22,20480,40960,1,/home/martin/Projects/assembly-analysis-pipeline/work/e2/0566241447621ee0fb1eddb2da1eb8,"
    gunzip -c ERZ101_interproscan.tsv.gz > ERZ101_interproscan.tsv

    generate_gaf \
        -i ERZ101_interproscan.tsv \
        -o ERZ101 \

    cat <<-END_VERSIONS > versions.yml
    ""EBIMETAGENOMICS:ASSEMBLY_ANALYSIS_PIPELINE:FUNCTIONAL_ANNOTATION:GOSLIM_SWF:GENERATEGAF"":
        mgnify-pipelines-toolkit: $(get_mpt_version)
    END_VERSIONS
    ",,,1,6442450944,,3600000,"PYTHONNOUSERSITE=1
R_PROFILE_USER=/.Rprofile
R_ENVIRON_USER=/.Renviron
JULIA_DEPOT_PATH=/usr/local/share/julia
PATH=$PATH:/home/martin/Projects/assembly-analysis-pipeline/bin
",,2,0,,AMD Ryzen 5 5600X 6-Core Processor
irreverent_northcutt,ERZ101,95,10/45d6f9,87825,INTERPRO_SUMMARY,[],community.wave.seqera.io/library/csvtk_tabix_pip_biopython:7eabdb397e7420a3,ERZ101,EBIMETAGENOMICS:ASSEMBLY_ANALYSIS_PIPELINE:FUNCTIONAL_ANNOTATION:INTERPRO_SUMMARY (ERZ101),COMPLETED,0,1776013164428,1776013164524,1776013165626,1198,22,225.0,0.0,3751936,4874240,3751936,4874240,189068,63040,265,55,16384,12288,1,/home/martin/Projects/assembly-analysis-pipeline/work/10/45d6f95923bc99edd72c1221c7212b,"
    # This csvtk minipipeline extracts InterProScan - InterPro accession counts:
    # . Fix the quotation, sometimes the TSV has quotes where it shouldn't
    # . Picks the rows with an InterPro hit which are those where the InterPro column is not empty or with ""-"" character
    # . Extracts the 12th InterPro annotations - accession (e.g. IPR002093) and 13th InterPro annotations - description (e.g. BRCA2 repeat)
    # . Counts the frequency of the IPS accessions (we use accession and description because we need the description too)
    # . Adds headers ('interpro_accession', 'description' and 'count') the TSV.
    # . The TSV is compressed with bgzip (which is fully compatible with gzip), the index is (.gzi) used on the website.

    csvtk fix-quotes --tabs --no-header-row ERZ101_interproscan.tsv.gz | \
    csvtk filter2 --tabs --no-header-row --filter '$12 != """" && $12 != ""-""' | \
    csvtk cut --tabs --no-header-row --fields 12,13 | \
    csvtk freq --tabs --no-header-row --fields 1,2 --reverse --sort-by-freq | \
    csvtk add-header --tabs --no-header-row --names interpro_accession,description,count | \
    bgzip --stdout -@1 --index --index-name ERZ101_interpro_summary.tsv.gz.gzi > ERZ101_interpro_summary.tsv.gz

    cat <<-END_VERSIONS > versions.yml
    ""EBIMETAGENOMICS:ASSEMBLY_ANALYSIS_PIPELINE:FUNCTIONAL_ANNOTATION:INTERPRO_SUMMARY"":
        csvtk: $(echo $( csvtk version | sed -e ""s/csvtk v//g"" ))
        tabix: $(echo $(tabix -h 2>&1) | sed 's/^.*Version: //; s/ .*$//')
    END_VERSIONS
    ",,,1,6442450944,,3600000,"PYTHONNOUSERSITE=1
R_PROFILE_USER=/.Rprofile
R_ENVIRON_USER=/.Renviron
JULIA_DEPOT_PATH=/usr/local/share/julia
PATH=$PATH:/home/martin/Projects/assembly-analysis-pipeline/bin
",,1,1,,AMD Ryzen 5 5600X 6-Core Processor
irreverent_northcutt,ERZ102,98,c5/86fe79,87947,KEGG_ORTHOLOGS_SUMMARY,[],community.wave.seqera.io/library/csvtk_tabix_pip_biopython:7eabdb397e7420a3,ERZ102,EBIMETAGENOMICS:ASSEMBLY_ANALYSIS_PIPELINE:FUNCTIONAL_ANNOTATION:KEGG_ORTHOLOGS_SUMMARY (ERZ102),COMPLETED,0,1776013164568,1776013164664,1776013165889,1321,285,305.3,0.0,3690496,4874240,3690496,4874240,4404324,10238,931,78,53129216,20480,1,/home/martin/Projects/assembly-analysis-pipeline/work/c5/86fe79d6c7ca0410f3c5c8d99015ce,"
    # This mini-pipeline executes a series of steps to process the hmmsearch output:
    # 1. Parses the hmmsearch_concatenated_tblout using biopython - reading from the stdin into the stdout (less IO)
    # 2. Extracts the contig ID from the protein ID format (e.g., transforms ERZxxx_1_2 to ERZxxx_1), including those from FGS. The proteins are used against the KOFams HMMs
    # 3. Uses the `tee` command to split the output into two distinct streams:
    #    - Stream 1:
    #      - Keeps the KO from the hmmer hits
    #      - Joins the KO with the description using the ko_list file (this files is part of the KO database)
    #      - It cuts the KO and the definiton from the joined file, the definiton is what we use for the description
    #      - It removes the header of the file now (we need to this to avoid a duplicated header when running freq)
    #      - Computes the frequency of each unique KO ID / Description (we do this to keep it simple - it should be only by KO ID but the KO ID + Desc is also unique).
    #        The file is also sorted from most frequent to least
    #      - Adds appropriate header names and reorders the fields, we need a count column that has the frequency count
    #      - We swap the columns, the count has to be the last
    #      - Compresses the file with bgzip and creates an index for it.
    #        The processed data ends in ERZ102_ko_summary.tsv.gz and ERZ102_ko_summary.tsv.gz.gzi
    #    - Stream 2:
    #      - Extracts the first (KO ID) and second (contig ID) fields.
    #      - Adds the header
    #      - Compresses the file with bgzipa and creates an index for it.
    #        The processed data ends in ERZ102_ko_per_contig.tsv.gz and ERZ102_ko_per_contig.tsv.gz.gzi
    #
    # Both output TSV files are compressed using bgzip, and an index is created for each.
    # The compressed files are compatible with gz format, and the index facilitates access on the website.

    # If there is a retry csvtk will fail with the files already exist
    rm -f ERZ102_ko_summary.tsv.gz || true
    rm -f ERZ102_ko_summary.tsv.gz.gzi || true

    rm -f ERZ102_ko_per_contig.tsv.gz || true
    rm -f ERZ102_ko_per_contig.tsv.gz || true

    # Configure csvtk to use tabs
    export CSVTK_T=true

    hmmsearch_tblout_to_tsv.py ERZ102.tbl.gz | csvtk replace --no-header-row --fields 2 --pattern '^([A-Za-z0-9]+_[0-9]+).*$' --replacement '$1' | \
    tee \
        >(csvtk cut --num-cpus 4 --no-header-row --fields 1 | \
            csvtk add-header --num-cpus 4 --no-header-row --names ko | \
            csvtk join --lazy-quotes --num-cpus 4 --fields ""ko;knum"" - ko_list | \
            csvtk cut --num-cpus 4 --fields ""ko,definition"" | \
            csvtk del-header --num-cpus 4 | \
            csvtk freq --num-cpus 4 --no-header-row --fields 1,2 --reverse --sort-by-freq | \
            csvtk add-header --num-cpus 4 --no-header-row --names ko,description,count | \
            bgzip --stdout -@4 --index --index-name ERZ102_ko_summary.tsv.gz.gzi > ERZ102_ko_summary.tsv.gz
        ) | \
        csvtk cut --num-cpus 4 --no-header-row --fields 1,2 | \
        csvtk add-header --num-cpus 4 --no-header-row --names ko,contig_id | \
        bgzip --stdout -@4 --index --index-name ERZ102_ko_per_contig.tsv.gz.gzi > ERZ102_ko_per_contig.tsv.gz

    # Sanity Check
    # This section verifies that the input file contains at least a few valid annotations.
    # Specifically, it checks that there are at least 2 non-comment lines in the input tblout file.
    # If the input meets this criterion, we expect the output TSV files to be non-empty.

    # Function to check if a gzipped file has at least 2 non-comment lines
    check_gz_file_lines() {
        local gz_file=""$1""

        line_count=$(zcat ""$gz_file"" | grep -v '^#' |  head -n 2 | wc -l)

        # Check if the line count is less than 2
        if [[ $line_count -lt 2 ]]; then
            # Return false if there are less than 2 lines
            return 1
        fi
        # Return true if there are at least 2 lines
        return 0
    }

    # Check if the input file has lines and if the output files are not empty
    if check_gz_file_lines ""ERZ102.tbl.gz""; then
        # If the input file has lines, check the output files
        if ! check_gz_file_lines ""ERZ102_ko_summary.tsv.gz"" || ! check_gz_file_lines ""ERZ102_ko_per_contig.tsv.gz""; then
            echo ""Error: One or more output files do not have at least 2 lines.""
            exit 1
        fi
    else
        echo ""Warning: The input file does not have at least non-comments 2 lines. Skipping output file checks.""
    fi

    cat <<-END_VERSIONS > versions.yml
    ""EBIMETAGENOMICS:ASSEMBLY_ANALYSIS_PIPELINE:FUNCTIONAL_ANNOTATION:KEGG_ORTHOLOGS_SUMMARY"":
        biopython: $(python -c ""import Bio; print(Bio.__version__)"")
        csvtk: $(echo $( csvtk version | sed -e ""s/csvtk v//g"" ))
        tabix: $(echo $(tabix -h 2>&1) | sed 's/^.*Version: //; s/ .*$//')
    END_VERSIONS
    ",,,4,6442450944,,3600000,"PYTHONNOUSERSITE=1
R_PROFILE_USER=/.Rprofile
R_ENVIRON_USER=/.Renviron
JULIA_DEPOT_PATH=/usr/local/share/julia
PATH=$PATH:/home/martin/Projects/assembly-analysis-pipeline/bin
",,5,2,,AMD Ryzen 5 5600X 6-Core Processor
irreverent_northcutt,ERZ101,99,83/58024f,88514,KEGG_ORTHOLOGS_SUMMARY,[],community.wave.seqera.io/library/csvtk_tabix_pip_biopython:7eabdb397e7420a3,ERZ101,EBIMETAGENOMICS:ASSEMBLY_ANALYSIS_PIPELINE:FUNCTIONAL_ANNOTATION:KEGG_ORTHOLOGS_SUMMARY (ERZ101),COMPLETED,0,1776013165632,1776013165726,1776013166864,1232,174,480.0,0.0,3743744,4874240,3743744,4874240,4404332,10238,933,78,0,20480,1,/home/martin/Projects/assembly-analysis-pipeline/work/83/58024f09d37e7da5dd96adeda57fe2,"
    # This mini-pipeline executes a series of steps to process the hmmsearch output:
    # 1. Parses the hmmsearch_concatenated_tblout using biopython - reading from the stdin into the stdout (less IO)
    # 2. Extracts the contig ID from the protein ID format (e.g., transforms ERZxxx_1_2 to ERZxxx_1), including those from FGS. The proteins are used against the KOFams HMMs
    # 3. Uses the `tee` command to split the output into two distinct streams:
    #    - Stream 1:
    #      - Keeps the KO from the hmmer hits
    #      - Joins the KO with the description using the ko_list file (this files is part of the KO database)
    #      - It cuts the KO and the definiton from the joined file, the definiton is what we use for the description
    #      - It removes the header of the file now (we need to this to avoid a duplicated header when running freq)
    #      - Computes the frequency of each unique KO ID / Description (we do this to keep it simple - it should be only by KO ID but the KO ID + Desc is also unique).
    #        The file is also sorted from most frequent to least
    #      - Adds appropriate header names and reorders the fields, we need a count column that has the frequency count
    #      - We swap the columns, the count has to be the last
    #      - Compresses the file with bgzip and creates an index for it.
    #        The processed data ends in ERZ101_ko_summary.tsv.gz and ERZ101_ko_summary.tsv.gz.gzi
    #    - Stream 2:
    #      - Extracts the first (KO ID) and second (contig ID) fields.
    #      - Adds the header
    #      - Compresses the file with bgzipa and creates an index for it.
    #        The processed data ends in ERZ101_ko_per_contig.tsv.gz and ERZ101_ko_per_contig.tsv.gz.gzi
    #
    # Both output TSV files are compressed using bgzip, and an index is created for each.
    # The compressed files are compatible with gz format, and the index facilitates access on the website.

    # If there is a retry csvtk will fail with the files already exist
    rm -f ERZ101_ko_summary.tsv.gz || true
    rm -f ERZ101_ko_summary.tsv.gz.gzi || true

    rm -f ERZ101_ko_per_contig.tsv.gz || true
    rm -f ERZ101_ko_per_contig.tsv.gz || true

    # Configure csvtk to use tabs
    export CSVTK_T=true

    hmmsearch_tblout_to_tsv.py ERZ101.tbl.gz | csvtk replace --no-header-row --fields 2 --pattern '^([A-Za-z0-9]+_[0-9]+).*$' --replacement '$1' | \
    tee \
        >(csvtk cut --num-cpus 4 --no-header-row --fields 1 | \
            csvtk add-header --num-cpus 4 --no-header-row --names ko | \
            csvtk join --lazy-quotes --num-cpus 4 --fields ""ko;knum"" - ko_list | \
            csvtk cut --num-cpus 4 --fields ""ko,definition"" | \
            csvtk del-header --num-cpus 4 | \
            csvtk freq --num-cpus 4 --no-header-row --fields 1,2 --reverse --sort-by-freq | \
            csvtk add-header --num-cpus 4 --no-header-row --names ko,description,count | \
            bgzip --stdout -@4 --index --index-name ERZ101_ko_summary.tsv.gz.gzi > ERZ101_ko_summary.tsv.gz
        ) | \
        csvtk cut --num-cpus 4 --no-header-row --fields 1,2 | \
        csvtk add-header --num-cpus 4 --no-header-row --names ko,contig_id | \
        bgzip --stdout -@4 --index --index-name ERZ101_ko_per_contig.tsv.gz.gzi > ERZ101_ko_per_contig.tsv.gz

    # Sanity Check
    # This section verifies that the input file contains at least a few valid annotations.
    # Specifically, it checks that there are at least 2 non-comment lines in the input tblout file.
    # If the input meets this criterion, we expect the output TSV files to be non-empty.

    # Function to check if a gzipped file has at least 2 non-comment lines
    check_gz_file_lines() {
        local gz_file=""$1""

        line_count=$(zcat ""$gz_file"" | grep -v '^#' |  head -n 2 | wc -l)

        # Check if the line count is less than 2
        if [[ $line_count -lt 2 ]]; then
            # Return false if there are less than 2 lines
            return 1
        fi
        # Return true if there are at least 2 lines
        return 0
    }

    # Check if the input file has lines and if the output files are not empty
    if check_gz_file_lines ""ERZ101.tbl.gz""; then
        # If the input file has lines, check the output files
        if ! check_gz_file_lines ""ERZ101_ko_summary.tsv.gz"" || ! check_gz_file_lines ""ERZ101_ko_per_contig.tsv.gz""; then
            echo ""Error: One or more output files do not have at least 2 lines.""
            exit 1
        fi
    else
        echo ""Warning: The input file does not have at least non-comments 2 lines. Skipping output file checks.""
    fi

    cat <<-END_VERSIONS > versions.yml
    ""EBIMETAGENOMICS:ASSEMBLY_ANALYSIS_PIPELINE:FUNCTIONAL_ANNOTATION:KEGG_ORTHOLOGS_SUMMARY"":
        biopython: $(python -c ""import Bio; print(Bio.__version__)"")
        csvtk: $(echo $( csvtk version | sed -e ""s/csvtk v//g"" ))
        tabix: $(echo $(tabix -h 2>&1) | sed 's/^.*Version: //; s/ .*$//')
    END_VERSIONS
    ",,,4,6442450944,,3600000,"PYTHONNOUSERSITE=1
R_PROFILE_USER=/.Rprofile
R_ENVIRON_USER=/.Renviron
JULIA_DEPOT_PATH=/usr/local/share/julia
PATH=$PATH:/home/martin/Projects/assembly-analysis-pipeline/bin
",,5,0,,AMD Ryzen 5 5600X 6-Core Processor
irreverent_northcutt,ERZ102,104,09/b8259f,88671,OWLTOOLS,[],quay.io/microbiome-informatics/owltools:2024-06-12,ERZ102,EBIMETAGENOMICS:ASSEMBLY_ANALYSIS_PIPELINE:FUNCTIONAL_ANNOTATION:GOSLIM_SWF:OWLTOOLS (ERZ102),COMPLETED,0,1776013165892,1776013165989,1776013167823,1931,799,230.2,0.0,7311360,31440896,7311360,31440896,9547505,749,5105,21,98750464,8192,1,/home/martin/Projects/assembly-analysis-pipeline/work/09/b8259fccf495bb98092a04a7e5fd08,"
    owltools \
        go-dummy.obo \
        --gaf ERZ102_ips_annotations.gaf \
        --map2slim \
        --idfile goslim_ids.txt \
        --write-gaf ERZ102_goslim_annotations.gaf

    cat <<-END_VERSIONS > versions.yml
    ""EBIMETAGENOMICS:ASSEMBLY_ANALYSIS_PIPELINE:FUNCTIONAL_ANNOTATION:GOSLIM_SWF:OWLTOOLS"":
        owltools: 2024-06-12
        golism version: 20160705
    END_VERSIONS
    ",,,1,6442450944,,3600000,"PYTHONNOUSERSITE=1
R_PROFILE_USER=/.Rprofile
R_ENVIRON_USER=/.Renviron
JULIA_DEPOT_PATH=/usr/local/share/julia
PATH=$PATH:/home/martin/Projects/assembly-analysis-pipeline/bin
",,29,6,,AMD Ryzen 5 5600X 6-Core Processor
irreverent_northcutt,ERZ101,105,7c/2d92fe,89025,OWLTOOLS,[],quay.io/microbiome-informatics/owltools:2024-06-12,ERZ101,EBIMETAGENOMICS:ASSEMBLY_ANALYSIS_PIPELINE:FUNCTIONAL_ANNOTATION:GOSLIM_SWF:OWLTOOLS (ERZ101),COMPLETED,0,1776013166867,1776013166964,1776013168646,1779,692,266.3,0.2,35397632,8551694336,35397632,8568283136,9547474,728,5105,21,0,8192,1,/home/martin/Projects/assembly-analysis-pipeline/work/7c/2d92fe9e3227ceac48735f9794b81b,"
    owltools \
        go-dummy.obo \
        --gaf ERZ101_ips_annotations.gaf \
        --map2slim \
        --idfile goslim_ids.txt \
        --write-gaf ERZ101_goslim_annotations.gaf

    cat <<-END_VERSIONS > versions.yml
    ""EBIMETAGENOMICS:ASSEMBLY_ANALYSIS_PIPELINE:FUNCTIONAL_ANNOTATION:GOSLIM_SWF:OWLTOOLS"":
        owltools: 2024-06-12
        golism version: 20160705
    END_VERSIONS
    ",,,1,6442450944,,3600000,"PYTHONNOUSERSITE=1
R_PROFILE_USER=/.Rprofile
R_ENVIRON_USER=/.Renviron
JULIA_DEPOT_PATH=/usr/local/share/julia
PATH=$PATH:/home/martin/Projects/assembly-analysis-pipeline/bin
",,10,4,,AMD Ryzen 5 5600X 6-Core Processor
irreverent_northcutt,ERZ102,106,9a/767263,89320,KEGGPATHWAYSCOMPLETENESS,[],quay.io/biocontainers/kegg-pathways-completeness:1.3.0--pyhdfd78af_0,ERZ102,EBIMETAGENOMICS:ASSEMBLY_ANALYSIS_PIPELINE:PATHWAYS_AND_SYSTEMS:KEGGPATHWAYSCOMPLETENESS (ERZ102),COMPLETED,0,1776013167827,1776013167923,1776013169981,2154,1000,91.5,0.3,51130368,65122304,51130368,65122304,21327915,1194,2634,28,32980992,20480,1,/home/martin/Projects/assembly-analysis-pipeline/work/9a/7672633c516376141f79c1fee1c0bf,"
    # This is a custom script used to adjust the structure of the ko per contig tsv:
    # From:
    # ko      contig_id
    # K07082  MGYA1767_1
    # K09458  MGYA1767_1
    # K02990  MGYA1767_1
    # to ->
    # MGYA1767_1    K07082  K09458  K02990

    aggregate_kos_per_contig.py \
        -i ERZ102_ko_per_contig.tsv.gz \
        -o ERZ102_aggregated_kos_per_contig.tsv

    give_completeness \
        -i ERZ102_aggregated_kos_per_contig.tsv \
        --add-per-contig \
        -o ERZ102

    # TODO should we gzip all the files?
    mv ERZ102/summary.kegg_pathways.tsv ERZ102_kegg_modules_summary.tsv
    mv ERZ102/summary.kegg_contigs.tsv ERZ102_kegg_modules_per_contigs.tsv

    gzip ERZ102_aggregated_kos_per_contig.tsv

    cat <<-END_VERSIONS > versions.yml
    ""EBIMETAGENOMICS:ASSEMBLY_ANALYSIS_PIPELINE:PATHWAYS_AND_SYSTEMS:KEGGPATHWAYSCOMPLETENESS"":
        kegg-pathways-completeness: $(give_completeness --version | cut -d' ' -f2)
    END_VERSIONS
    ",,,1,6442450944,,3600000,"PYTHONNOUSERSITE=1
R_PROFILE_USER=/.Rprofile
R_ENVIRON_USER=/.Renviron
JULIA_DEPOT_PATH=/usr/local/share/julia
PATH=$PATH:/home/martin/Projects/assembly-analysis-pipeline/bin
",,17,10,,AMD Ryzen 5 5600X 6-Core Processor
irreverent_northcutt,ERZ101,107,24/6b5945,89560,KEGGPATHWAYSCOMPLETENESS,[],quay.io/biocontainers/kegg-pathways-completeness:1.3.0--pyhdfd78af_0,ERZ101,EBIMETAGENOMICS:ASSEMBLY_ANALYSIS_PIPELINE:PATHWAYS_AND_SYSTEMS:KEGGPATHWAYSCOMPLETENESS (ERZ101),COMPLETED,0,1776013168649,1776013168746,1776013170674,2025,1000,98.7,0.1,12943360,18075648,12943360,18083840,21327898,1181,2634,28,4096,20480,1,/home/martin/Projects/assembly-analysis-pipeline/work/24/6b5945e0b2e5b6dca2f4d2cd4c7e5a,"
    # This is a custom script used to adjust the structure of the ko per contig tsv:
    # From:
    # ko      contig_id
    # K07082  MGYA1767_1
    # K09458  MGYA1767_1
    # K02990  MGYA1767_1
    # to ->
    # MGYA1767_1    K07082  K09458  K02990

    aggregate_kos_per_contig.py \
        -i ERZ101_ko_per_contig.tsv.gz \
        -o ERZ101_aggregated_kos_per_contig.tsv

    give_completeness \
        -i ERZ101_aggregated_kos_per_contig.tsv \
        --add-per-contig \
        -o ERZ101

    # TODO should we gzip all the files?
    mv ERZ101/summary.kegg_pathways.tsv ERZ101_kegg_modules_summary.tsv
    mv ERZ101/summary.kegg_contigs.tsv ERZ101_kegg_modules_per_contigs.tsv

    gzip ERZ101_aggregated_kos_per_contig.tsv

    cat <<-END_VERSIONS > versions.yml
    ""EBIMETAGENOMICS:ASSEMBLY_ANALYSIS_PIPELINE:PATHWAYS_AND_SYSTEMS:KEGGPATHWAYSCOMPLETENESS"":
        kegg-pathways-completeness: $(give_completeness --version | cut -d' ' -f2)
    END_VERSIONS
    ",,,1,6442450944,,3600000,"PYTHONNOUSERSITE=1
R_PROFILE_USER=/.Rprofile
R_ENVIRON_USER=/.Renviron
JULIA_DEPOT_PATH=/usr/local/share/julia
PATH=$PATH:/home/martin/Projects/assembly-analysis-pipeline/bin
",,1,1,,AMD Ryzen 5 5600X 6-Core Processor
irreverent_northcutt,ERZ102,108,03/318531,89998,MGNIFYPIPELINESTOOLKIT_SUMMARISEGOSLIMS,[],quay.io/biocontainers/mgnify-pipelines-toolkit:1.4.13--pyhdfd78af_0,ERZ102,EBIMETAGENOMICS:ASSEMBLY_ANALYSIS_PIPELINE:FUNCTIONAL_ANNOTATION:GOSLIM_SWF:MGNIFYPIPELINESTOOLKIT_SUMMARISEGOSLIMS (ERZ102),COMPLETED,0,1776013169985,1776013170081,1776013171223,1238,1000,82.9,0.0,3321856,4497408,3321856,4497408,5043366,40038,651,30,16367616,49152,1,/home/martin/Projects/assembly-analysis-pipeline/work/03/3185313f4dedfa4f4bf09979b39d91,"
    if [ ""true"" == ""true"" ]; then
        gzip -c -d ERZ102_interproscan.tsv.gz > ERZ102_interproscan.tsv
    fi
    summarise_goslims \
         \
        -go go-dummy.obo \
        -gb goslim_banding_2024.txt \
        -i ERZ102_interproscan.tsv \
        -gaf ERZ102_goslim_annotations.gaf \
        -o ERZ102_summary

    mv ERZ102_summary ERZ102_summary.tsv
    mv ERZ102_summary_slim ERZ102_summary_slim.tsv

    cat <<-END_VERSIONS > versions.yml
    ""EBIMETAGENOMICS:ASSEMBLY_ANALYSIS_PIPELINE:FUNCTIONAL_ANNOTATION:GOSLIM_SWF:MGNIFYPIPELINESTOOLKIT_SUMMARISEGOSLIMS"":
        mgnify-pipelines-toolkit: $(get_mpt_version)
    END_VERSIONS
    ",,,1,6442450944,,3600000,"PYTHONNOUSERSITE=1
R_PROFILE_USER=/.Rprofile
R_ENVIRON_USER=/.Renviron
JULIA_DEPOT_PATH=/usr/local/share/julia
PATH=$PATH:/home/martin/Projects/assembly-analysis-pipeline/bin
",,3,1,,AMD Ryzen 5 5600X 6-Core Processor
irreverent_northcutt,ERZ101,109,bb/800115,90135,MGNIFYPIPELINESTOOLKIT_SUMMARISEGOSLIMS,[],quay.io/biocontainers/mgnify-pipelines-toolkit:1.4.13--pyhdfd78af_0,ERZ101,EBIMETAGENOMICS:ASSEMBLY_ANALYSIS_PIPELINE:FUNCTIONAL_ANNOTATION:GOSLIM_SWF:MGNIFYPIPELINESTOOLKIT_SUMMARISEGOSLIMS (ERZ101),COMPLETED,0,1776013170677,1776013170774,1776013171922,1245,0,94.4,0.0,3366912,4497408,3366912,4497408,5042687,39751,651,30,0,49152,1,/home/martin/Projects/assembly-analysis-pipeline/work/bb/800115c3eef714a846cb8042c72059,"
    if [ ""true"" == ""true"" ]; then
        gzip -c -d ERZ101_interproscan.tsv.gz > ERZ101_interproscan.tsv
    fi
    summarise_goslims \
         \
        -go go-dummy.obo \
        -gb goslim_banding_2024.txt \
        -i ERZ101_interproscan.tsv \
        -gaf ERZ101_goslim_annotations.gaf \
        -o ERZ101_summary

    mv ERZ101_summary ERZ101_summary.tsv
    mv ERZ101_summary_slim ERZ101_summary_slim.tsv

    cat <<-END_VERSIONS > versions.yml
    ""EBIMETAGENOMICS:ASSEMBLY_ANALYSIS_PIPELINE:FUNCTIONAL_ANNOTATION:GOSLIM_SWF:MGNIFYPIPELINESTOOLKIT_SUMMARISEGOSLIMS"":
        mgnify-pipelines-toolkit: $(get_mpt_version)
    END_VERSIONS
    ",,,1,6442450944,,3600000,"PYTHONNOUSERSITE=1
R_PROFILE_USER=/.Rprofile
R_ENVIRON_USER=/.Renviron
JULIA_DEPOT_PATH=/usr/local/share/julia
PATH=$PATH:/home/martin/Projects/assembly-analysis-pipeline/bin
",,2,5,,AMD Ryzen 5 5600X 6-Core Processor
irreverent_northcutt,ERZ102,112,4e/423256,90331,SUMMARISE_FOR_DRAM_INPUT,[],community.wave.seqera.io/library/pandas:2.2.3--9b034ee33172d809,ERZ102,EBIMETAGENOMICS:ASSEMBLY_ANALYSIS_PIPELINE:PATHWAYS_AND_SYSTEMS:DRAM_DISTILL_SWF:SUMMARISE_FOR_DRAM_INPUT (ERZ102),COMPLETED,0,1776013171227,1776013171323,1776013172833,1606,519,196.2,0.1,13111296,18735104,13111296,18735104,12984513,915,1251,17,98062336,8192,1,/home/martin/Projects/assembly-analysis-pipeline/work/4e/42325624b21a4ac898c751ecebffce,"
    # For every assembly analysis, this script extracts:
    # - Columns X and Y from the interpro summary (namely, Pfam ID and description)
    # - A consensus from dbcan_overview.txt for CAZy families
    # - Kegg Orthologs IDs
    # It then produces a tsv table for dram distill to generate tabular and visual annotation summaries

    summarise_for_dram.py \
        --prefix ERZ102 \
        --fasta ERZ102.faa.gz \
        --ko-per-contig ERZ102_aggregated_kos_per_contig.tsv.gz \
        --interproscan ERZ102_interproscan.tsv.gz \
        --dbcan-overview ERZ102_dbcan_overview.tsv.gz

    cat <<-END_VERSIONS > versions.yml
    ""EBIMETAGENOMICS:ASSEMBLY_ANALYSIS_PIPELINE:PATHWAYS_AND_SYSTEMS:DRAM_DISTILL_SWF:SUMMARISE_FOR_DRAM_INPUT"":
        python: $(python --version 2>&1 | sed 's/Python //g')
    END_VERSIONS
    ",,,1,6442450944,,3600000,"PYTHONNOUSERSITE=1
R_PROFILE_USER=/.Rprofile
R_ENVIRON_USER=/.Renviron
JULIA_DEPOT_PATH=/usr/local/share/julia
PATH=$PATH:/home/martin/Projects/assembly-analysis-pipeline/bin
",,29,4,,AMD Ryzen 5 5600X 6-Core Processor
irreverent_northcutt,ERZ102,111,f2/6ed859,90556,TABIX_BGZIP_KEGGPATHWAYSCOMPLETENESS_PER_CONTIG,[],quay.io/biocontainers/htslib:1.20--h5efdd21_2,ERZ102,EBIMETAGENOMICS:ASSEMBLY_ANALYSIS_PIPELINE:PATHWAYS_AND_SYSTEMS:TABIX_BGZIP_KEGGPATHWAYSCOMPLETENESS_PER_CONTIG (ERZ102),COMPLETED,0,1776013171925,1776013172023,1776013172990,1065,0,48.0,0.0,3395584,4497408,3395584,4497408,99767,3415,231,48,2637824,12288,1,/home/martin/Projects/assembly-analysis-pipeline/work/f2/6ed85989cd8d676ce7a5fac379d966,"
    bgzip  -c --index --index-name ERZ102_kegg_modules_per_contigs.tsv.gz.gzi -@1 ERZ102_kegg_modules_per_contigs.tsv > ERZ102_kegg_modules_per_contigs.tsv.gz

    cat <<-END_VERSIONS > versions.yml
    ""EBIMETAGENOMICS:ASSEMBLY_ANALYSIS_PIPELINE:PATHWAYS_AND_SYSTEMS:TABIX_BGZIP_KEGGPATHWAYSCOMPLETENESS_PER_CONTIG"":
        tabix: $(echo $(tabix -h 2>&1) | sed 's/^.*Version: //; s/ .*$//')
    END_VERSIONS
    ",,,1,6442450944,,3600000,"PYTHONNOUSERSITE=1
R_PROFILE_USER=/.Rprofile
R_ENVIRON_USER=/.Renviron
JULIA_DEPOT_PATH=/usr/local/share/julia
PATH=$PATH:/home/martin/Projects/assembly-analysis-pipeline/bin
",,1,0,,AMD Ryzen 5 5600X 6-Core Processor
irreverent_northcutt,ERZ102,110,e0/ae0ebb,90799,TABIX_BGZIP_KEGGPATHWAYSCOMPLETENESS,[],quay.io/biocontainers/htslib:1.20--h5efdd21_2,ERZ102,EBIMETAGENOMICS:ASSEMBLY_ANALYSIS_PIPELINE:PATHWAYS_AND_SYSTEMS:TABIX_BGZIP_KEGGPATHWAYSCOMPLETENESS (ERZ102),COMPLETED,0,1776013172836,1776013172933,1776013173857,1021,0,160.0,0.0,3379200,4497408,3379200,4497408,99699,3378,229,48,0,12288,1,/home/martin/Projects/assembly-analysis-pipeline/work/e0/ae0ebb88b1c3a7da724659edf0c43d,"
    bgzip  -c --index --index-name ERZ102_kegg_modules_summary.tsv.gz.gzi -@1 ERZ102_kegg_modules_summary.tsv > ERZ102_kegg_modules_summary.tsv.gz

    cat <<-END_VERSIONS > versions.yml
    ""EBIMETAGENOMICS:ASSEMBLY_ANALYSIS_PIPELINE:PATHWAYS_AND_SYSTEMS:TABIX_BGZIP_KEGGPATHWAYSCOMPLETENESS"":
        tabix: $(echo $(tabix -h 2>&1) | sed 's/^.*Version: //; s/ .*$//')
    END_VERSIONS
    ",,,1,6442450944,,3600000,"PYTHONNOUSERSITE=1
R_PROFILE_USER=/.Rprofile
R_ENVIRON_USER=/.Renviron
JULIA_DEPOT_PATH=/usr/local/share/julia
PATH=$PATH:/home/martin/Projects/assembly-analysis-pipeline/bin
",,1,1,,AMD Ryzen 5 5600X 6-Core Processor
irreverent_northcutt,ERZ101,114,11/0422ee,91008,TABIX_BGZIP_KEGGPATHWAYSCOMPLETENESS_PER_CONTIG,[],quay.io/biocontainers/htslib:1.20--h5efdd21_2,ERZ101,EBIMETAGENOMICS:ASSEMBLY_ANALYSIS_PIPELINE:PATHWAYS_AND_SYSTEMS:TABIX_BGZIP_KEGGPATHWAYSCOMPLETENESS_PER_CONTIG (ERZ101),COMPLETED,0,1776013172993,1776013173090,1776013174051,1058,0,75.0,0.0,3284992,4497408,3284992,4497408,99750,3403,232,48,4096,12288,1,/home/martin/Projects/assembly-analysis-pipeline/work/11/0422ee443f35813d39807059ca2d76,"
    bgzip  -c --index --index-name ERZ101_kegg_modules_per_contigs.tsv.gz.gzi -@1 ERZ101_kegg_modules_per_contigs.tsv > ERZ101_kegg_modules_per_contigs.tsv.gz

    cat <<-END_VERSIONS > versions.yml
    ""EBIMETAGENOMICS:ASSEMBLY_ANALYSIS_PIPELINE:PATHWAYS_AND_SYSTEMS:TABIX_BGZIP_KEGGPATHWAYSCOMPLETENESS_PER_CONTIG"":
        tabix: $(echo $(tabix -h 2>&1) | sed 's/^.*Version: //; s/ .*$//')
    END_VERSIONS
    ",,,1,6442450944,,3600000,"PYTHONNOUSERSITE=1
R_PROFILE_USER=/.Rprofile
R_ENVIRON_USER=/.Renviron
JULIA_DEPOT_PATH=/usr/local/share/julia
PATH=$PATH:/home/martin/Projects/assembly-analysis-pipeline/bin
",,1,1,,AMD Ryzen 5 5600X 6-Core Processor
irreverent_northcutt,ERZ101,115,d7/d7cfc4,91224,SUMMARISE_FOR_DRAM_INPUT,[],community.wave.seqera.io/library/pandas:2.2.3--9b034ee33172d809,ERZ101,EBIMETAGENOMICS:ASSEMBLY_ANALYSIS_PIPELINE:PATHWAYS_AND_SYSTEMS:DRAM_DISTILL_SWF:SUMMARISE_FOR_DRAM_INPUT (ERZ101),COMPLETED,0,1776013173860,1776013173957,1776013175320,1460,391,224.7,0.1,14241792,19935232,14241792,19935232,12984332,858,1251,17,16384,8192,1,/home/martin/Projects/assembly-analysis-pipeline/work/d7/d7cfc433ab05f7503bce8d6328f9b3,"
    # For every assembly analysis, this script extracts:
    # - Columns X and Y from the interpro summary (namely, Pfam ID and description)
    # - A consensus from dbcan_overview.txt for CAZy families
    # - Kegg Orthologs IDs
    # It then produces a tsv table for dram distill to generate tabular and visual annotation summaries

    summarise_for_dram.py \
        --prefix ERZ101 \
        --fasta ERZ101.faa.gz \
        --ko-per-contig ERZ101_aggregated_kos_per_contig.tsv.gz \
        --interproscan ERZ101_interproscan.tsv.gz \
        --dbcan-overview ERZ101_dbcan_overview.tsv.gz

    cat <<-END_VERSIONS > versions.yml
    ""EBIMETAGENOMICS:ASSEMBLY_ANALYSIS_PIPELINE:PATHWAYS_AND_SYSTEMS:DRAM_DISTILL_SWF:SUMMARISE_FOR_DRAM_INPUT"":
        python: $(python --version 2>&1 | sed 's/Python //g')
    END_VERSIONS
    ",,,1,6442450944,,3600000,"PYTHONNOUSERSITE=1
R_PROFILE_USER=/.Rprofile
R_ENVIRON_USER=/.Renviron
JULIA_DEPOT_PATH=/usr/local/share/julia
PATH=$PATH:/home/martin/Projects/assembly-analysis-pipeline/bin
",,1,1,,AMD Ryzen 5 5600X 6-Core Processor
irreverent_northcutt,ERZ101,113,29/77cbf4,91445,TABIX_BGZIP_KEGGPATHWAYSCOMPLETENESS,[],quay.io/biocontainers/htslib:1.20--h5efdd21_2,ERZ101,EBIMETAGENOMICS:ASSEMBLY_ANALYSIS_PIPELINE:PATHWAYS_AND_SYSTEMS:TABIX_BGZIP_KEGGPATHWAYSCOMPLETENESS (ERZ101),COMPLETED,0,1776013174054,1776013174151,1776013175100,1046,0,133.3,0.0,3280896,4497408,3280896,4497408,99699,3378,224,48,0,12288,1,/home/martin/Projects/assembly-analysis-pipeline/work/29/77cbf4ac387488b809a3f93243fed3,"
    bgzip  -c --index --index-name ERZ101_kegg_modules_summary.tsv.gz.gzi -@1 ERZ101_kegg_modules_summary.tsv > ERZ101_kegg_modules_summary.tsv.gz

    cat <<-END_VERSIONS > versions.yml
    ""EBIMETAGENOMICS:ASSEMBLY_ANALYSIS_PIPELINE:PATHWAYS_AND_SYSTEMS:TABIX_BGZIP_KEGGPATHWAYSCOMPLETENESS"":
        tabix: $(echo $(tabix -h 2>&1) | sed 's/^.*Version: //; s/ .*$//')
    END_VERSIONS
    ",,,1,6442450944,,3600000,"PYTHONNOUSERSITE=1
R_PROFILE_USER=/.Rprofile
R_ENVIRON_USER=/.Renviron
JULIA_DEPOT_PATH=/usr/local/share/julia
PATH=$PATH:/home/martin/Projects/assembly-analysis-pipeline/bin
",,1,2,,AMD Ryzen 5 5600X 6-Core Processor
irreverent_northcutt,ERZ102,116,16/c83a44,91771,TABIX_BGZIP_GOSLIM,[],quay.io/biocontainers/htslib:1.20--h5efdd21_2,ERZ102,EBIMETAGENOMICS:ASSEMBLY_ANALYSIS_PIPELINE:FUNCTIONAL_ANNOTATION:TABIX_BGZIP_GOSLIM (ERZ102),COMPLETED,0,1776013175104,1776013175200,1776013176149,1045,0,133.3,0.0,3362816,4497408,3362816,4497408,105877,4808,233,48,0,12288,1,/home/martin/Projects/assembly-analysis-pipeline/work/16/c83a4456ccf6ef907eb73434704cd8,"
    bgzip  -c --index --index-name ERZ102_goslim_summary.tsv.gz.gzi -@1 ERZ102_summary_slim.tsv > ERZ102_goslim_summary.tsv.gz

    cat <<-END_VERSIONS > versions.yml
    ""EBIMETAGENOMICS:ASSEMBLY_ANALYSIS_PIPELINE:FUNCTIONAL_ANNOTATION:TABIX_BGZIP_GOSLIM"":
        tabix: $(echo $(tabix -h 2>&1) | sed 's/^.*Version: //; s/ .*$//')
    END_VERSIONS
    ",,,1,6442450944,,3600000,"PYTHONNOUSERSITE=1
R_PROFILE_USER=/.Rprofile
R_ENVIRON_USER=/.Renviron
JULIA_DEPOT_PATH=/usr/local/share/julia
PATH=$PATH:/home/martin/Projects/assembly-analysis-pipeline/bin
",,1,0,,AMD Ryzen 5 5600X 6-Core Processor
irreverent_northcutt,ERZ102,117,2e/9214ba,91895,TABIX_BGZIP_GO,[],quay.io/biocontainers/htslib:1.20--h5efdd21_2,ERZ102,EBIMETAGENOMICS:ASSEMBLY_ANALYSIS_PIPELINE:FUNCTIONAL_ANNOTATION:TABIX_BGZIP_GO (ERZ102),COMPLETED,0,1776013175323,1776013175420,1776013176362,1039,0,66.7,0.0,3338240,4497408,3338240,4497408,99546,3300,235,48,8192,12288,1,/home/martin/Projects/assembly-analysis-pipeline/work/2e/9214ba7ad37b495c2c93b793e3cff6,"
    bgzip  -c --index --index-name ERZ102_go_summary.tsv.gz.gzi -@1 ERZ102_summary.tsv > ERZ102_go_summary.tsv.gz

    cat <<-END_VERSIONS > versions.yml
    ""EBIMETAGENOMICS:ASSEMBLY_ANALYSIS_PIPELINE:FUNCTIONAL_ANNOTATION:TABIX_BGZIP_GO"":
        tabix: $(echo $(tabix -h 2>&1) | sed 's/^.*Version: //; s/ .*$//')
    END_VERSIONS
    ",,,1,6442450944,,3600000,"PYTHONNOUSERSITE=1
R_PROFILE_USER=/.Rprofile
R_ENVIRON_USER=/.Renviron
JULIA_DEPOT_PATH=/usr/local/share/julia
PATH=$PATH:/home/martin/Projects/assembly-analysis-pipeline/bin
",,1,0,,AMD Ryzen 5 5600X 6-Core Processor
irreverent_northcutt,ERZ101,118,41/394cc7,92109,TABIX_BGZIP_GO,[],quay.io/biocontainers/htslib:1.20--h5efdd21_2,ERZ101,EBIMETAGENOMICS:ASSEMBLY_ANALYSIS_PIPELINE:FUNCTIONAL_ANNOTATION:TABIX_BGZIP_GO (ERZ101),COMPLETED,0,1776013176152,1776013176249,1776013177195,1043,0,126.3,0.0,3481600,4497408,3481600,4497408,99547,3301,232,48,0,12288,1,/home/martin/Projects/assembly-analysis-pipeline/work/41/394cc7856d53b66f16a6dc1833f780,"
    bgzip  -c --index --index-name ERZ101_go_summary.tsv.gz.gzi -@1 ERZ101_summary.tsv > ERZ101_go_summary.tsv.gz

    cat <<-END_VERSIONS > versions.yml
    ""EBIMETAGENOMICS:ASSEMBLY_ANALYSIS_PIPELINE:FUNCTIONAL_ANNOTATION:TABIX_BGZIP_GO"":
        tabix: $(echo $(tabix -h 2>&1) | sed 's/^.*Version: //; s/ .*$//')
    END_VERSIONS
    ",,,1,6442450944,,3600000,"PYTHONNOUSERSITE=1
R_PROFILE_USER=/.Rprofile
R_ENVIRON_USER=/.Renviron
JULIA_DEPOT_PATH=/usr/local/share/julia
PATH=$PATH:/home/martin/Projects/assembly-analysis-pipeline/bin
",,1,2,,AMD Ryzen 5 5600X 6-Core Processor
irreverent_northcutt,ERZ101,119,7b/e7dccf,92326,TABIX_BGZIP_GOSLIM,[],quay.io/biocontainers/htslib:1.20--h5efdd21_2,ERZ101,EBIMETAGENOMICS:ASSEMBLY_ANALYSIS_PIPELINE:FUNCTIONAL_ANNOTATION:TABIX_BGZIP_GOSLIM (ERZ101),COMPLETED,0,1776013176365,1776013176462,1776013177409,1044,0,141.2,0.0,3301376,4497408,3301376,4497408,105893,4820,236,48,4096,12288,1,/home/martin/Projects/assembly-analysis-pipeline/work/7b/e7dccf9400b2472970be9166139cd3,"
    bgzip  -c --index --index-name ERZ101_goslim_summary.tsv.gz.gzi -@1 ERZ101_summary_slim.tsv > ERZ101_goslim_summary.tsv.gz

    cat <<-END_VERSIONS > versions.yml
    ""EBIMETAGENOMICS:ASSEMBLY_ANALYSIS_PIPELINE:FUNCTIONAL_ANNOTATION:TABIX_BGZIP_GOSLIM"":
        tabix: $(echo $(tabix -h 2>&1) | sed 's/^.*Version: //; s/ .*$//')
    END_VERSIONS
    ",,,1,6442450944,,3600000,"PYTHONNOUSERSITE=1
R_PROFILE_USER=/.Rprofile
R_ENVIRON_USER=/.Renviron
JULIA_DEPOT_PATH=/usr/local/share/julia
PATH=$PATH:/home/martin/Projects/assembly-analysis-pipeline/bin
",,1,0,,AMD Ryzen 5 5600X 6-Core Processor
irreverent_northcutt,ERZ102,92,02/0fe5c1,92688,GENOMEPROPERTIES,[],quay.io/microbiome-informatics/genome-properties:2.0,ERZ102,EBIMETAGENOMICS:ASSEMBLY_ANALYSIS_PIPELINE:PATHWAYS_AND_SYSTEMS:GENOMEPROPERTIES (ERZ102),COMPLETED,0,1776013177412,1776013177509,1776013178814,1402,379,90.9,0.0,9531392,13283328,9531392,13299712,5044698,2286685,845,271,10637312,2310144,1,/home/martin/Projects/assembly-analysis-pipeline/work/02/0fe5c1075994da9ac2318988ec075f,"
    if [ ""true"" == ""true"" ]; then
        gzip -c -d ERZ102_interproscan.tsv.gz > ERZ102_interproscan.tsv
    fi
    assign_genome_properties.pl \
        -all -outfiles table -outfiles web_json -outfiles summary \
        -matches ERZ102_interproscan.tsv \
        -gpdir /opt/genome-properties/flatfiles/ \
        -gpff genomeProperties.txt \
        -name ERZ102

    mv JSON_ERZ102 ERZ102_gp.json
    mv SUMMARY_FILE_ERZ102 ERZ102_gp.txt
    mv TABLE_ERZ102 ERZ102_gp.tsv

    gzip ERZ102_gp.{json,txt,tsv}

    cat <<-END_VERSIONS > versions.yml
    ""EBIMETAGENOMICS:ASSEMBLY_ANALYSIS_PIPELINE:PATHWAYS_AND_SYSTEMS:GENOMEPROPERTIES"":
        Genome Properties: 2.0
    END_VERSIONS
    ",,,4,16106127360,,3600000,"PYTHONNOUSERSITE=1
R_PROFILE_USER=/.Rprofile
R_ENVIRON_USER=/.Renviron
JULIA_DEPOT_PATH=/usr/local/share/julia
PATH=$PATH:/home/martin/Projects/assembly-analysis-pipeline/bin
",,42,3,,AMD Ryzen 5 5600X 6-Core Processor
irreverent_northcutt,ERZ102,91,29/be0374,92912,SEQKIT_SEQ_BGC,[],quay.io/biocontainers/seqkit:2.9.0--h9ee0642_0,ERZ102,EBIMETAGENOMICS:ASSEMBLY_ANALYSIS_PIPELINE:PATHWAYS_AND_SYSTEMS:SEQKIT_SEQ_BGC (ERZ102),COMPLETED,0,1776013178817,1776013178915,1776013179873,1056,0,93.8,0.0,10391552,1280942080,10391552,1280942080,207585,128490,196,24,18993152,36864,1,/home/martin/Projects/assembly-analysis-pipeline/work/29/be037458fa36d98d74b231e21955bd,"
    seqkit \
        seq \
        --threads 2 \
        --min-len 1000 \
        ERZ102_filtered_contigs.fasta.gz \
        | gzip -c  \
        > ERZ102_bgc_len_filtered.fasta.gz

    cat <<-END_VERSIONS > versions.yml
    ""EBIMETAGENOMICS:ASSEMBLY_ANALYSIS_PIPELINE:PATHWAYS_AND_SYSTEMS:SEQKIT_SEQ_BGC"":
        seqkit: $(seqkit version | cut -d' ' -f2)
    END_VERSIONS
    ",,,2,12884901888,,3600000,"PYTHONNOUSERSITE=1
R_PROFILE_USER=/.Rprofile
R_ENVIRON_USER=/.Renviron
JULIA_DEPOT_PATH=/usr/local/share/julia
PATH=$PATH:/home/martin/Projects/assembly-analysis-pipeline/bin
",,16,5,,AMD Ryzen 5 5600X 6-Core Processor
irreverent_northcutt,ERZ101,96,87/e0655e,93176,GENOMEPROPERTIES,[],quay.io/microbiome-informatics/genome-properties:2.0,ERZ101,EBIMETAGENOMICS:ASSEMBLY_ANALYSIS_PIPELINE:PATHWAYS_AND_SYSTEMS:GENOMEPROPERTIES (ERZ101),COMPLETED,0,1776013179875,1776013179973,1776013181215,1340,340,99.0,0.0,10334208,14155776,10334208,14172160,5044282,2285323,845,271,0,2306048,1,/home/martin/Projects/assembly-analysis-pipeline/work/87/e0655ebde7b7e8aadb4b51ba7e6c05,"
    if [ ""true"" == ""true"" ]; then
        gzip -c -d ERZ101_interproscan.tsv.gz > ERZ101_interproscan.tsv
    fi
    assign_genome_properties.pl \
        -all -outfiles table -outfiles web_json -outfiles summary \
        -matches ERZ101_interproscan.tsv \
        -gpdir /opt/genome-properties/flatfiles/ \
        -gpff genomeProperties.txt \
        -name ERZ101

    mv JSON_ERZ101 ERZ101_gp.json
    mv SUMMARY_FILE_ERZ101 ERZ101_gp.txt
    mv TABLE_ERZ101 ERZ101_gp.tsv

    gzip ERZ101_gp.{json,txt,tsv}

    cat <<-END_VERSIONS > versions.yml
    ""EBIMETAGENOMICS:ASSEMBLY_ANALYSIS_PIPELINE:PATHWAYS_AND_SYSTEMS:GENOMEPROPERTIES"":
        Genome Properties: 2.0
    END_VERSIONS
    ",,,4,16106127360,,3600000,"PYTHONNOUSERSITE=1
R_PROFILE_USER=/.Rprofile
R_ENVIRON_USER=/.Renviron
JULIA_DEPOT_PATH=/usr/local/share/julia
PATH=$PATH:/home/martin/Projects/assembly-analysis-pipeline/bin
",,2,2,,AMD Ryzen 5 5600X 6-Core Processor
irreverent_northcutt,ERZ101,97,82/0b05db,93401,SEQKIT_SEQ_BGC,[],quay.io/biocontainers/seqkit:2.9.0--h9ee0642_0,ERZ101,EBIMETAGENOMICS:ASSEMBLY_ANALYSIS_PIPELINE:PATHWAYS_AND_SYSTEMS:SEQKIT_SEQ_BGC (ERZ101),COMPLETED,0,1776013181218,1776013181315,1776013182272,1054,0,138.5,0.0,5632000,8941568,5632000,8941568,230703,152139,197,25,49152,40960,1,/home/martin/Projects/assembly-analysis-pipeline/work/82/0b05dbb4f33afa5379be8b728ec9ad,"
    seqkit \
        seq \
        --threads 2 \
        --min-len 1000 \
        ERZ101_filtered_contigs.fasta.gz \
        | gzip -c  \
        > ERZ101_bgc_len_filtered.fasta.gz

    cat <<-END_VERSIONS > versions.yml
    ""EBIMETAGENOMICS:ASSEMBLY_ANALYSIS_PIPELINE:PATHWAYS_AND_SYSTEMS:SEQKIT_SEQ_BGC"":
        seqkit: $(seqkit version | cut -d' ' -f2)
    END_VERSIONS
    ",,,2,12884901888,,3600000,"PYTHONNOUSERSITE=1
R_PROFILE_USER=/.Rprofile
R_ENVIRON_USER=/.Renviron
JULIA_DEPOT_PATH=/usr/local/share/julia
PATH=$PATH:/home/martin/Projects/assembly-analysis-pipeline/bin
",,2,7,,AMD Ryzen 5 5600X 6-Core Processor
irreverent_northcutt,ERZ101,101,f9/047a1b,93667,CONCATENATE_DBCAN_HMMOUT,[],quay.io/biocontainers/csvtk:0.31.0--h9ee0642_0,ERZ101,EBIMETAGENOMICS:ASSEMBLY_ANALYSIS_PIPELINE:FUNCTIONAL_ANNOTATION:CONCATENATE_DBCAN_HMMOUT (ERZ101),COMPLETED,0,1776013182274,1776013182372,1776013183307,1033,0,96.0,0.0,3309568,4497408,3309568,4497408,77230,664,185,22,0,8192,1,/home/martin/Projects/assembly-analysis-pipeline/work/f9/047a1baed784374cda1a7f939845d0,"
    csvtk \
        concat \
         \
        --num-cpus 2 \
        --delimiter ""	"" \
        --out-delimiter ""	"" \
        --out-file ERZ101_dbcan_sub_hmm.tsv.gz \
        inputs/csv1/ERZ101.tsv.gz

    cat <<-END_VERSIONS > versions.yml
    ""EBIMETAGENOMICS:ASSEMBLY_ANALYSIS_PIPELINE:FUNCTIONAL_ANNOTATION:CONCATENATE_DBCAN_HMMOUT"":
        csvtk: $(echo $( csvtk version | sed -e ""s/csvtk v//g"" ))
    END_VERSIONS
    ",,,2,12884901888,,3600000,"PYTHONNOUSERSITE=1
R_PROFILE_USER=/.Rprofile
R_ENVIRON_USER=/.Renviron
JULIA_DEPOT_PATH=/usr/local/share/julia
PATH=$PATH:/home/martin/Projects/assembly-analysis-pipeline/bin
",,1,0,,AMD Ryzen 5 5600X 6-Core Processor
irreverent_northcutt,ERZ102,100,a6/5639b0,93892,CONCATENATE_DBCAN_HMMOUT,[],quay.io/biocontainers/csvtk:0.31.0--h9ee0642_0,ERZ102,EBIMETAGENOMICS:ASSEMBLY_ANALYSIS_PIPELINE:FUNCTIONAL_ANNOTATION:CONCATENATE_DBCAN_HMMOUT (ERZ102),COMPLETED,0,1776013183310,1776013183407,1776013184333,1023,0,109.1,0.0,3391488,4497408,3391488,4497408,77232,666,185,22,0,8192,1,/home/martin/Projects/assembly-analysis-pipeline/work/a6/5639b0c1fee894abf8b30c4f642529,"
    csvtk \
        concat \
         \
        --num-cpus 2 \
        --delimiter ""	"" \
        --out-delimiter ""	"" \
        --out-file ERZ102_dbcan_sub_hmm.tsv.gz \
        inputs/csv1/ERZ102.tsv.gz

    cat <<-END_VERSIONS > versions.yml
    ""EBIMETAGENOMICS:ASSEMBLY_ANALYSIS_PIPELINE:FUNCTIONAL_ANNOTATION:CONCATENATE_DBCAN_HMMOUT"":
        csvtk: $(echo $( csvtk version | sed -e ""s/csvtk v//g"" ))
    END_VERSIONS
    ",,,2,12884901888,,3600000,"PYTHONNOUSERSITE=1
R_PROFILE_USER=/.Rprofile
R_ENVIRON_USER=/.Renviron
JULIA_DEPOT_PATH=/usr/local/share/julia
PATH=$PATH:/home/martin/Projects/assembly-analysis-pipeline/bin
",,1,1,,AMD Ryzen 5 5600X 6-Core Processor
irreverent_northcutt,ERZ101,103,62/0ec407,94119,CONCATENATE_EGGNOGMAPPER_ANNOTATIONS,[],quay.io/biocontainers/pigz:2.3.4,ERZ101,EBIMETAGENOMICS:ASSEMBLY_ANALYSIS_PIPELINE:FUNCTIONAL_ANNOTATION:CONCATENATE_EGGNOGMAPPER_ANNOTATIONS (ERZ101),COMPLETED,0,1776013184336,1776013184433,1776013186354,2018,0,100.0,0.0,2985984,11583488,2985984,11587584,44733,819,153,20,0,12288,1,/home/martin/Projects/assembly-analysis-pipeline/work/62/0ec407afc25cc1d03f97d1843b885e,"
    cat \
         \
        ERZ101_001_annotations.emapper.annotations \
        | pigz -c -p 2  \
        > ERZ101_emapper_annotations.tsv.gz

    cat <<-END_VERSIONS > versions.yml
    ""EBIMETAGENOMICS:ASSEMBLY_ANALYSIS_PIPELINE:FUNCTIONAL_ANNOTATION:CONCATENATE_EGGNOGMAPPER_ANNOTATIONS"":
        pigz: $( pigz --version 2>&1 | sed 's/pigz //g' )
    END_VERSIONS
    ",,,2,12884901888,,3600000,"PYTHONNOUSERSITE=1
R_PROFILE_USER=/.Rprofile
R_ENVIRON_USER=/.Renviron
JULIA_DEPOT_PATH=/usr/local/share/julia
PATH=$PATH:/home/martin/Projects/assembly-analysis-pipeline/bin
",,3,0,,AMD Ryzen 5 5600X 6-Core Processor
irreverent_northcutt,ERZ102,102,c9/b50db3,94338,CONCATENATE_EGGNOGMAPPER_ANNOTATIONS,[],quay.io/biocontainers/pigz:2.3.4,ERZ102,EBIMETAGENOMICS:ASSEMBLY_ANALYSIS_PIPELINE:FUNCTIONAL_ANNOTATION:CONCATENATE_EGGNOGMAPPER_ANNOTATIONS (ERZ102),COMPLETED,0,1776013186358,1776013186454,1776013188373,2015,0,109.1,0.0,3096576,11583488,3096576,11587584,44733,819,153,20,4096,12288,1,/home/martin/Projects/assembly-analysis-pipeline/work/c9/b50db3201a0da3554022282b56416c,"
    cat \
         \
        ERZ102_001_annotations.emapper.annotations \
        | pigz -c -p 2  \
        > ERZ102_emapper_annotations.tsv.gz

    cat <<-END_VERSIONS > versions.yml
    ""EBIMETAGENOMICS:ASSEMBLY_ANALYSIS_PIPELINE:FUNCTIONAL_ANNOTATION:CONCATENATE_EGGNOGMAPPER_ANNOTATIONS"":
        pigz: $( pigz --version 2>&1 | sed 's/pigz //g' )
    END_VERSIONS
    ",,,2,12884901888,,3600000,"PYTHONNOUSERSITE=1
R_PROFILE_USER=/.Rprofile
R_ENVIRON_USER=/.Renviron
JULIA_DEPOT_PATH=/usr/local/share/julia
PATH=$PATH:/home/martin/Projects/assembly-analysis-pipeline/bin
",,3,1,,AMD Ryzen 5 5600X 6-Core Processor
irreverent_northcutt,ERZ102,120,15/f8fc68,94546,DRAM_DISTILL_PER_ASSEMBLY,[],quay.io/biocontainers/dram:1.3.5--pyhdfd78af_0,ERZ102,EBIMETAGENOMICS:ASSEMBLY_ANALYSIS_PIPELINE:PATHWAYS_AND_SYSTEMS:DRAM_DISTILL_SWF:DRAM_DISTILL_PER_ASSEMBLY (ERZ102),COMPLETED,0,1776013188379,1776013188473,1776013192100,3721,2000,110.0,1.3,211894272,1866039296,211894272,1867091968,41141203,1867678,5578,88,228413440,1904640,1,/home/martin/Projects/assembly-analysis-pipeline/work/15/f8fc680c7bc1035c88a9838defc1e9,"
    if [ ""false"" == ""true"" ]; then
        gzip -c -d ERZ102_summary_for_dram.tsv > ERZ102_summary_for_dram.tsv
    fi

    DRAM.py \
        distill \
        -i ERZ102_summary_for_dram.tsv  \
        -o dram_out \
        

    mv dram_out/product.html ERZ102_dram.html
    mv dram_out/product.tsv ERZ102_dram.tsv
    mv dram_out/genome_stats.tsv ERZ102_genome_stats.tsv
    mv dram_out/metabolism_summary.xlsx ERZ102_metabolism_summary.xlsx

    gzip ERZ102_dram.html
    gzip ERZ102_dram.tsv
    gzip ERZ102_genome_stats.tsv
    gzip ERZ102_metabolism_summary.xlsx

    cat <<-END_VERSIONS > versions.yml
    ""EBIMETAGENOMICS:ASSEMBLY_ANALYSIS_PIPELINE:PATHWAYS_AND_SYSTEMS:DRAM_DISTILL_SWF:DRAM_DISTILL_PER_ASSEMBLY"":
        dram: 1.3.5
        dram databases: 1.3.0
    END_VERSIONS
    ",,,4,16106127360,,3600000,"PYTHONNOUSERSITE=1
R_PROFILE_USER=/.Rprofile
R_ENVIRON_USER=/.Renviron
JULIA_DEPOT_PATH=/usr/local/share/julia
PATH=$PATH:/home/martin/Projects/assembly-analysis-pipeline/bin
",,3367,290,,AMD Ryzen 5 5600X 6-Core Processor
irreverent_northcutt,ERZ101,121,8d/86934e,94904,DRAM_DISTILL_PER_ASSEMBLY,[],quay.io/biocontainers/dram:1.3.5--pyhdfd78af_0,ERZ101,EBIMETAGENOMICS:ASSEMBLY_ANALYSIS_PIPELINE:PATHWAYS_AND_SYSTEMS:DRAM_DISTILL_SWF:DRAM_DISTILL_PER_ASSEMBLY (ERZ101),COMPLETED,0,1776013192104,1776013192200,1776013195239,3135,2000,131.6,1.3,213262336,1867091968,213262336,1867096064,41141128,1867667,5578,88,0,1904640,1,/home/martin/Projects/assembly-analysis-pipeline/work/8d/86934eae9fcc77592e587918637cf2,"
    if [ ""false"" == ""true"" ]; then
        gzip -c -d ERZ101_summary_for_dram.tsv > ERZ101_summary_for_dram.tsv
    fi

    DRAM.py \
        distill \
        -i ERZ101_summary_for_dram.tsv  \
        -o dram_out \
        

    mv dram_out/product.html ERZ101_dram.html
    mv dram_out/product.tsv ERZ101_dram.tsv
    mv dram_out/genome_stats.tsv ERZ101_genome_stats.tsv
    mv dram_out/metabolism_summary.xlsx ERZ101_metabolism_summary.xlsx

    gzip ERZ101_dram.html
    gzip ERZ101_dram.tsv
    gzip ERZ101_genome_stats.tsv
    gzip ERZ101_metabolism_summary.xlsx

    cat <<-END_VERSIONS > versions.yml
    ""EBIMETAGENOMICS:ASSEMBLY_ANALYSIS_PIPELINE:PATHWAYS_AND_SYSTEMS:DRAM_DISTILL_SWF:DRAM_DISTILL_PER_ASSEMBLY"":
        dram: 1.3.5
        dram databases: 1.3.0
    END_VERSIONS
    ",,,4,16106127360,,3600000,"PYTHONNOUSERSITE=1
R_PROFILE_USER=/.Rprofile
R_ENVIRON_USER=/.Renviron
JULIA_DEPOT_PATH=/usr/local/share/julia
PATH=$PATH:/home/martin/Projects/assembly-analysis-pipeline/bin
",,9,146,,AMD Ryzen 5 5600X 6-Core Processor
irreverent_northcutt,samplesheet,122,d1/2cf91c,95261,DRAM_DISTILL_PER_SAMPLESHEET,[],quay.io/biocontainers/dram:1.3.5--pyhdfd78af_0,samplesheet,EBIMETAGENOMICS:ASSEMBLY_ANALYSIS_PIPELINE:PATHWAYS_AND_SYSTEMS:DRAM_DISTILL_SWF:DRAM_DISTILL_PER_SAMPLESHEET (samplesheet),COMPLETED,0,1776013195242,1776013195340,1776013198516,3274,2000,130.9,1.3,213590016,1867087872,213590016,1868140544,41298604,2036236,5591,89,0,2072576,1,/home/martin/Projects/assembly-analysis-pipeline/work/d1/2cf91c7e9c4a812f7a2f345c779223,"
    if [ ""false"" == ""true"" ]; then
        gzip -c -d samplesheet_dram_input.tsv > samplesheet_dram_input.tsv
    fi

    DRAM.py \
        distill \
        -i samplesheet_dram_input.tsv  \
        -o dram_out \
        

    mv dram_out/product.html samplesheet_dram.html
    mv dram_out/product.tsv samplesheet_dram.tsv
    mv dram_out/genome_stats.tsv samplesheet_genome_stats.tsv
    mv dram_out/metabolism_summary.xlsx samplesheet_metabolism_summary.xlsx

    gzip samplesheet_dram.html
    gzip samplesheet_dram.tsv
    gzip samplesheet_genome_stats.tsv
    gzip samplesheet_metabolism_summary.xlsx

    cat <<-END_VERSIONS > versions.yml
    ""EBIMETAGENOMICS:ASSEMBLY_ANALYSIS_PIPELINE:PATHWAYS_AND_SYSTEMS:DRAM_DISTILL_SWF:DRAM_DISTILL_PER_SAMPLESHEET"":
        dram: 1.3.5
        dram databases: 1.3.0
    END_VERSIONS
    ",,,4,16106127360,,3600000,"PYTHONNOUSERSITE=1
R_PROFILE_USER=/.Rprofile
R_ENVIRON_USER=/.Renviron
JULIA_DEPOT_PATH=/usr/local/share/julia
PATH=$PATH:/home/martin/Projects/assembly-analysis-pipeline/bin
",,9,345,,AMD Ryzen 5 5600X 6-Core Processor
irreverent_northcutt,ERZ102,123,8a/4f7bea,95624,SEQKIT_SPLIT2,[],quay.io/biocontainers/seqkit:2.8.1--h9ee0642_0,ERZ102,EBIMETAGENOMICS:ASSEMBLY_ANALYSIS_PIPELINE:PATHWAYS_AND_SYSTEMS:SEQKIT_SPLIT2 (ERZ102),COMPLETED,0,1776013198519,1776013198616,1776013199579,1060,0,94.1,0.0,9162752,1276563456,9162752,1276563456,117554,42495,188,28,18579456,36864,1,/home/martin/Projects/assembly-analysis-pipeline/work/8a/4f7bea8375841eefec77998cc37226,"
    seqkit \
        split2 \
         --by-length 50M --by-length-prefix ERZ102_  \
        --threads 4 \
        ERZ102_bgc_len_filtered.fasta.gz \
        --out-dir ERZ102

    cat <<-END_VERSIONS > versions.yml
    ""EBIMETAGENOMICS:ASSEMBLY_ANALYSIS_PIPELINE:PATHWAYS_AND_SYSTEMS:SEQKIT_SPLIT2"":
        seqkit: $(echo $(seqkit 2>&1) | sed 's/^.*Version: //; s/ .*$//')
    END_VERSIONS
    ",,,4,16106127360,,3600000,"PYTHONNOUSERSITE=1
R_PROFILE_USER=/.Rprofile
R_ENVIRON_USER=/.Renviron
JULIA_DEPOT_PATH=/usr/local/share/julia
PATH=$PATH:/home/martin/Projects/assembly-analysis-pipeline/bin
",,14,0,,AMD Ryzen 5 5600X 6-Core Processor
irreverent_northcutt,ERZ101,124,39/9d87dc,95862,SEQKIT_SPLIT2,[],quay.io/biocontainers/seqkit:2.8.1--h9ee0642_0,ERZ101,EBIMETAGENOMICS:ASSEMBLY_ANALYSIS_PIPELINE:PATHWAYS_AND_SYSTEMS:SEQKIT_SPLIT2 (ERZ101),COMPLETED,0,1776013199583,1776013199679,1776013200644,1061,0,126.3,0.0,3301376,4497408,3301376,4497408,122977,48083,188,28,0,40960,1,/home/martin/Projects/assembly-analysis-pipeline/work/39/9d87dc9738675f0ee8d49dfc88302e,"
    seqkit \
        split2 \
         --by-length 50M --by-length-prefix ERZ101_  \
        --threads 4 \
        ERZ101_bgc_len_filtered.fasta.gz \
        --out-dir ERZ101

    cat <<-END_VERSIONS > versions.yml
    ""EBIMETAGENOMICS:ASSEMBLY_ANALYSIS_PIPELINE:PATHWAYS_AND_SYSTEMS:SEQKIT_SPLIT2"":
        seqkit: $(echo $(seqkit 2>&1) | sed 's/^.*Version: //; s/ .*$//')
    END_VERSIONS
    ",,,4,16106127360,,3600000,"PYTHONNOUSERSITE=1
R_PROFILE_USER=/.Rprofile
R_ENVIRON_USER=/.Renviron
JULIA_DEPOT_PATH=/usr/local/share/julia
PATH=$PATH:/home/martin/Projects/assembly-analysis-pipeline/bin
",,1,1,,AMD Ryzen 5 5600X 6-Core Processor
irreverent_northcutt,ERZ102,126,a7/b8143a,96105,FILTER_IPS_AND_FAA_BY_CONTIGS,[],community.wave.seqera.io/library/seqkit_python:fa0b5f9a20082dfc,ERZ102,EBIMETAGENOMICS:ASSEMBLY_ANALYSIS_PIPELINE:PATHWAYS_AND_SYSTEMS:FILTER_IPS_AND_FAA_BY_CONTIGS (ERZ102),COMPLETED,0,1776013200648,1776013200744,1776013201793,1145,105,100.8,0.5,73924608,1399615488,73924608,1399615488,2076173,11895,410,26,35594240,20480,1,/home/martin/Projects/assembly-analysis-pipeline/work/a7/b8143a417c0161ffa87e692daa024a,"
    filter_ips_by_contigs.py \
        --contigs ERZ102_001.fasta.gz \
        --ips ERZ102_interproscan.tsv.gz \
        --out ERZ102_filtered_ips.tsv.gz | \
    seqkit grep \
        --threads 4 \
        -f - \
        ERZ102.faa.gz \
        -o ERZ102_filtered.faa.gz

    cat <<-END_VERSIONS > versions.yml
    ""EBIMETAGENOMICS:ASSEMBLY_ANALYSIS_PIPELINE:PATHWAYS_AND_SYSTEMS:FILTER_IPS_AND_FAA_BY_CONTIGS"":
        seqkit: $( seqkit version | sed 's/seqkit v//' )
        python: $( python3 --version | sed 's/Python //' )
    END_VERSIONS
    ",,,4,16106127360,,3600000,"PYTHONNOUSERSITE=1
R_PROFILE_USER=/.Rprofile
R_ENVIRON_USER=/.Renviron
JULIA_DEPOT_PATH=/usr/local/share/julia
PATH=$PATH:/home/martin/Projects/assembly-analysis-pipeline/bin
",,91,11,,AMD Ryzen 5 5600X 6-Core Processor
irreverent_northcutt,ERZ102,125,3b/6bfd0c,96391,ANTISMASH_ANTISMASH,[],quay.io/nf-core/antismash:8.0.1--pyhdfd78af_0,ERZ102,EBIMETAGENOMICS:ASSEMBLY_ANALYSIS_PIPELINE:PATHWAYS_AND_SYSTEMS:ANTISMASH_ANTISMASH (ERZ102),COMPLETED,0,1776013201799,1776013201893,1776013211164,9365,9000,107.4,1.3,227983360,2260893696,328364032,2389135360,1308352849,7240937,264362,2024,680337408,2342912,1,/home/martin/Projects/assembly-analysis-pipeline/work/3b/6bfd0c6006619905f81a27f1969e13,"
    ## We specifically do not include on-the-fly annotations (--genefinding-tool none) as
    ## this should be run as a separate module for versioning purposes

    if [ ""true"" == ""true"" ]; then
        # - remove in case of retry - #
        rm -f ERZ102_001.fasta
        gzip -c -d ERZ102_001.fasta.gz > ERZ102_001.fasta
    fi

    if [ ""true"" == ""true"" ]; then
        # - remove in case of retry - #
        rm -f ERZ102.gff
        gunzip -c -d ERZ102.gff.gz > ERZ102.gff
    fi

    antismash \
        --no-enable-html \
        --genefinding-gff3 ERZ102.gff \
        -c 4 \
        --output-dir ERZ102_001 \
        --output-basename ERZ102_001 \
        --genefinding-tool none \
        --logfile ERZ102_001/ERZ102_001.log \
        --databases antismash \
        ERZ102_001.fasta

    cat <<-END_VERSIONS > versions.yml
    ""EBIMETAGENOMICS:ASSEMBLY_ANALYSIS_PIPELINE:PATHWAYS_AND_SYSTEMS:ANTISMASH_ANTISMASH"":
        antismash: $(echo $(antismash --version) | sed 's/antiSMASH //;s/-.*//g')
        antismash database: 8.0.0
    END_VERSIONS
    ",,,4,16106127360,,3600000,"PYTHONNOUSERSITE=1
R_PROFILE_USER=/.Rprofile
R_ENVIRON_USER=/.Renviron
JULIA_DEPOT_PATH=/usr/local/share/julia
PATH=$PATH:/home/martin/Projects/assembly-analysis-pipeline/bin
",,3996,262,,AMD Ryzen 5 5600X 6-Core Processor
irreverent_northcutt,ERZ101,127,b7/c5e29d,110164,FILTER_IPS_AND_FAA_BY_CONTIGS,[],community.wave.seqera.io/library/seqkit_python:fa0b5f9a20082dfc,ERZ101,EBIMETAGENOMICS:ASSEMBLY_ANALYSIS_PIPELINE:PATHWAYS_AND_SYSTEMS:FILTER_IPS_AND_FAA_BY_CONTIGS (ERZ101),COMPLETED,0,1776013211168,1776013211264,1776013212267,1099,74,140.4,0.5,75444224,1400909824,75444224,1400946688,2081515,11663,410,26,0,20480,1,/home/martin/Projects/assembly-analysis-pipeline/work/b7/c5e29d376fcada5ff243dca3d24221,"
    filter_ips_by_contigs.py \
        --contigs ERZ101_001.fasta.gz \
        --ips ERZ101_interproscan.tsv.gz \
        --out ERZ101_filtered_ips.tsv.gz | \
    seqkit grep \
        --threads 4 \
        -f - \
        ERZ101.faa.gz \
        -o ERZ101_filtered.faa.gz

    cat <<-END_VERSIONS > versions.yml
    ""EBIMETAGENOMICS:ASSEMBLY_ANALYSIS_PIPELINE:PATHWAYS_AND_SYSTEMS:FILTER_IPS_AND_FAA_BY_CONTIGS"":
        seqkit: $( seqkit version | sed 's/seqkit v//' )
        python: $( python3 --version | sed 's/Python //' )
    END_VERSIONS
    ",,,4,16106127360,,3600000,"PYTHONNOUSERSITE=1
R_PROFILE_USER=/.Rprofile
R_ENVIRON_USER=/.Renviron
JULIA_DEPOT_PATH=/usr/local/share/julia
PATH=$PATH:/home/martin/Projects/assembly-analysis-pipeline/bin
",,50,10,,AMD Ryzen 5 5600X 6-Core Processor
irreverent_northcutt,ERZ101,128,97/767eea,110470,ANTISMASH_ANTISMASH,[],quay.io/nf-core/antismash:8.0.1--pyhdfd78af_0,ERZ101,EBIMETAGENOMICS:ASSEMBLY_ANALYSIS_PIPELINE:PATHWAYS_AND_SYSTEMS:ANTISMASH_ANTISMASH (ERZ101),COMPLETED,0,1776013212273,1776013212367,1776013221664,9391,8000,115.8,1.4,244404224,2291322880,328667136,2424152064,1706528604,7583013,341294,2156,53248,2781184,1,/home/martin/Projects/assembly-analysis-pipeline/work/97/767eea0784f163ed0cb538077597f2,"
    ## We specifically do not include on-the-fly annotations (--genefinding-tool none) as
    ## this should be run as a separate module for versioning purposes

    if [ ""true"" == ""true"" ]; then
        # - remove in case of retry - #
        rm -f ERZ101_001.fasta
        gzip -c -d ERZ101_001.fasta.gz > ERZ101_001.fasta
    fi

    if [ ""true"" == ""true"" ]; then
        # - remove in case of retry - #
        rm -f ERZ101.gff
        gunzip -c -d ERZ101.gff.gz > ERZ101.gff
    fi

    antismash \
        --no-enable-html \
        --genefinding-gff3 ERZ101.gff \
        -c 4 \
        --output-dir ERZ101_001 \
        --output-basename ERZ101_001 \
        --genefinding-tool none \
        --logfile ERZ101_001/ERZ101_001.log \
        --databases antismash \
        ERZ101_001.fasta

    cat <<-END_VERSIONS > versions.yml
    ""EBIMETAGENOMICS:ASSEMBLY_ANALYSIS_PIPELINE:PATHWAYS_AND_SYSTEMS:ANTISMASH_ANTISMASH"":
        antismash: $(echo $(antismash --version) | sed 's/antiSMASH //;s/-.*//g')
        antismash database: 8.0.0
    END_VERSIONS
    ",,,4,16106127360,,3600000,"PYTHONNOUSERSITE=1
R_PROFILE_USER=/.Rprofile
R_ENVIRON_USER=/.Renviron
JULIA_DEPOT_PATH=/usr/local/share/julia
PATH=$PATH:/home/martin/Projects/assembly-analysis-pipeline/bin
",,1224,431,,AMD Ryzen 5 5600X 6-Core Processor
irreverent_northcutt,ERZ102,129,0b/a2a1a1,123532,SANNTIS,[],quay.io/biocontainers/sanntis:0.9.4.1--pyhdfd78af_0,ERZ102,EBIMETAGENOMICS:ASSEMBLY_ANALYSIS_PIPELINE:PATHWAYS_AND_SYSTEMS:SANNTIS (ERZ102),COMPLETED,0,1776013221666,1776013221764,1776013227588,5922,5000,119.8,2.6,431357952,4234604544,431357952,4234604544,653141331,81743,139689,85,543870976,81920,1,/home/martin/Projects/assembly-analysis-pipeline/work/0b/a2a1a1a02e2070c337fa293c2934ce,"
    if [ ""true"" == ""true"" ]; then
         gzip -c -d ERZ102_filtered_ips.tsv.gz > ERZ102_filtered_ips.tsv
    fi

    gzip -c -d ERZ102_filtered.faa.gz > ERZ102_filtered.faa

    sanntis \
        --ip-file ERZ102_filtered_ips.tsv \
        --outfile ERZ102_sanntis.gff \
        --cpu 4 \
         \
        --is_protein ERZ102_filtered.faa

    gzip ERZ102_sanntis.gff

    # Purge the decompressed files to save storage
    rm -f ERZ102_filtered.faa
    if [ ""true"" == ""true"" ]; then
         rm -f ERZ102_filtered_ips.tsv
    fi

    cat <<-END_VERSIONS > versions.yml
    ""EBIMETAGENOMICS:ASSEMBLY_ANALYSIS_PIPELINE:PATHWAYS_AND_SYSTEMS:SANNTIS"":
        SanntiS: $(sanntis --version | sed ""s/SanntiS\ //g"")
    END_VERSIONS
    ",,,4,12884901888,,3600000,"PYTHONNOUSERSITE=1
R_PROFILE_USER=/.Rprofile
R_ENVIRON_USER=/.Renviron
JULIA_DEPOT_PATH=/usr/local/share/julia
PATH=$PATH:/home/martin/Projects/assembly-analysis-pipeline/bin
",,3955,208,,AMD Ryzen 5 5600X 6-Core Processor
irreverent_northcutt,ERZ102,130,d5/b77fcd,124271,ANTISMASH_JSON_TO_GFF,[],quay.io/biocontainers/mgnify-pipelines-toolkit:1.2.0--pyhdfd78af_0,ERZ102,EBIMETAGENOMICS:ASSEMBLY_ANALYSIS_PIPELINE:PATHWAYS_AND_SYSTEMS:ANTISMASH_JSON_TO_GFF (ERZ102),COMPLETED,0,1776013227591,1776013227688,1776013229390,1799,1000,162.0,0.1,13602816,18485248,13602816,18485248,19964493,12277,1738,19,90148864,20480,1,/home/martin/Projects/assembly-analysis-pipeline/work/d5/b77fcd2047078e1ec2137b60404ada,"
    antismash_gff_builder \
        --input ERZ102_001.json \
        --output ERZ102_001.gff

    gzip ERZ102_001.gff

    cat <<-END_VERSIONS > versions.yml
    ""EBIMETAGENOMICS:ASSEMBLY_ANALYSIS_PIPELINE:PATHWAYS_AND_SYSTEMS:ANTISMASH_JSON_TO_GFF"":
        mgnify-pipelines-toolkit: $(get_mpt_version)
    END_VERSIONS
    ",,,2,12884901888,,3600000,"PYTHONNOUSERSITE=1
R_PROFILE_USER=/.Rprofile
R_ENVIRON_USER=/.Renviron
JULIA_DEPOT_PATH=/usr/local/share/julia
PATH=$PATH:/home/martin/Projects/assembly-analysis-pipeline/bin
",,2,1,,AMD Ryzen 5 5600X 6-Core Processor
irreverent_northcutt,ERZ101,131,c6/7e2b16,124522,SANNTIS,[],quay.io/biocontainers/sanntis:0.9.4.1--pyhdfd78af_0,ERZ101,EBIMETAGENOMICS:ASSEMBLY_ANALYSIS_PIPELINE:PATHWAYS_AND_SYSTEMS:SANNTIS (ERZ101),COMPLETED,0,1776013229394,1776013229490,1776013234427,5033,4000,136.9,2.2,374595584,4155617280,383229952,4169453568,653804149,82728,139855,83,2977792,118784,1,/home/martin/Projects/assembly-analysis-pipeline/work/c6/7e2b162edbc176cfb1d8f46552c5cd,"
    if [ ""true"" == ""true"" ]; then
         gzip -c -d ERZ101_filtered_ips.tsv.gz > ERZ101_filtered_ips.tsv
    fi

    gzip -c -d ERZ101_filtered.faa.gz > ERZ101_filtered.faa

    sanntis \
        --ip-file ERZ101_filtered_ips.tsv \
        --outfile ERZ101_sanntis.gff \
        --cpu 4 \
         \
        --is_protein ERZ101_filtered.faa

    gzip ERZ101_sanntis.gff

    # Purge the decompressed files to save storage
    rm -f ERZ101_filtered.faa
    if [ ""true"" == ""true"" ]; then
         rm -f ERZ101_filtered_ips.tsv
    fi

    cat <<-END_VERSIONS > versions.yml
    ""EBIMETAGENOMICS:ASSEMBLY_ANALYSIS_PIPELINE:PATHWAYS_AND_SYSTEMS:SANNTIS"":
        SanntiS: $(sanntis --version | sed ""s/SanntiS\ //g"")
    END_VERSIONS
    ",,,4,12884901888,,3600000,"PYTHONNOUSERSITE=1
R_PROFILE_USER=/.Rprofile
R_ENVIRON_USER=/.Renviron
JULIA_DEPOT_PATH=/usr/local/share/julia
PATH=$PATH:/home/martin/Projects/assembly-analysis-pipeline/bin
",,61,39,,AMD Ryzen 5 5600X 6-Core Processor
irreverent_northcutt,ERZ101,132,ab/3f9d26,125166,ANTISMASH_JSON_TO_GFF,[],quay.io/biocontainers/mgnify-pipelines-toolkit:1.2.0--pyhdfd78af_0,ERZ101,EBIMETAGENOMICS:ASSEMBLY_ANALYSIS_PIPELINE:PATHWAYS_AND_SYSTEMS:ANTISMASH_JSON_TO_GFF (ERZ101),COMPLETED,0,1776013234431,1776013234527,1776013236052,1621,0,208.3,0.1,13164544,18186240,13164544,18186240,20000847,16451,1738,19,1060864,24576,1,/home/martin/Projects/assembly-analysis-pipeline/work/ab/3f9d262ca6ee3569f3e6b79851e29f,"
    antismash_gff_builder \
        --input ERZ101_001.json \
        --output ERZ101_001.gff

    gzip ERZ101_001.gff

    cat <<-END_VERSIONS > versions.yml
    ""EBIMETAGENOMICS:ASSEMBLY_ANALYSIS_PIPELINE:PATHWAYS_AND_SYSTEMS:ANTISMASH_JSON_TO_GFF"":
        mgnify-pipelines-toolkit: $(get_mpt_version)
    END_VERSIONS
    ",,,2,12884901888,,3600000,"PYTHONNOUSERSITE=1
R_PROFILE_USER=/.Rprofile
R_ENVIRON_USER=/.Renviron
JULIA_DEPOT_PATH=/usr/local/share/julia
PATH=$PATH:/home/martin/Projects/assembly-analysis-pipeline/bin
",,1,2,,AMD Ryzen 5 5600X 6-Core Processor
irreverent_northcutt,ERZ101,134,d0/1a47b7,125415,MERGE_ANTISMASH_JSON,[],community.wave.seqera.io/library/jq:1.5--c7925a380686afaf,ERZ101,EBIMETAGENOMICS:ASSEMBLY_ANALYSIS_PIPELINE:PATHWAYS_AND_SYSTEMS:MERGE_ANTISMASH_JSON (ERZ101),COMPLETED,0,1776013236055,1776013236152,1776013237126,1071,16,138.5,0.0,3657728,4874240,3657728,4874240,317287,308122,249,92,1073152,315392,1,/home/martin/Projects/assembly-analysis-pipeline/work/d0/1a47b7e81d92217a9c9a43865ad67c,"
    jq -s '
        reduce .[] as $item (
            {
                version: null,
                input_file: ""ERZ101.fasta"",
                taxon: null,
                schema: null,
                timings: {},
                records: []
            };
            {
                version: $item.version,
                input_file: ""ERZ101.fasta"",
                taxon: $item.taxon,
                schema: $item.schema,
                timings: (.timings + ($item.timings // {})),
                records: (.records + ($item.records // []))
            }
        )' ERZ101_001.json > ERZ101_merged.json

    cat <<-END_VERSIONS > versions.yml
    ""EBIMETAGENOMICS:ASSEMBLY_ANALYSIS_PIPELINE:PATHWAYS_AND_SYSTEMS:MERGE_ANTISMASH_JSON"":
        jq: $(jq -V 2>&1 | sed 's/jq-//g')
    END_VERSIONS
    ",,,4,16106127360,,3600000,"PYTHONNOUSERSITE=1
R_PROFILE_USER=/.Rprofile
R_ENVIRON_USER=/.Renviron
JULIA_DEPOT_PATH=/usr/local/share/julia
PATH=$PATH:/home/martin/Projects/assembly-analysis-pipeline/bin
",,1,0,,AMD Ryzen 5 5600X 6-Core Processor
irreverent_northcutt,ERZ102,133,95/027a77,125646,MERGE_ANTISMASH_JSON,[],community.wave.seqera.io/library/jq:1.5--c7925a380686afaf,ERZ102,EBIMETAGENOMICS:ASSEMBLY_ANALYSIS_PIPELINE:PATHWAYS_AND_SYSTEMS:MERGE_ANTISMASH_JSON (ERZ102),COMPLETED,0,1776013237130,1776013237226,1776013238169,1039,14,104.3,0.0,3747840,4874240,3747840,4874240,284717,265266,241,81,0,270336,1,/home/martin/Projects/assembly-analysis-pipeline/work/95/027a7790dec5fb3c283e45075848a8,"
    jq -s '
        reduce .[] as $item (
            {
                version: null,
                input_file: ""ERZ102.fasta"",
                taxon: null,
                schema: null,
                timings: {},
                records: []
            };
            {
                version: $item.version,
                input_file: ""ERZ102.fasta"",
                taxon: $item.taxon,
                schema: $item.schema,
                timings: (.timings + ($item.timings // {})),
                records: (.records + ($item.records // []))
            }
        )' ERZ102_001.json > ERZ102_merged.json

    cat <<-END_VERSIONS > versions.yml
    ""EBIMETAGENOMICS:ASSEMBLY_ANALYSIS_PIPELINE:PATHWAYS_AND_SYSTEMS:MERGE_ANTISMASH_JSON"":
        jq: $(jq -V 2>&1 | sed 's/jq-//g')
    END_VERSIONS
    ",,,4,16106127360,,3600000,"PYTHONNOUSERSITE=1
R_PROFILE_USER=/.Rprofile
R_ENVIRON_USER=/.Renviron
JULIA_DEPOT_PATH=/usr/local/share/julia
PATH=$PATH:/home/martin/Projects/assembly-analysis-pipeline/bin
",,1,0,,AMD Ryzen 5 5600X 6-Core Processor
irreverent_northcutt,ERZ101,136,6f/c0ed2c,125873,CONCATENATE_ANTISMASH_GBK,[],quay.io/biocontainers/pigz:2.3.4,ERZ101,EBIMETAGENOMICS:ASSEMBLY_ANALYSIS_PIPELINE:PATHWAYS_AND_SYSTEMS:CONCATENATE_ANTISMASH_GBK (ERZ101),COMPLETED,0,1776013238181,1776013238270,1776013240222,2041,0,156.5,0.0,3010560,11583488,3010560,11587584,537071,330605,257,81,192512,94208,1,/home/martin/Projects/assembly-analysis-pipeline/work/6f/c0ed2c5df6a6c1212ca52d41ada945,"
    cat \
         \
        ERZ101_001.gbk \
        | pigz -c -p 2  \
        > ERZ101_antismash.gbk.gz

    cat <<-END_VERSIONS > versions.yml
    ""EBIMETAGENOMICS:ASSEMBLY_ANALYSIS_PIPELINE:PATHWAYS_AND_SYSTEMS:CONCATENATE_ANTISMASH_GBK"":
        pigz: $( pigz --version 2>&1 | sed 's/pigz //g' )
    END_VERSIONS
    ",,,2,12884901888,,3600000,"PYTHONNOUSERSITE=1
R_PROFILE_USER=/.Rprofile
R_ENVIRON_USER=/.Renviron
JULIA_DEPOT_PATH=/usr/local/share/julia
PATH=$PATH:/home/martin/Projects/assembly-analysis-pipeline/bin
",,2,0,,AMD Ryzen 5 5600X 6-Core Processor
irreverent_northcutt,ERZ102,135,27/870566,126135,CONCATENATE_ANTISMASH_GBK,[],quay.io/biocontainers/pigz:2.3.4,ERZ102,EBIMETAGENOMICS:ASSEMBLY_ANALYSIS_PIPELINE:PATHWAYS_AND_SYSTEMS:CONCATENATE_ANTISMASH_GBK (ERZ102),COMPLETED,0,1776013240225,1776013240322,1776013242259,2034,0,109.1,0.0,3002368,11583488,3002368,11587584,462531,280603,238,72,8192,81920,1,/home/martin/Projects/assembly-analysis-pipeline/work/27/87056624f88ec306e852426919a27e,"
    cat \
         \
        ERZ102_001.gbk \
        | pigz -c -p 2  \
        > ERZ102_antismash.gbk.gz

    cat <<-END_VERSIONS > versions.yml
    ""EBIMETAGENOMICS:ASSEMBLY_ANALYSIS_PIPELINE:PATHWAYS_AND_SYSTEMS:CONCATENATE_ANTISMASH_GBK"":
        pigz: $( pigz --version 2>&1 | sed 's/pigz //g' )
    END_VERSIONS
    ",,,2,12884901888,,3600000,"PYTHONNOUSERSITE=1
R_PROFILE_USER=/.Rprofile
R_ENVIRON_USER=/.Renviron
JULIA_DEPOT_PATH=/usr/local/share/julia
PATH=$PATH:/home/martin/Projects/assembly-analysis-pipeline/bin
",,2,1,,AMD Ryzen 5 5600X 6-Core Processor
irreverent_northcutt,ERZ101,138,5a/887b25,126396,CONCATENATE_SANNTIS_GFFS,[],community.wave.seqera.io/library/python:3.13.1--d00663700fcc8bcf,ERZ101,EBIMETAGENOMICS:ASSEMBLY_ANALYSIS_PIPELINE:PATHWAYS_AND_SYSTEMS:CONCATENATE_SANNTIS_GFFS (ERZ101),COMPLETED,0,1776013242262,1776013242360,1776013243404,1142,34,125.0,0.1,14098432,19984384,14098432,19984384,999613,518,287,18,0,8192,1,/home/martin/Projects/assembly-analysis-pipeline/work/5a/887b25c1be745147f2aebf0b805ea4,"
    concatenate_gffs.py \
    --gffs gffs/*.gff.gz  \
    --output ERZ101_sanntis_concatenated.gff.gz

    cat <<-END_VERSIONS > versions.yml
    ""EBIMETAGENOMICS:ASSEMBLY_ANALYSIS_PIPELINE:PATHWAYS_AND_SYSTEMS:CONCATENATE_SANNTIS_GFFS"":
        python: $(python --version 2>&1 | sed 's/Python //g')
    END_VERSIONS
    ",,,1,6442450944,,3600000,"PYTHONNOUSERSITE=1
R_PROFILE_USER=/.Rprofile
R_ENVIRON_USER=/.Renviron
JULIA_DEPOT_PATH=/usr/local/share/julia
PATH=$PATH:/home/martin/Projects/assembly-analysis-pipeline/bin
",,1,2,,AMD Ryzen 5 5600X 6-Core Processor
irreverent_northcutt,ERZ102,137,5f/9684d4,126398,CONCATENATE_SANNTIS_GFFS,[],community.wave.seqera.io/library/python:3.13.1--d00663700fcc8bcf,ERZ102,EBIMETAGENOMICS:ASSEMBLY_ANALYSIS_PIPELINE:PATHWAYS_AND_SYSTEMS:CONCATENATE_SANNTIS_GFFS (ERZ102),COMPLETED,0,1776013242265,1776013242360,1776013243377,1112,37,115.4,0.1,13615104,19804160,13615104,19804160,999614,518,287,18,32768,8192,1,/home/martin/Projects/assembly-analysis-pipeline/work/5f/9684d4189355f650ab80a1a8102968,"
    concatenate_gffs.py \
    --gffs gffs/*.gff.gz  \
    --output ERZ102_sanntis_concatenated.gff.gz

    cat <<-END_VERSIONS > versions.yml
    ""EBIMETAGENOMICS:ASSEMBLY_ANALYSIS_PIPELINE:PATHWAYS_AND_SYSTEMS:CONCATENATE_SANNTIS_GFFS"":
        python: $(python --version 2>&1 | sed 's/Python //g')
    END_VERSIONS
    ",,,1,6442450944,,3600000,"PYTHONNOUSERSITE=1
R_PROFILE_USER=/.Rprofile
R_ENVIRON_USER=/.Renviron
JULIA_DEPOT_PATH=/usr/local/share/julia
PATH=$PATH:/home/martin/Projects/assembly-analysis-pipeline/bin
",,1,15,,AMD Ryzen 5 5600X 6-Core Processor
irreverent_northcutt,ERZ101,140,e0/def67e,126846,CONCATENATE_ANTISMASH_GFFS,[],community.wave.seqera.io/library/python:3.13.1--d00663700fcc8bcf,ERZ101,EBIMETAGENOMICS:ASSEMBLY_ANALYSIS_PIPELINE:PATHWAYS_AND_SYSTEMS:CONCATENATE_ANTISMASH_GFFS (ERZ101),COMPLETED,0,1776013243380,1776013243404,1776013244502,1122,33,106.7,0.1,14299136,19984384,14299136,19984384,1001726,2556,287,18,0,8192,1,/home/martin/Projects/assembly-analysis-pipeline/work/e0/def67ed93ff93825d932e61b05e491,"
    concatenate_gffs.py \
    --gffs gffs/*.gff.gz  \
    --output ERZ101_antismash_concatenated.gff.gz

    cat <<-END_VERSIONS > versions.yml
    ""EBIMETAGENOMICS:ASSEMBLY_ANALYSIS_PIPELINE:PATHWAYS_AND_SYSTEMS:CONCATENATE_ANTISMASH_GFFS"":
        python: $(python --version 2>&1 | sed 's/Python //g')
    END_VERSIONS
    ",,,1,6442450944,,3600000,"PYTHONNOUSERSITE=1
R_PROFILE_USER=/.Rprofile
R_ENVIRON_USER=/.Renviron
JULIA_DEPOT_PATH=/usr/local/share/julia
PATH=$PATH:/home/martin/Projects/assembly-analysis-pipeline/bin
",,1,1,,AMD Ryzen 5 5600X 6-Core Processor
irreverent_northcutt,ERZ102,139,8c/25f92e,126882,CONCATENATE_ANTISMASH_GFFS,[],community.wave.seqera.io/library/python:3.13.1--d00663700fcc8bcf,ERZ102,EBIMETAGENOMICS:ASSEMBLY_ANALYSIS_PIPELINE:PATHWAYS_AND_SYSTEMS:CONCATENATE_ANTISMASH_GFFS (ERZ102),COMPLETED,0,1776013243407,1776013243504,1776013244493,1086,34,106.7,0.1,14315520,19984384,14315520,19984384,1001319,2213,287,18,0,8192,1,/home/martin/Projects/assembly-analysis-pipeline/work/8c/25f92e1274a1188171feaca81530f6,"
    concatenate_gffs.py \
    --gffs gffs/*.gff.gz  \
    --output ERZ102_antismash_concatenated.gff.gz

    cat <<-END_VERSIONS > versions.yml
    ""EBIMETAGENOMICS:ASSEMBLY_ANALYSIS_PIPELINE:PATHWAYS_AND_SYSTEMS:CONCATENATE_ANTISMASH_GFFS"":
        python: $(python --version 2>&1 | sed 's/Python //g')
    END_VERSIONS
    ",,,1,6442450944,,3600000,"PYTHONNOUSERSITE=1
R_PROFILE_USER=/.Rprofile
R_ENVIRON_USER=/.Renviron
JULIA_DEPOT_PATH=/usr/local/share/julia
PATH=$PATH:/home/martin/Projects/assembly-analysis-pipeline/bin
",,1,8,,AMD Ryzen 5 5600X 6-Core Processor
irreverent_northcutt,ERZ102,141,56/69a452,127303,SANNTIS_SUMMARY,[],quay.io/microbiome-informatics/mgnify-pipelines-toolkit:1.2.0--htslib,ERZ102,EBIMETAGENOMICS:ASSEMBLY_ANALYSIS_PIPELINE:PATHWAYS_AND_SYSTEMS:SANNTIS_SUMMARY (ERZ102),COMPLETED,0,1776013244505,1776013244603,1776013245678,1173,85,64.3,0.1,14483456,22032384,14483456,22032384,2161152,483,396,17,14581760,4096,1,/home/martin/Projects/assembly-analysis-pipeline/work/56/69a4520438f60e232b2b23ea6fef43,"
    # SanntiS produces GFF with just the #gff header if no BGC were found
    if [ ""$(zcat ""ERZ102_sanntis_concatenated.gff.gz"" | wc -l)"" -gt 1 ]; then
        summarise_sanntis_bgcs \
            --sanntis-gff ERZ102_sanntis_concatenated.gff.gz \
            --output ERZ102_sanntis_concatenated_summary.tsv

        bgzip -@2 --index ERZ102_sanntis_concatenated_summary.tsv
    fi

    cat <<-END_VERSIONS > versions.yml
    ""EBIMETAGENOMICS:ASSEMBLY_ANALYSIS_PIPELINE:PATHWAYS_AND_SYSTEMS:SANNTIS_SUMMARY"":
        mgnify-pipelines-toolkit: $(get_mpt_version)
    END_VERSIONS
    ",,,2,12884901888,,3600000,"PYTHONNOUSERSITE=1
R_PROFILE_USER=/.Rprofile
R_ENVIRON_USER=/.Renviron
JULIA_DEPOT_PATH=/usr/local/share/julia
PATH=$PATH:/home/martin/Projects/assembly-analysis-pipeline/bin
",,54,2,,AMD Ryzen 5 5600X 6-Core Processor
irreverent_northcutt,ERZ101,142,15/57e628,127562,SANNTIS_SUMMARY,[],quay.io/microbiome-informatics/mgnify-pipelines-toolkit:1.2.0--htslib,ERZ101,EBIMETAGENOMICS:ASSEMBLY_ANALYSIS_PIPELINE:PATHWAYS_AND_SYSTEMS:SANNTIS_SUMMARY (ERZ101),COMPLETED,0,1776013245681,1776013245778,1776013246766,1085,49,109.1,0.1,18173952,25915392,18173952,25915392,2161123,463,396,17,0,4096,1,/home/martin/Projects/assembly-analysis-pipeline/work/15/57e62839875b1abc4168d58bc191d5,"
    # SanntiS produces GFF with just the #gff header if no BGC were found
    if [ ""$(zcat ""ERZ101_sanntis_concatenated.gff.gz"" | wc -l)"" -gt 1 ]; then
        summarise_sanntis_bgcs \
            --sanntis-gff ERZ101_sanntis_concatenated.gff.gz \
            --output ERZ101_sanntis_concatenated_summary.tsv

        bgzip -@2 --index ERZ101_sanntis_concatenated_summary.tsv
    fi

    cat <<-END_VERSIONS > versions.yml
    ""EBIMETAGENOMICS:ASSEMBLY_ANALYSIS_PIPELINE:PATHWAYS_AND_SYSTEMS:SANNTIS_SUMMARY"":
        mgnify-pipelines-toolkit: $(get_mpt_version)
    END_VERSIONS
    ",,,2,12884901888,,3600000,"PYTHONNOUSERSITE=1
R_PROFILE_USER=/.Rprofile
R_ENVIRON_USER=/.Renviron
JULIA_DEPOT_PATH=/usr/local/share/julia
PATH=$PATH:/home/martin/Projects/assembly-analysis-pipeline/bin
",,4,0,,AMD Ryzen 5 5600X 6-Core Processor
irreverent_northcutt,ERZ102,143,f9/0cca6e,127823,ANTISMASH_SUMMARY,[],quay.io/microbiome-informatics/mgnify-pipelines-toolkit:1.2.0--htslib,ERZ102,EBIMETAGENOMICS:ASSEMBLY_ANALYSIS_PIPELINE:PATHWAYS_AND_SYSTEMS:ANTISMASH_SUMMARY (ERZ102),COMPLETED,0,1776013246768,1776013246866,1776013248314,1546,490,210.6,0.1,12865536,17575936,12865536,17575936,16223768,1308,1440,20,89554944,16384,1,/home/martin/Projects/assembly-analysis-pipeline/work/f9/0cca6e374f002b6dfcea9d68edcb06,"
    if [[ $(head -2 ERZ102_antismash_concatenated.gff.gz | wc -l) -gt 1 ]]; then
        summarise_antismash_bgcs \
            --antismash-gff ERZ102_antismash_concatenated.gff.gz \
            --output ERZ102_antismash_concatenated_summary.tsv
        bgzip -@2 --index ERZ102_antismash_concatenated_summary.tsv
    fi

    cat <<-END_VERSIONS > versions.yml
    ""EBIMETAGENOMICS:ASSEMBLY_ANALYSIS_PIPELINE:PATHWAYS_AND_SYSTEMS:ANTISMASH_SUMMARY"":
        mgnify-pipelines-toolkit: $(get_mpt_version)
    END_VERSIONS
    ",,,2,12884901888,,3600000,"PYTHONNOUSERSITE=1
R_PROFILE_USER=/.Rprofile
R_ENVIRON_USER=/.Renviron
JULIA_DEPOT_PATH=/usr/local/share/julia
PATH=$PATH:/home/martin/Projects/assembly-analysis-pipeline/bin
",,7,7,,AMD Ryzen 5 5600X 6-Core Processor
irreverent_northcutt,ERZ102,144,9d/cb2353,128071,CREATE_GFF_SUMMARY,[],quay.io/microbiome-informatics/mgnify-pipelines-toolkit:1.4.9,ERZ102,EBIMETAGENOMICS:ASSEMBLY_ANALYSIS_PIPELINE:GFF_SUMMARY:CREATE_GFF_SUMMARY (ERZ102),COMPLETED,0,1776013248318,1776013248414,1776013249575,1257,157,86.6,0.1,12750848,18743296,12750848,18776064,4402150,8510,666,17,17428480,16384,1,/home/martin/Projects/assembly-analysis-pipeline/work/9d/cb23533cf44821c80cbcfe9031102a,"
    process_dbcan_cazys \
        -hmm ERZ102_dbcan_sub_hmm.tsv.gz \
        -g ERZ102.gff.gz \
        -ov ERZ102_dbcan_overview.tsv.gz \
        -v 4.1.4-V13 \
        -o ERZ102_dbcan_cazys.gff

    gff_toolkit \
        -g ERZ102.gff.gz \
        -i ERZ102_interproscan.tsv.gz \
        -e ERZ102_emapper_annotations.tsv.gz \
        -s ERZ102_sanntis_concatenated.gff.gz \
        --antismash ERZ102_antismash_concatenated.gff.gz \
        --dbcan-cazys ERZ102_dbcan_cazys.gff \
        -o ERZ102_annotation_summary.gff

    cat <<-END_VERSIONS > versions.yml
    ""EBIMETAGENOMICS:ASSEMBLY_ANALYSIS_PIPELINE:GFF_SUMMARY:CREATE_GFF_SUMMARY"":
        mgnify-pipelines-toolkit: $(get_mpt_version)
    END_VERSIONS
    ",,,2,12884901888,,3600000,"PYTHONNOUSERSITE=1
R_PROFILE_USER=/.Rprofile
R_ENVIRON_USER=/.Renviron
JULIA_DEPOT_PATH=/usr/local/share/julia
PATH=$PATH:/home/martin/Projects/assembly-analysis-pipeline/bin
",,24,6,,AMD Ryzen 5 5600X 6-Core Processor
irreverent_northcutt,ERZ101,145,13/151a3d,128315,ANTISMASH_SUMMARY,[],quay.io/microbiome-informatics/mgnify-pipelines-toolkit:1.2.0--htslib,ERZ101,EBIMETAGENOMICS:ASSEMBLY_ANALYSIS_PIPELINE:PATHWAYS_AND_SYSTEMS:ANTISMASH_SUMMARY (ERZ101),COMPLETED,0,1776013249579,1776013249675,1776013250954,1375,347,278.7,0.1,13426688,18808832,13426688,18808832,16224150,1049,1440,20,0,16384,1,/home/martin/Projects/assembly-analysis-pipeline/work/13/151a3d9fb42e3cb24f1c17052a3fcf,"
    if [[ $(head -2 ERZ101_antismash_concatenated.gff.gz | wc -l) -gt 1 ]]; then
        summarise_antismash_bgcs \
            --antismash-gff ERZ101_antismash_concatenated.gff.gz \
            --output ERZ101_antismash_concatenated_summary.tsv
        bgzip -@2 --index ERZ101_antismash_concatenated_summary.tsv
    fi

    cat <<-END_VERSIONS > versions.yml
    ""EBIMETAGENOMICS:ASSEMBLY_ANALYSIS_PIPELINE:PATHWAYS_AND_SYSTEMS:ANTISMASH_SUMMARY"":
        mgnify-pipelines-toolkit: $(get_mpt_version)
    END_VERSIONS
    ",,,2,12884901888,,3600000,"PYTHONNOUSERSITE=1
R_PROFILE_USER=/.Rprofile
R_ENVIRON_USER=/.Renviron
JULIA_DEPOT_PATH=/usr/local/share/julia
PATH=$PATH:/home/martin/Projects/assembly-analysis-pipeline/bin
",,3,4,,AMD Ryzen 5 5600X 6-Core Processor
irreverent_northcutt,ERZ101,146,dd/98a9f9,128567,CREATE_GFF_SUMMARY,[],quay.io/microbiome-informatics/mgnify-pipelines-toolkit:1.4.9,ERZ101,EBIMETAGENOMICS:ASSEMBLY_ANALYSIS_PIPELINE:GFF_SUMMARY:CREATE_GFF_SUMMARY (ERZ101),COMPLETED,0,1776013250956,1776013251053,1776013252140,1184,114,102.1,0.1,14565376,20230144,14565376,20230144,4402471,9811,666,18,20480,20480,1,/home/martin/Projects/assembly-analysis-pipeline/work/dd/98a9f9d41a37f51355739e1263a80a,"
    process_dbcan_cazys \
        -hmm ERZ101_dbcan_sub_hmm.tsv.gz \
        -g ERZ101.gff.gz \
        -ov ERZ101_dbcan_overview.tsv.gz \
        -v 4.1.4-V13 \
        -o ERZ101_dbcan_cazys.gff

    gff_toolkit \
        -g ERZ101.gff.gz \
        -i ERZ101_interproscan.tsv.gz \
        -e ERZ101_emapper_annotations.tsv.gz \
        -s ERZ101_sanntis_concatenated.gff.gz \
        --antismash ERZ101_antismash_concatenated.gff.gz \
        --dbcan-cazys ERZ101_dbcan_cazys.gff \
        -o ERZ101_annotation_summary.gff

    cat <<-END_VERSIONS > versions.yml
    ""EBIMETAGENOMICS:ASSEMBLY_ANALYSIS_PIPELINE:GFF_SUMMARY:CREATE_GFF_SUMMARY"":
        mgnify-pipelines-toolkit: $(get_mpt_version)
    END_VERSIONS
    ",,,2,12884901888,,3600000,"PYTHONNOUSERSITE=1
R_PROFILE_USER=/.Rprofile
R_ENVIRON_USER=/.Renviron
JULIA_DEPOT_PATH=/usr/local/share/julia
PATH=$PATH:/home/martin/Projects/assembly-analysis-pipeline/bin
",,1,4,,AMD Ryzen 5 5600X 6-Core Processor
irreverent_northcutt,ERZ102,147,9d/6df28b,128813,TABIX_BGZIP_GFFSUMMARY,[],quay.io/biocontainers/htslib:1.20--h5efdd21_2,ERZ102,EBIMETAGENOMICS:ASSEMBLY_ANALYSIS_PIPELINE:GFF_SUMMARY:TABIX_BGZIP_GFFSUMMARY (ERZ102),COMPLETED,0,1776013252144,1776013252241,1776013253267,1123,0,52.2,0.0,3387392,4497408,3387392,4497408,107437,4606,218,48,946176,12288,1,/home/martin/Projects/assembly-analysis-pipeline/work/9d/6df28bc42a9b152db2c18f9cabc49e,"
    bgzip  -c --index --index-name ERZ102_annotation_summary.gff.gz.gzi -@1 ERZ102_annotation_summary.gff > ERZ102_annotation_summary.gff.gz

    cat <<-END_VERSIONS > versions.yml
    ""EBIMETAGENOMICS:ASSEMBLY_ANALYSIS_PIPELINE:GFF_SUMMARY:TABIX_BGZIP_GFFSUMMARY"":
        tabix: $(echo $(tabix -h 2>&1) | sed 's/^.*Version: //; s/ .*$//')
    END_VERSIONS
    ",,,1,6442450944,,3600000,"PYTHONNOUSERSITE=1
R_PROFILE_USER=/.Rprofile
R_ENVIRON_USER=/.Renviron
JULIA_DEPOT_PATH=/usr/local/share/julia
PATH=$PATH:/home/martin/Projects/assembly-analysis-pipeline/bin
",,1,0,,AMD Ryzen 5 5600X 6-Core Processor
irreverent_northcutt,ERZ102,149,12/f5362c,128814,TABIX_BGZIPTABIX_GFFSUMMARY,[],community.wave.seqera.io/library/htslib:1.21--ff8e28a189fbecaa,ERZ102,EBIMETAGENOMICS:ASSEMBLY_ANALYSIS_PIPELINE:GFF_SUMMARY:TABIX_BGZIPTABIX_GFFSUMMARY (ERZ102),COMPLETED,0,1776013252147,1776013252241,1776013253277,1130,18,77.4,0.0,3829760,4874240,3829760,4874240,127437,4839,237,47,2830336,12288,1,/home/martin/Projects/assembly-analysis-pipeline/work/12/f5362c5f474062792be17ffa3b2ec0,"
    bgzip  --threads 1 -c  ERZ102_annotation_summary.gff > ERZ102_annotation_summary.gff.gz
    tabix --threads 1 --csi ERZ102_annotation_summary.gff.gz

    cat <<-END_VERSIONS > versions.yml
    ""EBIMETAGENOMICS:ASSEMBLY_ANALYSIS_PIPELINE:GFF_SUMMARY:TABIX_BGZIPTABIX_GFFSUMMARY"":
        tabix: $(echo $(tabix -h 2>&1) | sed 's/^.*Version: //; s/ .*$//')
    END_VERSIONS
    ",,,1,6442450944,,3600000,"PYTHONNOUSERSITE=1
R_PROFILE_USER=/.Rprofile
R_ENVIRON_USER=/.Renviron
JULIA_DEPOT_PATH=/usr/local/share/julia
PATH=$PATH:/home/martin/Projects/assembly-analysis-pipeline/bin
",,1,1,,AMD Ryzen 5 5600X 6-Core Processor
irreverent_northcutt,ERZ102,148,42/df4efb,129261,GT_GFF3VALIDATOR,[],quay.io/biocontainers/genometools-genometools:1.6.5--py310h3db02ab_0,ERZ102,EBIMETAGENOMICS:ASSEMBLY_ANALYSIS_PIPELINE:GT_GFF3VALIDATOR (ERZ102),COMPLETED,0,1776013253270,1776013253278,1776013254231,961,0,67.9,0.0,6754304,27140096,6754304,27144192,157891,2436,268,41,19021824,12288,1,/home/martin/Projects/assembly-analysis-pipeline/work/42/df4efb78a94eadcfc6486b6f185b7b,"
    gt \
        gff3validator \
        ""ERZ102_annotation_summary.gff"" \
        > ""ERZ102.stdout"" \
        2> >(tee ""ERZ102.stderr"" >&2) \
        || echo ""Errors from gt-gff3validator printed to ERZ102.error.log""

    if grep -q ""input is valid GFF3"" ""ERZ102.stdout""; then
        echo ""Validation successful...""
        # emit stdout to the success output channel
        mv \
            ""ERZ102.stdout"" \
            ""ERZ102.success.log""
    else
        echo ""Validation failed...""
        # emit stderr to the error output channel
        mv \
            ""ERZ102.stderr"" \
            ""ERZ102.error.log""
    fi

    cat <<-END_VERSIONS > versions.yml
    ""EBIMETAGENOMICS:ASSEMBLY_ANALYSIS_PIPELINE:GT_GFF3VALIDATOR"":
        genometools: $(gt --version | head -1 | sed 's/.*) //')
    END_VERSIONS
    ",,,1,6442450944,,3600000,"PYTHONNOUSERSITE=1
R_PROFILE_USER=/.Rprofile
R_ENVIRON_USER=/.Renviron
JULIA_DEPOT_PATH=/usr/local/share/julia
PATH=$PATH:/home/martin/Projects/assembly-analysis-pipeline/bin
",,36,1,,AMD Ryzen 5 5600X 6-Core Processor
irreverent_northcutt,ERZ101,152,ba/646bf8,129278,GT_GFF3VALIDATOR,[],quay.io/biocontainers/genometools-genometools:1.6.5--py310h3db02ab_0,ERZ101,EBIMETAGENOMICS:ASSEMBLY_ANALYSIS_PIPELINE:GT_GFF3VALIDATOR (ERZ101),COMPLETED,0,1776013253281,1776013253377,1776013254392,1111,0,120.0,0.0,3309568,5648384,3309568,5652480,159211,2259,269,38,0,12288,1,/home/martin/Projects/assembly-analysis-pipeline/work/ba/646bf8574f0abeb24fe5a10a36b5a3,"
    gt \
        gff3validator \
        ""ERZ101_annotation_summary.gff"" \
        > ""ERZ101.stdout"" \
        2> >(tee ""ERZ101.stderr"" >&2) \
        || echo ""Errors from gt-gff3validator printed to ERZ101.error.log""

    if grep -q ""input is valid GFF3"" ""ERZ101.stdout""; then
        echo ""Validation successful...""
        # emit stdout to the success output channel
        mv \
            ""ERZ101.stdout"" \
            ""ERZ101.success.log""
    else
        echo ""Validation failed...""
        # emit stderr to the error output channel
        mv \
            ""ERZ101.stderr"" \
            ""ERZ101.error.log""
    fi

    cat <<-END_VERSIONS > versions.yml
    ""EBIMETAGENOMICS:ASSEMBLY_ANALYSIS_PIPELINE:GT_GFF3VALIDATOR"":
        genometools: $(gt --version | head -1 | sed 's/.*) //')
    END_VERSIONS
    ",,,1,6442450944,,3600000,"PYTHONNOUSERSITE=1
R_PROFILE_USER=/.Rprofile
R_ENVIRON_USER=/.Renviron
JULIA_DEPOT_PATH=/usr/local/share/julia
PATH=$PATH:/home/martin/Projects/assembly-analysis-pipeline/bin
",,1,1,,AMD Ryzen 5 5600X 6-Core Processor
irreverent_northcutt,ERZ101,151,92/6cb3b7,129661,TABIX_BGZIPTABIX_GFFSUMMARY,[],community.wave.seqera.io/library/htslib:1.21--ff8e28a189fbecaa,ERZ101,EBIMETAGENOMICS:ASSEMBLY_ANALYSIS_PIPELINE:GFF_SUMMARY:TABIX_BGZIPTABIX_GFFSUMMARY (ERZ101),COMPLETED,0,1776013254234,1776013254331,1776013255304,1070,11,120.0,0.0,3710976,4874240,3710976,4874240,128835,4872,233,47,0,12288,1,/home/martin/Projects/assembly-analysis-pipeline/work/92/6cb3b761bb22c27204c8dc597ae77a,"
    bgzip  --threads 1 -c  ERZ101_annotation_summary.gff > ERZ101_annotation_summary.gff.gz
    tabix --threads 1 --csi ERZ101_annotation_summary.gff.gz

    cat <<-END_VERSIONS > versions.yml
    ""EBIMETAGENOMICS:ASSEMBLY_ANALYSIS_PIPELINE:GFF_SUMMARY:TABIX_BGZIPTABIX_GFFSUMMARY"":
        tabix: $(echo $(tabix -h 2>&1) | sed 's/^.*Version: //; s/ .*$//')
    END_VERSIONS
    ",,,1,6442450944,,3600000,"PYTHONNOUSERSITE=1
R_PROFILE_USER=/.Rprofile
R_ENVIRON_USER=/.Renviron
JULIA_DEPOT_PATH=/usr/local/share/julia
PATH=$PATH:/home/martin/Projects/assembly-analysis-pipeline/bin
",,2,0,,AMD Ryzen 5 5600X 6-Core Processor
irreverent_northcutt,ERZ101,150,64/c0c89c,129885,TABIX_BGZIP_GFFSUMMARY,[],quay.io/biocontainers/htslib:1.20--h5efdd21_2,ERZ101,EBIMETAGENOMICS:ASSEMBLY_ANALYSIS_PIPELINE:GFF_SUMMARY:TABIX_BGZIP_GFFSUMMARY (ERZ101),COMPLETED,0,1776013254396,1776013254492,1776013255451,1055,0,133.3,0.0,3379200,4497408,3379200,4497408,108759,4674,230,48,0,12288,1,/home/martin/Projects/assembly-analysis-pipeline/work/64/c0c89ce59af8d562dc237916328da5,"
    bgzip  -c --index --index-name ERZ101_annotation_summary.gff.gz.gzi -@1 ERZ101_annotation_summary.gff > ERZ101_annotation_summary.gff.gz

    cat <<-END_VERSIONS > versions.yml
    ""EBIMETAGENOMICS:ASSEMBLY_ANALYSIS_PIPELINE:GFF_SUMMARY:TABIX_BGZIP_GFFSUMMARY"":
        tabix: $(echo $(tabix -h 2>&1) | sed 's/^.*Version: //; s/ .*$//')
    END_VERSIONS
    ",,,1,6442450944,,3600000,"PYTHONNOUSERSITE=1
R_PROFILE_USER=/.Rprofile
R_ENVIRON_USER=/.Renviron
JULIA_DEPOT_PATH=/usr/local/share/julia
PATH=$PATH:/home/martin/Projects/assembly-analysis-pipeline/bin
",,1,0,,AMD Ryzen 5 5600X 6-Core Processor
irreverent_northcutt,ERZ666,157,7d/02e3ac,130261,MULTIQC_PER_ASSEMBLY,[],quay.io/biocontainers/multiqc:1.25.1--pyhdfd78af_0,ERZ666,EBIMETAGENOMICS:ASSEMBLY_ANALYSIS_PIPELINE:MULTIQC_PER_ASSEMBLY (ERZ666),COMPLETED,0,1776013255485,1776013255551,1776013262447,6962,5860,101.7,2.9,514187264,7714992128,610652160,11877007360,83564825,19991180,11067,864,152981504,21123072,1,/home/martin/Projects/assembly-analysis-pipeline/work/7d/02e3ac3023210ae4e141c7ee91e42f,"
    multiqc \
        --force \
         \
        --config multiqc_config.yml \
         \
         \
        --cl-config 'custom_logo: ""mgnify_wordmark_dark_on_light.png""' \
         \
         \
        .

    cat <<-END_VERSIONS > versions.yml
    ""EBIMETAGENOMICS:ASSEMBLY_ANALYSIS_PIPELINE:MULTIQC_PER_ASSEMBLY"":
        multiqc: $( multiqc --version | sed -e ""s/multiqc, version //g"" )
    END_VERSIONS
    ",,,1,6442450944,,3600000,"PYTHONNOUSERSITE=1
R_PROFILE_USER=/.Rprofile
R_ENVIRON_USER=/.Renviron
JULIA_DEPOT_PATH=/usr/local/share/julia
PATH=$PATH:/home/martin/Projects/assembly-analysis-pipeline/bin
",,4243,391,,AMD Ryzen 5 5600X 6-Core Processor
irreverent_northcutt,ERZ999,156,71/3c3934,130262,MULTIQC_PER_ASSEMBLY,[],quay.io/biocontainers/multiqc:1.25.1--pyhdfd78af_0,ERZ999,EBIMETAGENOMICS:ASSEMBLY_ANALYSIS_PIPELINE:MULTIQC_PER_ASSEMBLY (ERZ999),COMPLETED,0,1776013255487,1776013255552,1776013262458,6971,5875,102.5,3.3,562749440,7691116544,624173056,11869708288,83638163,20111881,11080,870,150749184,21295104,1,/home/martin/Projects/assembly-analysis-pipeline/work/71/3c393479953f1f1d258ba2e7fac4eb,"
    multiqc \
        --force \
         \
        --config multiqc_config.yml \
         \
         \
        --cl-config 'custom_logo: ""mgnify_wordmark_dark_on_light.png""' \
         \
         \
        .

    cat <<-END_VERSIONS > versions.yml
    ""EBIMETAGENOMICS:ASSEMBLY_ANALYSIS_PIPELINE:MULTIQC_PER_ASSEMBLY"":
        multiqc: $( multiqc --version | sed -e ""s/multiqc, version //g"" )
    END_VERSIONS
    ",,,1,6442450944,,3600000,"PYTHONNOUSERSITE=1
R_PROFILE_USER=/.Rprofile
R_ENVIRON_USER=/.Renviron
JULIA_DEPOT_PATH=/usr/local/share/julia
PATH=$PATH:/home/martin/Projects/assembly-analysis-pipeline/bin
",,3925,496,,AMD Ryzen 5 5600X 6-Core Processor
irreverent_northcutt,ERZ102,155,a6/2afd7e,132354,MULTIQC_PER_ASSEMBLY,[],quay.io/biocontainers/multiqc:1.25.1--pyhdfd78af_0,ERZ102,EBIMETAGENOMICS:ASSEMBLY_ANALYSIS_PIPELINE:MULTIQC_PER_ASSEMBLY (ERZ102),COMPLETED,0,1776013262451,1776013262458,1776013268958,6507,5416,120.9,3.2,550682624,7683948544,626982912,11878051840,84262330,21073036,11253,986,12816384,22265856,1,/home/martin/Projects/assembly-analysis-pipeline/work/a6/2afd7e30602990fe39f194ef33e978,"
    multiqc \
        --force \
         \
        --config multiqc_config.yml \
         \
         \
        --cl-config 'custom_logo: ""mgnify_wordmark_dark_on_light.png""' \
         \
         \
        .

    cat <<-END_VERSIONS > versions.yml
    ""EBIMETAGENOMICS:ASSEMBLY_ANALYSIS_PIPELINE:MULTIQC_PER_ASSEMBLY"":
        multiqc: $( multiqc --version | sed -e ""s/multiqc, version //g"" )
    END_VERSIONS
    ",,,1,6442450944,,3600000,"PYTHONNOUSERSITE=1
R_PROFILE_USER=/.Rprofile
R_ENVIRON_USER=/.Renviron
JULIA_DEPOT_PATH=/usr/local/share/julia
PATH=$PATH:/home/martin/Projects/assembly-analysis-pipeline/bin
",,620,778,,AMD Ryzen 5 5600X 6-Core Processor
irreverent_northcutt,samplesheet,154,b0/768c71,132367,MULTIQC_PER_SAMPLESHEET,[],quay.io/biocontainers/multiqc:1.25.1--pyhdfd78af_0,samplesheet,EBIMETAGENOMICS:ASSEMBLY_ANALYSIS_PIPELINE:MULTIQC_PER_SAMPLESHEET (samplesheet),COMPLETED,0,1776013262461,1776013262558,1776013269489,7028,5980,121.7,3.1,533336064,7700533248,627245056,11878273024,85151092,22497809,11449,1079,86016,23506944,1,/home/martin/Projects/assembly-analysis-pipeline/work/b0/768c71d23aa74c487212415e32d6a8,"
    multiqc \
        --force \
         \
        --config multiqc_config.yml \
         \
         \
        --cl-config 'custom_logo: ""mgnify_wordmark_dark_on_light.png""' \
         \
         \
        .

    cat <<-END_VERSIONS > versions.yml
    ""EBIMETAGENOMICS:ASSEMBLY_ANALYSIS_PIPELINE:MULTIQC_PER_SAMPLESHEET"":
        multiqc: $( multiqc --version | sed -e ""s/multiqc, version //g"" )
    END_VERSIONS
    ",,,1,6442450944,,3600000,"PYTHONNOUSERSITE=1
R_PROFILE_USER=/.Rprofile
R_ENVIRON_USER=/.Renviron
JULIA_DEPOT_PATH=/usr/local/share/julia
PATH=$PATH:/home/martin/Projects/assembly-analysis-pipeline/bin
",,751,574,,AMD Ryzen 5 5600X 6-Core Processor
irreverent_northcutt,ERZ101,153,d6/271f40,134588,MULTIQC_PER_ASSEMBLY,[],quay.io/biocontainers/multiqc:1.25.1--pyhdfd78af_0,ERZ101,EBIMETAGENOMICS:ASSEMBLY_ANALYSIS_PIPELINE:MULTIQC_PER_ASSEMBLY (ERZ101),COMPLETED,0,1776013268962,1776013269057,1776013275498,6536,5461,129.5,3.2,563470336,7695269888,633593856,11877048320,84604426,21608889,11354,1059,5246976,22487040,1,/home/martin/Projects/assembly-analysis-pipeline/work/d6/271f4012746767d94a9d82317fcf6f,"
    multiqc \
        --force \
         \
        --config multiqc_config.yml \
         \
         \
        --cl-config 'custom_logo: ""mgnify_wordmark_dark_on_light.png""' \
         \
         \
        .

    cat <<-END_VERSIONS > versions.yml
    ""EBIMETAGENOMICS:ASSEMBLY_ANALYSIS_PIPELINE:MULTIQC_PER_ASSEMBLY"":
        multiqc: $( multiqc --version | sed -e ""s/multiqc, version //g"" )
    END_VERSIONS
    ",,,1,6442450944,,3600000,"PYTHONNOUSERSITE=1
R_PROFILE_USER=/.Rprofile
R_ENVIRON_USER=/.Renviron
JULIA_DEPOT_PATH=/usr/local/share/julia
PATH=$PATH:/home/martin/Projects/assembly-analysis-pipeline/bin
",,733,352,,AMD Ryzen 5 5600X 6-Core Processor
