run_name,group_id,task_id,hash,native_id,process,module,container,tag,name,status,exit,submit,start,complete,duration,realtime,cpu_percent,mem_percent,rss,vmem,peak_rss,peak_vmem,rchar,wchar,syscr,syscw,read_bytes,write_bytes,attempt,workdir,script,scratch,queue,cpus,memory,disk,time,env,error_action,vol_ctxt,inv_ctxt,hostname,cpu_model
friendly_goodall,ERZ101,1,90/4fb2b2,162660,RENAME_CONTIGS,[],quay.io/biocontainers/pyfastx:2.2.0--py39h0699b22_0,ERZ101,EBIMETAGENOMICS:ASSEMBLY_ANALYSIS_PIPELINE:RENAME_CONTIGS (ERZ101),COMPLETED,0,1776023345605,1776023345637,1776023346848,1243,0,89.7,0.0,11333632,15110144,11333632,15110144,1327153,120615,402,25,2707456,131072,1,/home/martin/Projects/assembly-analysis-pipeline/work/90/4fb2b2f40f549a6a6bede0c7edc08c,"
    rename_contigs.py --prefix ERZ101_ \
    --input original_input.fasta \
    --output ERZ101.fasta \
    --mapping ERZ101_mapping.csv

    cat <<-END_VERSIONS > versions.yml
    ""EBIMETAGENOMICS:ASSEMBLY_ANALYSIS_PIPELINE:RENAME_CONTIGS"":
        python: $(python --version 2>&1 | sed 's/Python //g')
        pyfastax: $(python -c ""import pyfastx; print(pyfastx.version())"")
    END_VERSIONS
    ",,,1,6442450944,,3600000,"PYTHONNOUSERSITE=1
R_PROFILE_USER=/.Rprofile
R_ENVIRON_USER=/.Renviron
JULIA_DEPOT_PATH=/usr/local/share/julia
PATH=$PATH:/home/martin/Projects/assembly-analysis-pipeline/bin
",,27,2,,AMD Ryzen 5 5600X 6-Core Processor
friendly_goodall,ERZ102,2,9e/a913e4,162680,RENAME_CONTIGS,[],quay.io/biocontainers/pyfastx:2.2.0--py39h0699b22_0,ERZ102,EBIMETAGENOMICS:ASSEMBLY_ANALYSIS_PIPELINE:RENAME_CONTIGS (ERZ102),COMPLETED,0,1776023345622,1776023345643,1776023346857,1235,0,88.1,0.0,10485760,14241792,10485760,14442496,1319549,101147,401,25,6754304,110592,1,/home/martin/Projects/assembly-analysis-pipeline/work/9e/a913e4c6f3b07b29de3df7caebf00e,"
    rename_contigs.py --prefix ERZ102_ \
    --input original_input.fasta \
    --output ERZ102.fasta \
    --mapping ERZ102_mapping.csv

    cat <<-END_VERSIONS > versions.yml
    ""EBIMETAGENOMICS:ASSEMBLY_ANALYSIS_PIPELINE:RENAME_CONTIGS"":
        python: $(python --version 2>&1 | sed 's/Python //g')
        pyfastax: $(python -c ""import pyfastx; print(pyfastx.version())"")
    END_VERSIONS
    ",,,1,6442450944,,3600000,"PYTHONNOUSERSITE=1
R_PROFILE_USER=/.Rprofile
R_ENVIRON_USER=/.Renviron
JULIA_DEPOT_PATH=/usr/local/share/julia
PATH=$PATH:/home/martin/Projects/assembly-analysis-pipeline/bin
",,26,2,,AMD Ryzen 5 5600X 6-Core Processor
friendly_goodall,ERZ666,3,c4/277de7,163116,RENAME_CONTIGS,[],quay.io/biocontainers/pyfastx:2.2.0--py39h0699b22_0,ERZ666,EBIMETAGENOMICS:ASSEMBLY_ANALYSIS_PIPELINE:RENAME_CONTIGS (ERZ666),COMPLETED,0,1776023346855,1776023346858,1776023348025,1170,0,103.2,0.0,11440128,15110144,11440128,15110144,1282949,10323,399,20,0,16384,1,/home/martin/Projects/assembly-analysis-pipeline/work/c4/277de7048d8882a73112ff546c57fd,"
    rename_contigs.py --prefix ERZ666_ \
    --input original_input.fasta \
    --output ERZ666.fasta \
    --mapping ERZ666_mapping.csv

    cat <<-END_VERSIONS > versions.yml
    ""EBIMETAGENOMICS:ASSEMBLY_ANALYSIS_PIPELINE:RENAME_CONTIGS"":
        python: $(python --version 2>&1 | sed 's/Python //g')
        pyfastax: $(python -c ""import pyfastx; print(pyfastx.version())"")
    END_VERSIONS
    ",,,1,6442450944,,3600000,"PYTHONNOUSERSITE=1
R_PROFILE_USER=/.Rprofile
R_ENVIRON_USER=/.Renviron
JULIA_DEPOT_PATH=/usr/local/share/julia
PATH=$PATH:/home/martin/Projects/assembly-analysis-pipeline/bin
",,2,3,,AMD Ryzen 5 5600X 6-Core Processor
friendly_goodall,ERZ999,4,3b/7ad78d,163125,RENAME_CONTIGS,[],quay.io/biocontainers/pyfastx:2.2.0--py39h0699b22_0,ERZ999,EBIMETAGENOMICS:ASSEMBLY_ANALYSIS_PIPELINE:RENAME_CONTIGS (ERZ999),COMPLETED,0,1776023346862,1776023346957,1776023348016,1154,0,102.1,0.0,11489280,15110144,11489280,15110144,1279581,4605,399,20,1073152,16384,1,/home/martin/Projects/assembly-analysis-pipeline/work/3b/7ad78da569f8897a967b7abf303ade,"
    rename_contigs.py --prefix ERZ999_ \
    --input original_input.fasta \
    --output ERZ999.fasta \
    --mapping ERZ999_mapping.csv

    cat <<-END_VERSIONS > versions.yml
    ""EBIMETAGENOMICS:ASSEMBLY_ANALYSIS_PIPELINE:RENAME_CONTIGS"":
        python: $(python --version 2>&1 | sed 's/Python //g')
        pyfastax: $(python -c ""import pyfastx; print(pyfastx.version())"")
    END_VERSIONS
    ",,,1,6442450944,,3600000,"PYTHONNOUSERSITE=1
R_PROFILE_USER=/.Rprofile
R_ENVIRON_USER=/.Renviron
JULIA_DEPOT_PATH=/usr/local/share/julia
PATH=$PATH:/home/martin/Projects/assembly-analysis-pipeline/bin
",,2,2,,AMD Ryzen 5 5600X 6-Core Processor
friendly_goodall,ERZ101,5,62/8b07cb,163550,FILTER_ASSEMBLY,[],quay.io/biocontainers/seqkit:2.9.0--h9ee0642_0,ERZ101,EBIMETAGENOMICS:ASSEMBLY_ANALYSIS_PIPELINE:ASSEMBLY_QC:FILTER_ASSEMBLY (ERZ101),COMPLETED,0,1776023348031,1776023348126,1776023349158,1127,1000,109.1,0.0,8077312,1277022208,8077312,1277022208,696310,400717,265,46,19214336,294912,1,/home/martin/Projects/assembly-analysis-pipeline/work/62/8b07cb7a9acd950e6a4ae5072d1cdb,"
    seqkit \
        seq \
        --min-len 500 \
        --threads 2 \
        ERZ101.fasta > ERZ101_len_filtered.fasta

    # Check if length filtering produced any sequences
    if [[ $(wc -l < ERZ101_len_filtered.fasta) -eq 0 ]]; then
        echo ""No contigs after the length filtering""
        EXIT_REASON=""insufficient_contigs_after_length_filtering""
    else
        echo ""Filtering sequences by N-base content (< 10%)...""

        seqkit fx2tab ERZ101_len_filtered.fasta \
            --threads 2 \
            --base-content N | \
        awk '$3 < 10' > ERZ101_nbases_filtered.tab2fx

        # Check if N-base filtering produced any sequences
        if [[ -s ERZ101_nbases_filtered.tab2fx ]]; then
            echo ""Some contigs remain after filtering...""
            seqkit tab2fx ERZ101_nbases_filtered.tab2fx \
                --threads 2 \
                --out-file ERZ101_filtered.fasta.gz
        else
            echo ""No contigs after the N bases filtering""
            EXIT_REASON=""insufficient_contigs_after_n_content_filtering""
        fi
    fi

    cat <<-END_VERSIONS > versions.yml
    ""EBIMETAGENOMICS:ASSEMBLY_ANALYSIS_PIPELINE:ASSEMBLY_QC:FILTER_ASSEMBLY"":
        seqkit: $(seqkit version | cut -d' ' -f2)
    END_VERSIONS
    ",,,2,12884901888,,3600000,"PYTHONNOUSERSITE=1
R_PROFILE_USER=/.Rprofile
R_ENVIRON_USER=/.Renviron
JULIA_DEPOT_PATH=/usr/local/share/julia
PATH=$PATH:/home/martin/Projects/assembly-analysis-pipeline/bin
",,16,6,,AMD Ryzen 5 5600X 6-Core Processor
friendly_goodall,ERZ102,6,53/b10582,163809,FILTER_ASSEMBLY,[],quay.io/biocontainers/seqkit:2.9.0--h9ee0642_0,ERZ102,EBIMETAGENOMICS:ASSEMBLY_ANALYSIS_PIPELINE:ASSEMBLY_QC:FILTER_ASSEMBLY (ERZ102),COMPLETED,0,1776023349163,1776023349258,1776023350904,1741,0,102.4,0.1,26243072,1278726144,26243072,1278726144,598235,335752,260,46,4206592,245760,1,/home/martin/Projects/assembly-analysis-pipeline/work/53/b10582177536abc13d1ce5ff6f8a07,"
    seqkit \
        seq \
        --min-len 500 \
        --threads 2 \
        ERZ102.fasta > ERZ102_len_filtered.fasta

    # Check if length filtering produced any sequences
    if [[ $(wc -l < ERZ102_len_filtered.fasta) -eq 0 ]]; then
        echo ""No contigs after the length filtering""
        EXIT_REASON=""insufficient_contigs_after_length_filtering""
    else
        echo ""Filtering sequences by N-base content (< 10%)...""

        seqkit fx2tab ERZ102_len_filtered.fasta \
            --threads 2 \
            --base-content N | \
        awk '$3 < 10' > ERZ102_nbases_filtered.tab2fx

        # Check if N-base filtering produced any sequences
        if [[ -s ERZ102_nbases_filtered.tab2fx ]]; then
            echo ""Some contigs remain after filtering...""
            seqkit tab2fx ERZ102_nbases_filtered.tab2fx \
                --threads 2 \
                --out-file ERZ102_filtered.fasta.gz
        else
            echo ""No contigs after the N bases filtering""
            EXIT_REASON=""insufficient_contigs_after_n_content_filtering""
        fi
    fi

    cat <<-END_VERSIONS > versions.yml
    ""EBIMETAGENOMICS:ASSEMBLY_ANALYSIS_PIPELINE:ASSEMBLY_QC:FILTER_ASSEMBLY"":
        seqkit: $(seqkit version | cut -d' ' -f2)
    END_VERSIONS
    ",,,2,12884901888,,3600000,"PYTHONNOUSERSITE=1
R_PROFILE_USER=/.Rprofile
R_ENVIRON_USER=/.Renviron
JULIA_DEPOT_PATH=/usr/local/share/julia
PATH=$PATH:/home/martin/Projects/assembly-analysis-pipeline/bin
",,30,0,,AMD Ryzen 5 5600X 6-Core Processor
friendly_goodall,ERZ999,7,11/40dd7d,164073,FILTER_ASSEMBLY,[],quay.io/biocontainers/seqkit:2.9.0--h9ee0642_0,ERZ999,EBIMETAGENOMICS:ASSEMBLY_ANALYSIS_PIPELINE:ASSEMBLY_QC:FILTER_ASSEMBLY (ERZ999),COMPLETED,0,1776023350909,1776023351004,1776023351969,1060,0,120.0,0.0,3375104,4497408,3375104,4497408,108856,8941,221,26,262656,16384,1,/home/martin/Projects/assembly-analysis-pipeline/work/11/40dd7d5dc8a297428d782bae434f0d,"
    seqkit \
        seq \
        --min-len 500 \
        --threads 2 \
        ERZ999.fasta > ERZ999_len_filtered.fasta

    # Check if length filtering produced any sequences
    if [[ $(wc -l < ERZ999_len_filtered.fasta) -eq 0 ]]; then
        echo ""No contigs after the length filtering""
        EXIT_REASON=""insufficient_contigs_after_length_filtering""
    else
        echo ""Filtering sequences by N-base content (< 10%)...""

        seqkit fx2tab ERZ999_len_filtered.fasta \
            --threads 2 \
            --base-content N | \
        awk '$3 < 10' > ERZ999_nbases_filtered.tab2fx

        # Check if N-base filtering produced any sequences
        if [[ -s ERZ999_nbases_filtered.tab2fx ]]; then
            echo ""Some contigs remain after filtering...""
            seqkit tab2fx ERZ999_nbases_filtered.tab2fx \
                --threads 2 \
                --out-file ERZ999_filtered.fasta.gz
        else
            echo ""No contigs after the N bases filtering""
            EXIT_REASON=""insufficient_contigs_after_n_content_filtering""
        fi
    fi

    cat <<-END_VERSIONS > versions.yml
    ""EBIMETAGENOMICS:ASSEMBLY_ANALYSIS_PIPELINE:ASSEMBLY_QC:FILTER_ASSEMBLY"":
        seqkit: $(seqkit version | cut -d' ' -f2)
    END_VERSIONS
    ",,,2,12884901888,,3600000,"PYTHONNOUSERSITE=1
R_PROFILE_USER=/.Rprofile
R_ENVIRON_USER=/.Renviron
JULIA_DEPOT_PATH=/usr/local/share/julia
PATH=$PATH:/home/martin/Projects/assembly-analysis-pipeline/bin
",,1,1,,AMD Ryzen 5 5600X 6-Core Processor
friendly_goodall,ERZ666,8,5c/d7f145,164323,FILTER_ASSEMBLY,[],quay.io/biocontainers/seqkit:2.9.0--h9ee0642_0,ERZ666,EBIMETAGENOMICS:ASSEMBLY_ANALYSIS_PIPELINE:ASSEMBLY_QC:FILTER_ASSEMBLY (ERZ666),COMPLETED,0,1776023351975,1776023352069,1776023353042,1067,0,109.1,0.0,3371008,4497408,3371008,4497408,93483,592,198,23,49664,8192,1,/home/martin/Projects/assembly-analysis-pipeline/work/5c/d7f145454af8d5750437cd2b529877,"
    seqkit \
        seq \
        --min-len 500 \
        --threads 2 \
        ERZ666.fasta > ERZ666_len_filtered.fasta

    # Check if length filtering produced any sequences
    if [[ $(wc -l < ERZ666_len_filtered.fasta) -eq 0 ]]; then
        echo ""No contigs after the length filtering""
        EXIT_REASON=""insufficient_contigs_after_length_filtering""
    else
        echo ""Filtering sequences by N-base content (< 10%)...""

        seqkit fx2tab ERZ666_len_filtered.fasta \
            --threads 2 \
            --base-content N | \
        awk '$3 < 10' > ERZ666_nbases_filtered.tab2fx

        # Check if N-base filtering produced any sequences
        if [[ -s ERZ666_nbases_filtered.tab2fx ]]; then
            echo ""Some contigs remain after filtering...""
            seqkit tab2fx ERZ666_nbases_filtered.tab2fx \
                --threads 2 \
                --out-file ERZ666_filtered.fasta.gz
        else
            echo ""No contigs after the N bases filtering""
            EXIT_REASON=""insufficient_contigs_after_n_content_filtering""
        fi
    fi

    cat <<-END_VERSIONS > versions.yml
    ""EBIMETAGENOMICS:ASSEMBLY_ANALYSIS_PIPELINE:ASSEMBLY_QC:FILTER_ASSEMBLY"":
        seqkit: $(seqkit version | cut -d' ' -f2)
    END_VERSIONS
    ",,,2,12884901888,,3600000,"PYTHONNOUSERSITE=1
R_PROFILE_USER=/.Rprofile
R_ENVIRON_USER=/.Renviron
JULIA_DEPOT_PATH=/usr/local/share/julia
PATH=$PATH:/home/martin/Projects/assembly-analysis-pipeline/bin
",,1,0,,AMD Ryzen 5 5600X 6-Core Processor
friendly_goodall,ERZ101,9,01/fb0ee4,164570,MINIMAP2_ALIGN,[],community.wave.seqera.io/library/minimap2_samtools:33bb43c18d22e29c,ERZ101,EBIMETAGENOMICS:ASSEMBLY_ANALYSIS_PIPELINE:ASSEMBLY_QC:ASSEMBLY_DECONTAMINATION:HUMAN_DECONTAMINATE_CONTIGS:MINIMAP2_ALIGN (ERZ101),COMPLETED,0,1776023353051,1776023353142,1776023354158,1107,38,67.9,0.0,3768320,4874240,3768320,4874240,184022,5902,251,41,18341888,8192,1,/home/martin/Projects/assembly-analysis-pipeline/work/01/fb0ee4a63d3b33303f9160fa323173,"
     \
    minimap2 \
        -k 13 -w 5 \
        -t 4 \
        human.fna \
        ERZ101_filtered.fasta.gz \
         \
         \
        -o ERZ101.paf


    cat <<-END_VERSIONS > versions.yml
    ""EBIMETAGENOMICS:ASSEMBLY_ANALYSIS_PIPELINE:ASSEMBLY_QC:ASSEMBLY_DECONTAMINATION:HUMAN_DECONTAMINATE_CONTIGS:MINIMAP2_ALIGN"":
        minimap2: $(minimap2 --version 2>&1)
        samtools: $(echo $(samtools --version 2>&1) | sed 's/^.*samtools //; s/Using.*$//')
    END_VERSIONS
    ",,,4,16106127360,,3600000,"PYTHONNOUSERSITE=1
R_PROFILE_USER=/.Rprofile
R_ENVIRON_USER=/.Renviron
JULIA_DEPOT_PATH=/usr/local/share/julia
PATH=$PATH:/home/martin/Projects/assembly-analysis-pipeline/bin
",,1,0,,AMD Ryzen 5 5600X 6-Core Processor
friendly_goodall,ERZ102,10,b5/461d0f,164820,MINIMAP2_ALIGN,[],community.wave.seqera.io/library/minimap2_samtools:33bb43c18d22e29c,ERZ102,EBIMETAGENOMICS:ASSEMBLY_ANALYSIS_PIPELINE:ASSEMBLY_QC:ASSEMBLY_DECONTAMINATION:HUMAN_DECONTAMINATE_CONTIGS:MINIMAP2_ALIGN (ERZ102),COMPLETED,0,1776023354163,1776023354258,1776023355256,1093,16,92.3,0.0,3743744,4874240,3743744,4874240,177826,5893,250,41,0,8192,1,/home/martin/Projects/assembly-analysis-pipeline/work/b5/461d0fbf460c12a9ce4050d6280e72,"
     \
    minimap2 \
        -k 13 -w 5 \
        -t 4 \
        human.fna \
        ERZ102_filtered.fasta.gz \
         \
         \
        -o ERZ102.paf


    cat <<-END_VERSIONS > versions.yml
    ""EBIMETAGENOMICS:ASSEMBLY_ANALYSIS_PIPELINE:ASSEMBLY_QC:ASSEMBLY_DECONTAMINATION:HUMAN_DECONTAMINATE_CONTIGS:MINIMAP2_ALIGN"":
        minimap2: $(minimap2 --version 2>&1)
        samtools: $(echo $(samtools --version 2>&1) | sed 's/^.*samtools //; s/Using.*$//')
    END_VERSIONS
    ",,,4,16106127360,,3600000,"PYTHONNOUSERSITE=1
R_PROFILE_USER=/.Rprofile
R_ENVIRON_USER=/.Renviron
JULIA_DEPOT_PATH=/usr/local/share/julia
PATH=$PATH:/home/martin/Projects/assembly-analysis-pipeline/bin
",,1,0,,AMD Ryzen 5 5600X 6-Core Processor
friendly_goodall,ERZ101,11,3c/544b9d,165074,FILTERPAF,[],quay.io/biocontainers/gawk:5.3.0,ERZ101,EBIMETAGENOMICS:ASSEMBLY_ANALYSIS_PIPELINE:ASSEMBLY_QC:ASSEMBLY_DECONTAMINATION:HUMAN_DECONTAMINATE_CONTIGS:FILTERPAF (ERZ101),COMPLETED,0,1776023355262,1776023355356,1776023356370,1108,0,156.5,0.0,3416064,4497408,3416064,4497408,126848,2125,262,22,66560,16384,1,/home/martin/Projects/assembly-analysis-pipeline/work/3c/544b9de447e0ecb0fa22dcd68d88f8,"
    # Filter PAF by query coverage and MAPQ
    awk '
        BEGIN {
            printf ""sequence_id\tquery_coverage\tidentity\n"";
        }
        {
            query_len = $2;
            query_start = $3;
            query_end = $4;
            target = $6;
            matching_bases = $10;
            total_bases = $11;

            if (target == ""*"") {
                next;
            }

            aligned_len = query_end - query_start;
            query_coverage = aligned_len / query_len;
            identity = matching_bases / total_bases;

            if (query_coverage >= 0.3 && identity >= 0.4) {
                printf ""%s\t%.4f\t%.4f\n"", $1, query_coverage, identity;
            }
        }
    ' ERZ101.paf > ERZ101_human_mapped.tsv

    # Remove TSV file if it only contains the header (no contaminated contigs found)
    if [ $(wc -l < ERZ101_human_mapped.tsv) -le 1 ]; then
        rm ERZ101_human_mapped.tsv
        touch ERZ101_human.txt
    else
        # Extract just the sequence IDs from failed sequences
        awk '{print $1}' ERZ101_human_mapped.tsv > ERZ101_human.txt
        gzip ERZ101_human_mapped.tsv
    fi

    cat <<-END_VERSIONS > versions.yml
    ""EBIMETAGENOMICS:ASSEMBLY_ANALYSIS_PIPELINE:ASSEMBLY_QC:ASSEMBLY_DECONTAMINATION:HUMAN_DECONTAMINATE_CONTIGS:FILTERPAF"":
        gawk: $(echo $(gawk --version 2>&1) | sed 's/^.*GNU Awk //; s/, .*$//')
    END_VERSIONS
    ",,,1,6442450944,,3600000,"PYTHONNOUSERSITE=1
R_PROFILE_USER=/.Rprofile
R_ENVIRON_USER=/.Renviron
JULIA_DEPOT_PATH=/usr/local/share/julia
PATH=$PATH:/home/martin/Projects/assembly-analysis-pipeline/bin
",,3,0,,AMD Ryzen 5 5600X 6-Core Processor
friendly_goodall,ERZ102,12,96/8b3bc2,165091,FILTERPAF,[],quay.io/biocontainers/gawk:5.3.0,ERZ102,EBIMETAGENOMICS:ASSEMBLY_ANALYSIS_PIPELINE:ASSEMBLY_QC:ASSEMBLY_DECONTAMINATION:HUMAN_DECONTAMINATE_CONTIGS:FILTERPAF (ERZ102),COMPLETED,0,1776023355271,1776023355357,1776023356382,1111,0,150.0,0.0,3276800,4497408,3276800,4497408,126849,2125,262,22,77824,16384,1,/home/martin/Projects/assembly-analysis-pipeline/work/96/8b3bc2b414102c83d8c089411ac567,"
    # Filter PAF by query coverage and MAPQ
    awk '
        BEGIN {
            printf ""sequence_id\tquery_coverage\tidentity\n"";
        }
        {
            query_len = $2;
            query_start = $3;
            query_end = $4;
            target = $6;
            matching_bases = $10;
            total_bases = $11;

            if (target == ""*"") {
                next;
            }

            aligned_len = query_end - query_start;
            query_coverage = aligned_len / query_len;
            identity = matching_bases / total_bases;

            if (query_coverage >= 0.3 && identity >= 0.4) {
                printf ""%s\t%.4f\t%.4f\n"", $1, query_coverage, identity;
            }
        }
    ' ERZ102.paf > ERZ102_human_mapped.tsv

    # Remove TSV file if it only contains the header (no contaminated contigs found)
    if [ $(wc -l < ERZ102_human_mapped.tsv) -le 1 ]; then
        rm ERZ102_human_mapped.tsv
        touch ERZ102_human.txt
    else
        # Extract just the sequence IDs from failed sequences
        awk '{print $1}' ERZ102_human_mapped.tsv > ERZ102_human.txt
        gzip ERZ102_human_mapped.tsv
    fi

    cat <<-END_VERSIONS > versions.yml
    ""EBIMETAGENOMICS:ASSEMBLY_ANALYSIS_PIPELINE:ASSEMBLY_QC:ASSEMBLY_DECONTAMINATION:HUMAN_DECONTAMINATE_CONTIGS:FILTERPAF"":
        gawk: $(echo $(gawk --version 2>&1) | sed 's/^.*GNU Awk //; s/, .*$//')
    END_VERSIONS
    ",,,1,6442450944,,3600000,"PYTHONNOUSERSITE=1
R_PROFILE_USER=/.Rprofile
R_ENVIRON_USER=/.Renviron
JULIA_DEPOT_PATH=/usr/local/share/julia
PATH=$PATH:/home/martin/Projects/assembly-analysis-pipeline/bin
",,2,0,,AMD Ryzen 5 5600X 6-Core Processor
friendly_goodall,ERZ101,13,b2/63b974,165517,SEQKIT_GREP,[],quay.io/biocontainers/seqkit:2.9.0--h9ee0642_0,ERZ101,EBIMETAGENOMICS:ASSEMBLY_ANALYSIS_PIPELINE:ASSEMBLY_QC:ASSEMBLY_DECONTAMINATION:HUMAN_DECONTAMINATE_CONTIGS:SEQKIT_GREP (ERZ101),COMPLETED,0,1776023356387,1776023356482,1776023357433,1046,0,126.3,0.4,64471040,1278988288,64471040,1278988288,115478,37958,185,22,229376,45056,1,/home/martin/Projects/assembly-analysis-pipeline/work/b2/63b9742ccff4e133b34343fc25c28a,"
    seqkit \
        grep \
        --invert-match \
        --threads 2 \
        -f ERZ101_human.txt \
        input.fasta.gz \
        -o ERZ101_cleaned.fa.gz \

    cat <<-END_VERSIONS > versions.yml
    ""EBIMETAGENOMICS:ASSEMBLY_ANALYSIS_PIPELINE:ASSEMBLY_QC:ASSEMBLY_DECONTAMINATION:HUMAN_DECONTAMINATE_CONTIGS:SEQKIT_GREP"":
        seqkit: $( seqkit version | sed 's/seqkit v//' )
    END_VERSIONS
    ",,,2,12884901888,,3600000,"PYTHONNOUSERSITE=1
R_PROFILE_USER=/.Rprofile
R_ENVIRON_USER=/.Renviron
JULIA_DEPOT_PATH=/usr/local/share/julia
PATH=$PATH:/home/martin/Projects/assembly-analysis-pipeline/bin
",,30,1,,AMD Ryzen 5 5600X 6-Core Processor
friendly_goodall,ERZ102,14,8e/6e91bf,165752,SEQKIT_GREP,[],quay.io/biocontainers/seqkit:2.9.0--h9ee0642_0,ERZ102,EBIMETAGENOMICS:ASSEMBLY_ANALYSIS_PIPELINE:ASSEMBLY_QC:ASSEMBLY_DECONTAMINATION:HUMAN_DECONTAMINATE_CONTIGS:SEQKIT_GREP (ERZ102),COMPLETED,0,1776023357436,1776023357533,1776023358460,1024,0,126.3,0.3,60592128,1278988288,60592128,1278988288,109294,31787,185,22,16384,36864,1,/home/martin/Projects/assembly-analysis-pipeline/work/8e/6e91bfab399a5fd2a031f38a210f5a,"
    seqkit \
        grep \
        --invert-match \
        --threads 2 \
        -f ERZ102_human.txt \
        input.fasta.gz \
        -o ERZ102_cleaned.fa.gz \

    cat <<-END_VERSIONS > versions.yml
    ""EBIMETAGENOMICS:ASSEMBLY_ANALYSIS_PIPELINE:ASSEMBLY_QC:ASSEMBLY_DECONTAMINATION:HUMAN_DECONTAMINATE_CONTIGS:SEQKIT_GREP"":
        seqkit: $( seqkit version | sed 's/seqkit v//' )
    END_VERSIONS
    ",,,2,12884901888,,3600000,"PYTHONNOUSERSITE=1
R_PROFILE_USER=/.Rprofile
R_ENVIRON_USER=/.Renviron
JULIA_DEPOT_PATH=/usr/local/share/julia
PATH=$PATH:/home/martin/Projects/assembly-analysis-pipeline/bin
",,35,2,,AMD Ryzen 5 5600X 6-Core Processor
friendly_goodall,ERZ101,15,c7/09f600,165993,MINIMAP2_ALIGN,[],community.wave.seqera.io/library/minimap2_samtools:33bb43c18d22e29c,ERZ101,EBIMETAGENOMICS:ASSEMBLY_ANALYSIS_PIPELINE:ASSEMBLY_QC:ASSEMBLY_DECONTAMINATION:HOST_DECONTAMINATE_CONTIGS:MINIMAP2_ALIGN (ERZ101),COMPLETED,0,1776023358465,1776023358560,1776023359507,1042,15,96.0,0.0,3674112,4874240,3674112,4874240,182172,5886,251,41,4096,8192,1,/home/martin/Projects/assembly-analysis-pipeline/work/c7/09f60020b99c292f82920210d9df7c,"
     \
    minimap2 \
        -k 13 -w 5 \
        -t 4 \
        contamination.fna \
        ERZ101_cleaned.fa.gz \
         \
         \
        -o ERZ101.paf


    cat <<-END_VERSIONS > versions.yml
    ""EBIMETAGENOMICS:ASSEMBLY_ANALYSIS_PIPELINE:ASSEMBLY_QC:ASSEMBLY_DECONTAMINATION:HOST_DECONTAMINATE_CONTIGS:MINIMAP2_ALIGN"":
        minimap2: $(minimap2 --version 2>&1)
        samtools: $(echo $(samtools --version 2>&1) | sed 's/^.*samtools //; s/Using.*$//')
    END_VERSIONS
    ",,,4,16106127360,,3600000,"PYTHONNOUSERSITE=1
R_PROFILE_USER=/.Rprofile
R_ENVIRON_USER=/.Renviron
JULIA_DEPOT_PATH=/usr/local/share/julia
PATH=$PATH:/home/martin/Projects/assembly-analysis-pipeline/bin
",,1,0,,AMD Ryzen 5 5600X 6-Core Processor
friendly_goodall,ERZ102,16,1d/696bca,166242,INDEX_AND_PUBLISH_CONTIGS,[],community.wave.seqera.io/library/htslib_samtools_seqkit:8d071a2f3053d830,ERZ102,EBIMETAGENOMICS:ASSEMBLY_ANALYSIS_PIPELINE:ASSEMBLY_QC:INDEX_AND_PUBLISH_CONTIGS (ERZ102),COMPLETED,0,1776023359512,1776023359607,1776023360598,1086,38,70.6,0.0,3645440,4874240,3645440,4874240,486990,224165,333,34,4595712,49152,1,/home/martin/Projects/assembly-analysis-pipeline/work/1d/696bca2f1fb58e5134c6882483e334,"
    NUM_SEQS=$(zcat ERZ102_cleaned.fa.gz | grep -c '^>')

    if [[ $NUM_SEQS -eq 0 ]]; then
        EXIT_REASON=""insufficient_contigs_after_decontamination""
    else
        zcat ERZ102_cleaned.fa.gz | bgzip -@ 1 > ERZ102_filtered_contigs.fasta.gz
        samtools faidx ERZ102_filtered_contigs.fasta.gz
        bgzip -r ERZ102_filtered_contigs.fasta.gz
    fi

    cat <<-END_VERSIONS > versions.yml
    ""EBIMETAGENOMICS:ASSEMBLY_ANALYSIS_PIPELINE:ASSEMBLY_QC:INDEX_AND_PUBLISH_CONTIGS"":
        samtools: $(samtools --version-only)
        bgzip: $(bgzip --version | head -1 | cut -d' ' -f3)
    END_VERSIONS
    ",,,1,6442450944,,3600000,"PYTHONNOUSERSITE=1
R_PROFILE_USER=/.Rprofile
R_ENVIRON_USER=/.Renviron
JULIA_DEPOT_PATH=/usr/local/share/julia
PATH=$PATH:/home/martin/Projects/assembly-analysis-pipeline/bin
",,3,0,,AMD Ryzen 5 5600X 6-Core Processor
friendly_goodall,ERZ101,17,55/b2560b,166267,FILTERPAF,[],quay.io/biocontainers/gawk:5.3.0,ERZ101,EBIMETAGENOMICS:ASSEMBLY_ANALYSIS_PIPELINE:ASSEMBLY_QC:ASSEMBLY_DECONTAMINATION:HOST_DECONTAMINATE_CONTIGS:FILTERPAF (ERZ101),COMPLETED,0,1776023359529,1776023359608,1776023360582,1053,0,114.3,0.0,3403776,4497408,3403776,4497408,126901,2105,262,22,0,16384,1,/home/martin/Projects/assembly-analysis-pipeline/work/55/b2560bf873529c43b82a058fdca93b,"
    # Filter PAF by query coverage and MAPQ
    awk '
        BEGIN {
            printf ""sequence_id\tquery_coverage\tidentity\n"";
        }
        {
            query_len = $2;
            query_start = $3;
            query_end = $4;
            target = $6;
            matching_bases = $10;
            total_bases = $11;

            if (target == ""*"") {
                next;
            }

            aligned_len = query_end - query_start;
            query_coverage = aligned_len / query_len;
            identity = matching_bases / total_bases;

            if (query_coverage >= 0.3 && identity >= 0.4) {
                printf ""%s\t%.4f\t%.4f\n"", $1, query_coverage, identity;
            }
        }
    ' ERZ101.paf > ERZ101_contaminant_mapped.tsv

    # Remove TSV file if it only contains the header (no contaminated contigs found)
    if [ $(wc -l < ERZ101_contaminant_mapped.tsv) -le 1 ]; then
        rm ERZ101_contaminant_mapped.tsv
        touch ERZ101_contaminant.txt
    else
        # Extract just the sequence IDs from failed sequences
        awk '{print $1}' ERZ101_contaminant_mapped.tsv > ERZ101_contaminant.txt
        gzip ERZ101_contaminant_mapped.tsv
    fi

    cat <<-END_VERSIONS > versions.yml
    ""EBIMETAGENOMICS:ASSEMBLY_ANALYSIS_PIPELINE:ASSEMBLY_QC:ASSEMBLY_DECONTAMINATION:HOST_DECONTAMINATE_CONTIGS:FILTERPAF"":
        gawk: $(echo $(gawk --version 2>&1) | sed 's/^.*GNU Awk //; s/, .*$//')
    END_VERSIONS
    ",,,1,6442450944,,3600000,"PYTHONNOUSERSITE=1
R_PROFILE_USER=/.Rprofile
R_ENVIRON_USER=/.Renviron
JULIA_DEPOT_PATH=/usr/local/share/julia
PATH=$PATH:/home/martin/Projects/assembly-analysis-pipeline/bin
",,3,0,,AMD Ryzen 5 5600X 6-Core Processor
friendly_goodall,ERZ101,18,0b/2e7df1,166698,SEQKIT_GREP,[],quay.io/biocontainers/seqkit:2.9.0--h9ee0642_0,ERZ101,EBIMETAGENOMICS:ASSEMBLY_ANALYSIS_PIPELINE:ASSEMBLY_QC:ASSEMBLY_DECONTAMINATION:HOST_DECONTAMINATE_CONTIGS:SEQKIT_GREP (ERZ101),COMPLETED,0,1776023360603,1776023360698,1776023361666,1063,0,126.3,0.4,64794624,1278988288,64794624,1278988288,114443,37375,185,22,16384,40960,1,/home/martin/Projects/assembly-analysis-pipeline/work/0b/2e7df1fc1deb99ae36daec7959c04e,"
    seqkit \
        grep \
        --invert-match \
        --threads 2 \
        -f ERZ101_contaminant.txt \
        input.fasta.gz \
        -o ERZ101_cleaned.fa.gz \

    cat <<-END_VERSIONS > versions.yml
    ""EBIMETAGENOMICS:ASSEMBLY_ANALYSIS_PIPELINE:ASSEMBLY_QC:ASSEMBLY_DECONTAMINATION:HOST_DECONTAMINATE_CONTIGS:SEQKIT_GREP"":
        seqkit: $( seqkit version | sed 's/seqkit v//' )
    END_VERSIONS
    ",,,2,12884901888,,3600000,"PYTHONNOUSERSITE=1
R_PROFILE_USER=/.Rprofile
R_ENVIRON_USER=/.Renviron
JULIA_DEPOT_PATH=/usr/local/share/julia
PATH=$PATH:/home/martin/Projects/assembly-analysis-pipeline/bin
",,34,1,,AMD Ryzen 5 5600X 6-Core Processor
friendly_goodall,ERZ102,19,85/baf686,166936,SEQKIT_SPLIT2,[],quay.io/biocontainers/seqkit:2.8.1--h9ee0642_0,ERZ102,EBIMETAGENOMICS:ASSEMBLY_ANALYSIS_PIPELINE:DETECT_RNA:SEQKIT_SPLIT2 (ERZ102),COMPLETED,0,1776023361671,1776023361766,1776023362715,1044,0,98.0,0.0,8036352,1276301312,8036352,1276301312,114825,42469,188,28,18599936,36864,1,/home/martin/Projects/assembly-analysis-pipeline/work/85/baf686f85d39575f0062953add0bff,"
    seqkit \
        split2 \
         --by-length 50M --by-length-prefix ERZ102_  \
        --threads 4 \
        ERZ102_filtered_contigs.fasta.gz \
        --out-dir ERZ102

    cat <<-END_VERSIONS > versions.yml
    ""EBIMETAGENOMICS:ASSEMBLY_ANALYSIS_PIPELINE:DETECT_RNA:SEQKIT_SPLIT2"":
        seqkit: $(echo $(seqkit 2>&1) | sed 's/^.*Version: //; s/ .*$//')
    END_VERSIONS
    ",,,4,16106127360,,3600000,"PYTHONNOUSERSITE=1
R_PROFILE_USER=/.Rprofile
R_ENVIRON_USER=/.Renviron
JULIA_DEPOT_PATH=/usr/local/share/julia
PATH=$PATH:/home/martin/Projects/assembly-analysis-pipeline/bin
",,12,1,,AMD Ryzen 5 5600X 6-Core Processor
friendly_goodall,ERZ101,20,46/9b7eb3,167177,INDEX_AND_PUBLISH_CONTIGS,[],community.wave.seqera.io/library/htslib_samtools_seqkit:8d071a2f3053d830,ERZ101,EBIMETAGENOMICS:ASSEMBLY_ANALYSIS_PIPELINE:ASSEMBLY_QC:INDEX_AND_PUBLISH_CONTIGS (ERZ101),COMPLETED,0,1776023362719,1776023362815,1776023363777,1058,29,87.8,0.0,3760128,4874240,3760128,4874240,544439,265473,335,36,12288,53248,1,/home/martin/Projects/assembly-analysis-pipeline/work/46/9b7eb3994ed5268fd9b22ec00b5200,"
    NUM_SEQS=$(zcat ERZ101_cleaned.fa.gz | grep -c '^>')

    if [[ $NUM_SEQS -eq 0 ]]; then
        EXIT_REASON=""insufficient_contigs_after_decontamination""
    else
        zcat ERZ101_cleaned.fa.gz | bgzip -@ 1 > ERZ101_filtered_contigs.fasta.gz
        samtools faidx ERZ101_filtered_contigs.fasta.gz
        bgzip -r ERZ101_filtered_contigs.fasta.gz
    fi

    cat <<-END_VERSIONS > versions.yml
    ""EBIMETAGENOMICS:ASSEMBLY_ANALYSIS_PIPELINE:ASSEMBLY_QC:INDEX_AND_PUBLISH_CONTIGS"":
        samtools: $(samtools --version-only)
        bgzip: $(bgzip --version | head -1 | cut -d' ' -f3)
    END_VERSIONS
    ",,,1,6442450944,,3600000,"PYTHONNOUSERSITE=1
R_PROFILE_USER=/.Rprofile
R_ENVIRON_USER=/.Renviron
JULIA_DEPOT_PATH=/usr/local/share/julia
PATH=$PATH:/home/martin/Projects/assembly-analysis-pipeline/bin
",,4,1,,AMD Ryzen 5 5600X 6-Core Processor
friendly_goodall,ERZ102,21,2b/56608b,167439,INFERNAL_CMSEARCH,[],quay.io/biocontainers/infernal:1.1.5--pl5321h031d066_1,ERZ102,EBIMETAGENOMICS:ASSEMBLY_ANALYSIS_PIPELINE:DETECT_RNA:INFERNAL_CMSEARCH (ERZ102),COMPLETED,0,1776023363780,1776023363877,1776023365987,2207,1000,99.1,1.5,257232896,392175616,263680000,395943936,12451368,121153,3284,32,12738560,110592,1,/home/martin/Projects/assembly-analysis-pipeline/work/2b/56608b41f1ee7344410c3188442380,"
    if [ ""true"" == ""true"" ]; then
        gzip -c -d ERZ102_001.fasta.gz > ERZ102_001.fasta
    fi

    cmsearch \
        --cpu 4 \
        --noali --hmmonly -Z 1000 --cut_ga -o /dev/null \
        --tblout ERZ102_001.cmsearch_matches.tbl \
        rfam/*.cm \
        ERZ102_001.fasta

    gzip -n ERZ102_001.cmsearch_matches.tbl

    cat <<-END_VERSIONS > versions.yml
    ""EBIMETAGENOMICS:ASSEMBLY_ANALYSIS_PIPELINE:DETECT_RNA:INFERNAL_CMSEARCH"":
        cmsearch: $(cmsearch -h | grep -o '^# INFERNAL [0-9.]*' | sed 's/^# INFERNAL *//')
        Rfam version: 15
    END_VERSIONS
    ",,,4,12884901888,,3600000,"PYTHONNOUSERSITE=1
R_PROFILE_USER=/.Rprofile
R_ENVIRON_USER=/.Renviron
JULIA_DEPOT_PATH=/usr/local/share/julia
PATH=$PATH:/home/martin/Projects/assembly-analysis-pipeline/bin
",,38,74,,AMD Ryzen 5 5600X 6-Core Processor
friendly_goodall,ERZ101,22,27/fc7832,167773,SEQKIT_SPLIT2,[],quay.io/biocontainers/seqkit:2.8.1--h9ee0642_0,ERZ101,EBIMETAGENOMICS:ASSEMBLY_ANALYSIS_PIPELINE:DETECT_RNA:SEQKIT_SPLIT2 (ERZ101),COMPLETED,0,1776023365991,1776023366087,1776023367058,1067,0,137.1,0.2,35115008,1278791680,35115008,1278791680,119729,48063,188,28,0,40960,1,/home/martin/Projects/assembly-analysis-pipeline/work/27/fc783210316c29457cf7cedccf8dd8,"
    seqkit \
        split2 \
         --by-length 50M --by-length-prefix ERZ101_  \
        --threads 4 \
        ERZ101_filtered_contigs.fasta.gz \
        --out-dir ERZ101

    cat <<-END_VERSIONS > versions.yml
    ""EBIMETAGENOMICS:ASSEMBLY_ANALYSIS_PIPELINE:DETECT_RNA:SEQKIT_SPLIT2"":
        seqkit: $(echo $(seqkit 2>&1) | sed 's/^.*Version: //; s/ .*$//')
    END_VERSIONS
    ",,,4,16106127360,,3600000,"PYTHONNOUSERSITE=1
R_PROFILE_USER=/.Rprofile
R_ENVIRON_USER=/.Renviron
JULIA_DEPOT_PATH=/usr/local/share/julia
PATH=$PATH:/home/martin/Projects/assembly-analysis-pipeline/bin
",,42,6,,AMD Ryzen 5 5600X 6-Core Processor
friendly_goodall,ERZ666,26,3c/60fa9f,168008,QUAST,[],quay.io/biocontainers/quast:5.2.0--py39pl5321heaaa4ec_4,ERZ666,EBIMETAGENOMICS:ASSEMBLY_ANALYSIS_PIPELINE:ASSEMBLY_QC:QUAST (ERZ666),COMPLETED,0,1776023367063,1776023367159,1776023370452,3389,2365,121.4,0.6,104837120,1735393280,104837120,1837645824,97481858,3072172,19920,246,109379584,3162112,1,/home/martin/Projects/assembly-analysis-pipeline/work/3c/60fa9f5c1f404acb8f7654b5bb0b61,"
    metaquast.py \
        --output-dir ERZ666_quast \
        --threads 4 \
        --max-ref-num 0 --min-contig 0 --space-efficient \
        ERZ666.fasta
    
    gzip ERZ666_quast/report.tsv

    ln -s ERZ666_quast/report.tsv.gz ERZ666_quast.tsv.gz
    [ -f  ERZ666_quast/contigs_reports/all_alignments_transcriptome.tsv ] && ln -s ERZ666_quast/contigs_reports/all_alignments_transcriptome.tsv ERZ666_quast_transcriptome.tsv
    [ -f  ERZ666_quast/contigs_reports/misassemblies_report.tsv         ] && ln -s ERZ666_quast/contigs_reports/misassemblies_report.tsv ERZ666_quast_misassemblies.tsv
    [ -f  ERZ666_quast/contigs_reports/unaligned_report.tsv             ] && ln -s ERZ666_quast/contigs_reports/unaligned_report.tsv ERZ666_quast_unaligned.tsv

    cat <<-END_VERSIONS > versions.yml
    ""EBIMETAGENOMICS:ASSEMBLY_ANALYSIS_PIPELINE:ASSEMBLY_QC:QUAST"":
        quast: $(quast.py --version 2>&1 | sed 's/^.*QUAST v//; s/ .*$//')
    END_VERSIONS
    ",,,4,16106127360,,3600000,"PYTHONNOUSERSITE=1
R_PROFILE_USER=/.Rprofile
R_ENVIRON_USER=/.Renviron
JULIA_DEPOT_PATH=/usr/local/share/julia
PATH=$PATH:/home/martin/Projects/assembly-analysis-pipeline/bin
",,1511,120,,AMD Ryzen 5 5600X 6-Core Processor
friendly_goodall,ERZ999,25,93/e872a5,168391,QUAST,[],quay.io/biocontainers/quast:5.2.0--py39pl5321heaaa4ec_4,ERZ999,EBIMETAGENOMICS:ASSEMBLY_ANALYSIS_PIPELINE:ASSEMBLY_QC:QUAST (ERZ999),COMPLETED,0,1776023370455,1776023370553,1776023373696,3241,2222,125.5,0.5,86556672,1719681024,86556672,1837645824,98738576,3067383,20231,246,16384,3162112,1,/home/martin/Projects/assembly-analysis-pipeline/work/93/e872a5f73d262fcc97f50bac2a2130,"
    metaquast.py \
        --output-dir ERZ999_quast \
        --threads 4 \
        --max-ref-num 0 --min-contig 0 --space-efficient \
        ERZ999.fasta
    
    gzip ERZ999_quast/report.tsv

    ln -s ERZ999_quast/report.tsv.gz ERZ999_quast.tsv.gz
    [ -f  ERZ999_quast/contigs_reports/all_alignments_transcriptome.tsv ] && ln -s ERZ999_quast/contigs_reports/all_alignments_transcriptome.tsv ERZ999_quast_transcriptome.tsv
    [ -f  ERZ999_quast/contigs_reports/misassemblies_report.tsv         ] && ln -s ERZ999_quast/contigs_reports/misassemblies_report.tsv ERZ999_quast_misassemblies.tsv
    [ -f  ERZ999_quast/contigs_reports/unaligned_report.tsv             ] && ln -s ERZ999_quast/contigs_reports/unaligned_report.tsv ERZ999_quast_unaligned.tsv

    cat <<-END_VERSIONS > versions.yml
    ""EBIMETAGENOMICS:ASSEMBLY_ANALYSIS_PIPELINE:ASSEMBLY_QC:QUAST"":
        quast: $(quast.py --version 2>&1 | sed 's/^.*QUAST v//; s/ .*$//')
    END_VERSIONS
    ",,,4,16106127360,,3600000,"PYTHONNOUSERSITE=1
R_PROFILE_USER=/.Rprofile
R_ENVIRON_USER=/.Renviron
JULIA_DEPOT_PATH=/usr/local/share/julia
PATH=$PATH:/home/martin/Projects/assembly-analysis-pipeline/bin
",,25,145,,AMD Ryzen 5 5600X 6-Core Processor
friendly_goodall,ERZ101,23,e7/c1518b,168827,QUAST,[],quay.io/biocontainers/quast:5.2.0--py39pl5321heaaa4ec_4,ERZ101,EBIMETAGENOMICS:ASSEMBLY_ANALYSIS_PIPELINE:ASSEMBLY_QC:QUAST (ERZ101),COMPLETED,0,1776023373701,1776023373796,1776023377230,3529,2468,163.0,0.8,145186816,3524444160,145186816,3524444160,130366566,3340171,26722,336,32768,3424256,1,/home/martin/Projects/assembly-analysis-pipeline/work/e7/c1518baefefe21ef1c49ef4a1f858d,"
    metaquast.py \
        --output-dir ERZ101_quast \
        --threads 4 \
        --max-ref-num 0 --min-contig 0 --space-efficient \
        ERZ101.fasta ERZ101_filtered_contigs.fasta.gz
    
    gzip ERZ101_quast/report.tsv

    ln -s ERZ101_quast/report.tsv.gz ERZ101_quast.tsv.gz
    [ -f  ERZ101_quast/contigs_reports/all_alignments_transcriptome.tsv ] && ln -s ERZ101_quast/contigs_reports/all_alignments_transcriptome.tsv ERZ101_quast_transcriptome.tsv
    [ -f  ERZ101_quast/contigs_reports/misassemblies_report.tsv         ] && ln -s ERZ101_quast/contigs_reports/misassemblies_report.tsv ERZ101_quast_misassemblies.tsv
    [ -f  ERZ101_quast/contigs_reports/unaligned_report.tsv             ] && ln -s ERZ101_quast/contigs_reports/unaligned_report.tsv ERZ101_quast_unaligned.tsv

    cat <<-END_VERSIONS > versions.yml
    ""EBIMETAGENOMICS:ASSEMBLY_ANALYSIS_PIPELINE:ASSEMBLY_QC:QUAST"":
        quast: $(quast.py --version 2>&1 | sed 's/^.*QUAST v//; s/ .*$//')
    END_VERSIONS
    ",,,4,16106127360,,3600000,"PYTHONNOUSERSITE=1
R_PROFILE_USER=/.Rprofile
R_ENVIRON_USER=/.Renviron
JULIA_DEPOT_PATH=/usr/local/share/julia
PATH=$PATH:/home/martin/Projects/assembly-analysis-pipeline/bin
",,59,745,,AMD Ryzen 5 5600X 6-Core Processor
friendly_goodall,ERZ102,24,af/2d763c,169259,QUAST,[],quay.io/biocontainers/quast:5.2.0--py39pl5321heaaa4ec_4,ERZ102,EBIMETAGENOMICS:ASSEMBLY_ANALYSIS_PIPELINE:ASSEMBLY_QC:QUAST (ERZ102),COMPLETED,0,1776023377235,1776023377330,1776023380681,3446,2422,169.0,0.8,148217856,3528589312,148217856,3528589312,129984167,3301217,26649,331,73728,3383296,1,/home/martin/Projects/assembly-analysis-pipeline/work/af/2d763ca28a00c6177f269af05c6234,"
    metaquast.py \
        --output-dir ERZ102_quast \
        --threads 4 \
        --max-ref-num 0 --min-contig 0 --space-efficient \
        ERZ102.fasta ERZ102_filtered_contigs.fasta.gz
    
    gzip ERZ102_quast/report.tsv

    ln -s ERZ102_quast/report.tsv.gz ERZ102_quast.tsv.gz
    [ -f  ERZ102_quast/contigs_reports/all_alignments_transcriptome.tsv ] && ln -s ERZ102_quast/contigs_reports/all_alignments_transcriptome.tsv ERZ102_quast_transcriptome.tsv
    [ -f  ERZ102_quast/contigs_reports/misassemblies_report.tsv         ] && ln -s ERZ102_quast/contigs_reports/misassemblies_report.tsv ERZ102_quast_misassemblies.tsv
    [ -f  ERZ102_quast/contigs_reports/unaligned_report.tsv             ] && ln -s ERZ102_quast/contigs_reports/unaligned_report.tsv ERZ102_quast_unaligned.tsv

    cat <<-END_VERSIONS > versions.yml
    ""EBIMETAGENOMICS:ASSEMBLY_ANALYSIS_PIPELINE:ASSEMBLY_QC:QUAST"":
        quast: $(quast.py --version 2>&1 | sed 's/^.*QUAST v//; s/ .*$//')
    END_VERSIONS
    ",,,4,16106127360,,3600000,"PYTHONNOUSERSITE=1
R_PROFILE_USER=/.Rprofile
R_ENVIRON_USER=/.Renviron
JULIA_DEPOT_PATH=/usr/local/share/julia
PATH=$PATH:/home/martin/Projects/assembly-analysis-pipeline/bin
",,62,130,,AMD Ryzen 5 5600X 6-Core Processor
friendly_goodall,ERZ102,27,45/153ce9,169684,CMSEARCHTBLOUTDEOVERLAP,[],quay.io/biocontainers/cmsearch_tblout_deoverlap:0.09--pl5321hdfd78af_0,ERZ102,EBIMETAGENOMICS:ASSEMBLY_ANALYSIS_PIPELINE:DETECT_RNA:CMSEARCHTBLOUTDEOVERLAP (ERZ102),COMPLETED,0,1776023380684,1776023380780,1776023381729,1045,0,105.3,0.0,9760768,16580608,9760768,16596992,518565,12312,353,25,4390912,20480,1,/home/martin/Projects/assembly-analysis-pipeline/work/45/153ce9670e98e506c2b4c1c11ca57f,"
    if [ ""true"" == ""true"" ]; then
        gzip -c -d ERZ102_001.cmsearch_matches.tbl.gz > ERZ102_001.cmsearch_matches.tbl
    fi

    cmsearch-deoverlap.pl          --clanin ribo.clan_info         ERZ102_001.cmsearch_matches.tbl

    mv ERZ102_001.cmsearch_matches.tbl.deoverlapped ERZ102_001.tblout.deoverlapped

    cat <<-END_VERSIONS > versions.yml
    ""EBIMETAGENOMICS:ASSEMBLY_ANALYSIS_PIPELINE:DETECT_RNA:CMSEARCHTBLOUTDEOVERLAP"":
        cmsearch_tblout_deoverlap: $(echo $(cmsearch-deoverlap.pl 2>&1) | grep -o 'cmsearch-deoverlap v[0-9]\+\.[0-9]\+' | sed 's/cmsearch-deoverlap //g' )
    END_VERSIONS
    ",,,1,6442450944,,3600000,"PYTHONNOUSERSITE=1
R_PROFILE_USER=/.Rprofile
R_ENVIRON_USER=/.Renviron
JULIA_DEPOT_PATH=/usr/local/share/julia
PATH=$PATH:/home/martin/Projects/assembly-analysis-pipeline/bin
",,19,3,,AMD Ryzen 5 5600X 6-Core Processor
friendly_goodall,ERZ101,28,41/374a19,169919,INFERNAL_CMSEARCH,[],quay.io/biocontainers/infernal:1.1.5--pl5321h031d066_1,ERZ101,EBIMETAGENOMICS:ASSEMBLY_ANALYSIS_PIPELINE:DETECT_RNA:INFERNAL_CMSEARCH (ERZ101),COMPLETED,0,1776023381732,1776023381829,1776023383849,2117,1000,100.7,1.5,261070848,395743232,261070848,395743232,12693752,139360,3338,33,28672,131072,1,/home/martin/Projects/assembly-analysis-pipeline/work/41/374a191efa64864267ed806b40fac1,"
    if [ ""true"" == ""true"" ]; then
        gzip -c -d ERZ101_001.fasta.gz > ERZ101_001.fasta
    fi

    cmsearch \
        --cpu 4 \
        --noali --hmmonly -Z 1000 --cut_ga -o /dev/null \
        --tblout ERZ101_001.cmsearch_matches.tbl \
        rfam/*.cm \
        ERZ101_001.fasta

    gzip -n ERZ101_001.cmsearch_matches.tbl

    cat <<-END_VERSIONS > versions.yml
    ""EBIMETAGENOMICS:ASSEMBLY_ANALYSIS_PIPELINE:DETECT_RNA:INFERNAL_CMSEARCH"":
        cmsearch: $(cmsearch -h | grep -o '^# INFERNAL [0-9.]*' | sed 's/^# INFERNAL *//')
        Rfam version: 15
    END_VERSIONS
    ",,,4,12884901888,,3600000,"PYTHONNOUSERSITE=1
R_PROFILE_USER=/.Rprofile
R_ENVIRON_USER=/.Renviron
JULIA_DEPOT_PATH=/usr/local/share/julia
PATH=$PATH:/home/martin/Projects/assembly-analysis-pipeline/bin
",,30,21,,AMD Ryzen 5 5600X 6-Core Processor
friendly_goodall,ERZ666,31,f2/0900d0,170246,FIND_UNPIGZ,[],community.wave.seqera.io/library/findutils_pigz:c4dd5edc44402661,ERZ666,EBIMETAGENOMICS:ASSEMBLY_ANALYSIS_PIPELINE:FIND_UNPIGZ (ERZ666),COMPLETED,0,1776023383853,1776023383949,1776023384929,1076,16,133.3,0.0,4214784,5402624,4214784,5402624,136684,1336,300,21,786432,8192,1,/home/martin/Projects/assembly-analysis-pipeline/work/f2/0900d0fe66197ed2cf0bcad77e6d0f,"
    mkdir -p ungzipped
    while IFS= read -r -d $'\0' file; do
        unpigz \
             \
            -cd \
            --processes 4 \
            $file \
            > ungzipped/$( basename $file .gz )
    done < <( find gzipped/ -name '*.gz' -print0 )

    cat <<-END_VERSIONS > versions.yml
    ""EBIMETAGENOMICS:ASSEMBLY_ANALYSIS_PIPELINE:FIND_UNPIGZ"":
        find: $( find --version | sed '1!d; s/.* //' )
        pigz: $( pigz --version 2>&1 | sed 's/pigz //g' )
    END_VERSIONS
    ",,,4,16106127360,,3600000,"PYTHONNOUSERSITE=1
R_PROFILE_USER=/.Rprofile
R_ENVIRON_USER=/.Renviron
JULIA_DEPOT_PATH=/usr/local/share/julia
PATH=$PATH:/home/martin/Projects/assembly-analysis-pipeline/bin
",,3,3,,AMD Ryzen 5 5600X 6-Core Processor
friendly_goodall,ERZ999,32,82/2104e1,170482,FIND_UNPIGZ,[],community.wave.seqera.io/library/findutils_pigz:c4dd5edc44402661,ERZ999,EBIMETAGENOMICS:ASSEMBLY_ANALYSIS_PIPELINE:FIND_UNPIGZ (ERZ999),COMPLETED,0,1776023384932,1776023385029,1776023386012,1080,12,57.1,0.0,4165632,5402624,4165632,5402624,136681,1342,300,21,16384,8192,1,/home/martin/Projects/assembly-analysis-pipeline/work/82/2104e1ea89f9f0231d0f1823242a52,"
    mkdir -p ungzipped
    while IFS= read -r -d $'\0' file; do
        unpigz \
             \
            -cd \
            --processes 4 \
            $file \
            > ungzipped/$( basename $file .gz )
    done < <( find gzipped/ -name '*.gz' -print0 )

    cat <<-END_VERSIONS > versions.yml
    ""EBIMETAGENOMICS:ASSEMBLY_ANALYSIS_PIPELINE:FIND_UNPIGZ"":
        find: $( find --version | sed '1!d; s/.* //' )
        pigz: $( pigz --version 2>&1 | sed 's/pigz //g' )
    END_VERSIONS
    ",,,4,16106127360,,3600000,"PYTHONNOUSERSITE=1
R_PROFILE_USER=/.Rprofile
R_ENVIRON_USER=/.Renviron
JULIA_DEPOT_PATH=/usr/local/share/julia
PATH=$PATH:/home/martin/Projects/assembly-analysis-pipeline/bin
",,3,0,,AMD Ryzen 5 5600X 6-Core Processor
friendly_goodall,ERZ102,30,58/e84411,170728,FIND_UNPIGZ,[],community.wave.seqera.io/library/findutils_pigz:c4dd5edc44402661,ERZ102,EBIMETAGENOMICS:ASSEMBLY_ANALYSIS_PIPELINE:FIND_UNPIGZ (ERZ102),COMPLETED,0,1776023386015,1776023386112,1776023387062,1047,14,156.5,0.0,4308992,5402624,4308992,5402624,147472,1594,359,23,8192,12288,1,/home/martin/Projects/assembly-analysis-pipeline/work/58/e84411bb8fe60dd08c5ebe8185b172,"
    mkdir -p ungzipped
    while IFS= read -r -d $'\0' file; do
        unpigz \
             \
            -cd \
            --processes 4 \
            $file \
            > ungzipped/$( basename $file .gz )
    done < <( find gzipped/ -name '*.gz' -print0 )

    cat <<-END_VERSIONS > versions.yml
    ""EBIMETAGENOMICS:ASSEMBLY_ANALYSIS_PIPELINE:FIND_UNPIGZ"":
        find: $( find --version | sed '1!d; s/.* //' )
        pigz: $( pigz --version 2>&1 | sed 's/pigz //g' )
    END_VERSIONS
    ",,,4,16106127360,,3600000,"PYTHONNOUSERSITE=1
R_PROFILE_USER=/.Rprofile
R_ENVIRON_USER=/.Renviron
JULIA_DEPOT_PATH=/usr/local/share/julia
PATH=$PATH:/home/martin/Projects/assembly-analysis-pipeline/bin
",,3,0,,AMD Ryzen 5 5600X 6-Core Processor
friendly_goodall,ERZ101,29,9c/a5e12b,170972,FIND_UNPIGZ,[],community.wave.seqera.io/library/findutils_pigz:c4dd5edc44402661,ERZ101,EBIMETAGENOMICS:ASSEMBLY_ANALYSIS_PIPELINE:FIND_UNPIGZ (ERZ101),COMPLETED,0,1776023387065,1776023387162,1776023388124,1059,16,138.5,0.0,4268032,5402624,4268032,5402624,158142,1731,424,25,49152,16384,1,/home/martin/Projects/assembly-analysis-pipeline/work/9c/a5e12bb14676cb10454d066b8de26d,"
    mkdir -p ungzipped
    while IFS= read -r -d $'\0' file; do
        unpigz \
             \
            -cd \
            --processes 4 \
            $file \
            > ungzipped/$( basename $file .gz )
    done < <( find gzipped/ -name '*.gz' -print0 )

    cat <<-END_VERSIONS > versions.yml
    ""EBIMETAGENOMICS:ASSEMBLY_ANALYSIS_PIPELINE:FIND_UNPIGZ"":
        find: $( find --version | sed '1!d; s/.* //' )
        pigz: $( pigz --version 2>&1 | sed 's/pigz //g' )
    END_VERSIONS
    ",,,4,16106127360,,3600000,"PYTHONNOUSERSITE=1
R_PROFILE_USER=/.Rprofile
R_ENVIRON_USER=/.Renviron
JULIA_DEPOT_PATH=/usr/local/share/julia
PATH=$PATH:/home/martin/Projects/assembly-analysis-pipeline/bin
",,3,0,,AMD Ryzen 5 5600X 6-Core Processor
friendly_goodall,ERZ101,33,90/e4d817,171234,CMSEARCHTBLOUTDEOVERLAP,[],quay.io/biocontainers/cmsearch_tblout_deoverlap:0.09--pl5321hdfd78af_0,ERZ101,EBIMETAGENOMICS:ASSEMBLY_ANALYSIS_PIPELINE:DETECT_RNA:CMSEARCHTBLOUTDEOVERLAP (ERZ101),COMPLETED,0,1776023388127,1776023388224,1776023389213,1086,0,113.2,0.0,10772480,17555456,10772480,17559552,518542,12294,353,25,0,20480,1,/home/martin/Projects/assembly-analysis-pipeline/work/90/e4d8177ad55cc82fcd8fd603fda074,"
    if [ ""true"" == ""true"" ]; then
        gzip -c -d ERZ101_001.cmsearch_matches.tbl.gz > ERZ101_001.cmsearch_matches.tbl
    fi

    cmsearch-deoverlap.pl          --clanin ribo.clan_info         ERZ101_001.cmsearch_matches.tbl

    mv ERZ101_001.cmsearch_matches.tbl.deoverlapped ERZ101_001.tblout.deoverlapped

    cat <<-END_VERSIONS > versions.yml
    ""EBIMETAGENOMICS:ASSEMBLY_ANALYSIS_PIPELINE:DETECT_RNA:CMSEARCHTBLOUTDEOVERLAP"":
        cmsearch_tblout_deoverlap: $(echo $(cmsearch-deoverlap.pl 2>&1) | grep -o 'cmsearch-deoverlap v[0-9]\+\.[0-9]\+' | sed 's/cmsearch-deoverlap //g' )
    END_VERSIONS
    ",,,1,6442450944,,3600000,"PYTHONNOUSERSITE=1
R_PROFILE_USER=/.Rprofile
R_ENVIRON_USER=/.Renviron
JULIA_DEPOT_PATH=/usr/local/share/julia
PATH=$PATH:/home/martin/Projects/assembly-analysis-pipeline/bin
",,2,2,,AMD Ryzen 5 5600X 6-Core Processor
friendly_goodall,ERZ101,35,df/e9b81d,171470,CONCATENATE_CMSEARCH_DEOVERLAP,[],quay.io/biocontainers/pigz:2.3.4,ERZ101,EBIMETAGENOMICS:ASSEMBLY_ANALYSIS_PIPELINE:DETECT_RNA:CONCATENATE_CMSEARCH_DEOVERLAP (ERZ101),COMPLETED,0,1776023389226,1776023389313,1776023391267,2041,0,46.2,0.0,3088384,11583488,3088384,11587584,40212,984,140,17,1560576,12288,1,/home/martin/Projects/assembly-analysis-pipeline/work/df/e9b81de315da419373217941640a92,"
    cat \
         \
        ERZ101_001.tblout.deoverlapped \
         \
        > ERZ101_detect_rna_cmsearch_matches

    cat <<-END_VERSIONS > versions.yml
    ""EBIMETAGENOMICS:ASSEMBLY_ANALYSIS_PIPELINE:DETECT_RNA:CONCATENATE_CMSEARCH_DEOVERLAP"":
        pigz: $( pigz --version 2>&1 | sed 's/pigz //g' )
    END_VERSIONS
    ",,,2,12884901888,,3600000,"PYTHONNOUSERSITE=1
R_PROFILE_USER=/.Rprofile
R_ENVIRON_USER=/.Renviron
JULIA_DEPOT_PATH=/usr/local/share/julia
PATH=$PATH:/home/martin/Projects/assembly-analysis-pipeline/bin
",,2,1,,AMD Ryzen 5 5600X 6-Core Processor
friendly_goodall,ERZ102,34,9f/a4c0e2,171781,CONCATENATE_CMSEARCH_DEOVERLAP,[],quay.io/biocontainers/pigz:2.3.4,ERZ102,EBIMETAGENOMICS:ASSEMBLY_ANALYSIS_PIPELINE:DETECT_RNA:CONCATENATE_CMSEARCH_DEOVERLAP (ERZ102),COMPLETED,0,1776023391271,1776023391367,1776023393282,2011,0,0.0,0.0,3080192,11583488,3080192,11587584,40189,966,140,17,0,12288,1,/home/martin/Projects/assembly-analysis-pipeline/work/9f/a4c0e22a13b8fba68e2e62c699c63c,"
    cat \
         \
        ERZ102_001.tblout.deoverlapped \
         \
        > ERZ102_detect_rna_cmsearch_matches

    cat <<-END_VERSIONS > versions.yml
    ""EBIMETAGENOMICS:ASSEMBLY_ANALYSIS_PIPELINE:DETECT_RNA:CONCATENATE_CMSEARCH_DEOVERLAP"":
        pigz: $( pigz --version 2>&1 | sed 's/pigz //g' )
    END_VERSIONS
    ",,,2,12884901888,,3600000,"PYTHONNOUSERSITE=1
R_PROFILE_USER=/.Rprofile
R_ENVIRON_USER=/.Renviron
JULIA_DEPOT_PATH=/usr/local/share/julia
PATH=$PATH:/home/martin/Projects/assembly-analysis-pipeline/bin
",,2,0,,AMD Ryzen 5 5600X 6-Core Processor
friendly_goodall,ERZ101,36,51/ac19b1,172070,EASEL_ESLSFETCH,[],quay.io/biocontainers/easel:0.49--h031d066_0,ERZ101,EBIMETAGENOMICS:ASSEMBLY_ANALYSIS_PIPELINE:DETECT_RNA:EASEL_ESLSFETCH (ERZ101),COMPLETED,0,1776023393286,1776023393382,1776023394345,1059,0,120.0,0.0,3444736,5648384,3444736,5652480,319999,123281,274,32,335872,139264,1,/home/martin/Projects/assembly-analysis-pipeline/work/51/ac19b1569f47dda4f215f8024075a1,"

    if [ ""true"" == ""true"" ]; then
        gzip -c -d ERZ101_filtered_contigs.fasta.gz > ERZ101_filtered_contigs.fasta
    fi

    awk \
        '{print $1""-""$3""/""$8""-""$9"" ""$8"" ""$9"" ""$1}' \
        ERZ101_detect_rna_cmsearch_matches \
        > ERZ101.matched_seqs_with_coords.txt

    esl-sfetch \
        --index \
        ERZ101_filtered_contigs.fasta

    esl-sfetch \
        -Cf \
        ERZ101_filtered_contigs.fasta \
        ERZ101.matched_seqs_with_coords.txt \
        > ERZ101_easel_coords.fasta

    cat <<-END_VERSIONS > versions.yml
    ""EBIMETAGENOMICS:ASSEMBLY_ANALYSIS_PIPELINE:DETECT_RNA:EASEL_ESLSFETCH"":
        easel: $(esl-sfetch -h | grep -o '^# Easel [0-9.]*' | sed 's/^# Easel *//')
    END_VERSIONS
    ",,,1,6442450944,,3600000,"PYTHONNOUSERSITE=1
R_PROFILE_USER=/.Rprofile
R_ENVIRON_USER=/.Renviron
JULIA_DEPOT_PATH=/usr/local/share/julia
PATH=$PATH:/home/martin/Projects/assembly-analysis-pipeline/bin
",,2,1,,AMD Ryzen 5 5600X 6-Core Processor
friendly_goodall,ERZ102,37,dd/39a303,172077,EASEL_ESLSFETCH,[],quay.io/biocontainers/easel:0.49--h031d066_0,ERZ102,EBIMETAGENOMICS:ASSEMBLY_ANALYSIS_PIPELINE:DETECT_RNA:EASEL_ESLSFETCH (ERZ102),COMPLETED,0,1776023393292,1776023393383,1776023394378,1086,0,126.3,0.0,3461120,5648384,3461120,5652480,300854,105089,269,32,0,118784,1,/home/martin/Projects/assembly-analysis-pipeline/work/dd/39a3035ec93fbe1dce4d5d23767e21,"

    if [ ""true"" == ""true"" ]; then
        gzip -c -d ERZ102_filtered_contigs.fasta.gz > ERZ102_filtered_contigs.fasta
    fi

    awk \
        '{print $1""-""$3""/""$8""-""$9"" ""$8"" ""$9"" ""$1}' \
        ERZ102_detect_rna_cmsearch_matches \
        > ERZ102.matched_seqs_with_coords.txt

    esl-sfetch \
        --index \
        ERZ102_filtered_contigs.fasta

    esl-sfetch \
        -Cf \
        ERZ102_filtered_contigs.fasta \
        ERZ102.matched_seqs_with_coords.txt \
        > ERZ102_easel_coords.fasta

    cat <<-END_VERSIONS > versions.yml
    ""EBIMETAGENOMICS:ASSEMBLY_ANALYSIS_PIPELINE:DETECT_RNA:EASEL_ESLSFETCH"":
        easel: $(esl-sfetch -h | grep -o '^# Easel [0-9.]*' | sed 's/^# Easel *//')
    END_VERSIONS
    ",,,1,6442450944,,3600000,"PYTHONNOUSERSITE=1
R_PROFILE_USER=/.Rprofile
R_ENVIRON_USER=/.Renviron
JULIA_DEPOT_PATH=/usr/local/share/julia
PATH=$PATH:/home/martin/Projects/assembly-analysis-pipeline/bin
",,3,1,,AMD Ryzen 5 5600X 6-Core Processor
friendly_goodall,ERZ101,38,8e/23b373,172518,EXTRACTCOORDS,[],quay.io/biocontainers/mgnify-pipelines-toolkit:1.2.11--pyhdfd78af_0,ERZ101,EBIMETAGENOMICS:ASSEMBLY_ANALYSIS_PIPELINE:DETECT_RNA:EXTRACTCOORDS (ERZ101),COMPLETED,0,1776023394359,1776023394378,1776023396098,1739,0,124.6,0.1,12713984,17870848,12713984,17924096,15380020,5650,1448,23,29872128,20480,1,/home/martin/Projects/assembly-analysis-pipeline/work/8e/23b373d2380d5d138fec566a811b49,"
    get_subunits -i ERZ101_easel_coords.fasta -n ERZ101 

    get_subunits_coords -i ERZ101_detect_rna_cmsearch_matches -s SSU -l LSU

    cat SSU_coords LSU_coords > ERZ101_concat_SSU_LSU_coords.txt

    cat <<-END_VERSIONS > versions.yml
    ""EBIMETAGENOMICS:ASSEMBLY_ANALYSIS_PIPELINE:DETECT_RNA:EXTRACTCOORDS"":
        mgnify-pipelines-toolkit: $(get_mpt_version)
    END_VERSIONS
    ",,,1,6442450944,,3600000,"PYTHONNOUSERSITE=1
R_PROFILE_USER=/.Rprofile
R_ENVIRON_USER=/.Renviron
JULIA_DEPOT_PATH=/usr/local/share/julia
PATH=$PATH:/home/martin/Projects/assembly-analysis-pipeline/bin
",,1,5,,AMD Ryzen 5 5600X 6-Core Processor
friendly_goodall,ERZ102,39,8a/d9f6d9,172557,EXTRACTCOORDS,[],quay.io/biocontainers/mgnify-pipelines-toolkit:1.2.11--pyhdfd78af_0,ERZ102,EBIMETAGENOMICS:ASSEMBLY_ANALYSIS_PIPELINE:DETECT_RNA:EXTRACTCOORDS (ERZ102),COMPLETED,0,1776023394390,1776023394478,1776023396087,1697,0,133.3,0.0,11591680,17465344,11591680,17465344,15380034,5659,1448,23,42602496,20480,1,/home/martin/Projects/assembly-analysis-pipeline/work/8a/d9f6d94fae7f923b55a3a93991ca88,"
    get_subunits -i ERZ102_easel_coords.fasta -n ERZ102 

    get_subunits_coords -i ERZ102_detect_rna_cmsearch_matches -s SSU -l LSU

    cat SSU_coords LSU_coords > ERZ102_concat_SSU_LSU_coords.txt

    cat <<-END_VERSIONS > versions.yml
    ""EBIMETAGENOMICS:ASSEMBLY_ANALYSIS_PIPELINE:DETECT_RNA:EXTRACTCOORDS"":
        mgnify-pipelines-toolkit: $(get_mpt_version)
    END_VERSIONS
    ",,,1,6442450944,,3600000,"PYTHONNOUSERSITE=1
R_PROFILE_USER=/.Rprofile
R_ENVIRON_USER=/.Renviron
JULIA_DEPOT_PATH=/usr/local/share/julia
PATH=$PATH:/home/martin/Projects/assembly-analysis-pipeline/bin
",,10,3,,AMD Ryzen 5 5600X 6-Core Processor
friendly_goodall,ERZ102,41,10/47e413,173028,FRAGGENESCANRS,[],quay.io/biocontainers/frag_gene_scan_rs:1.1.0--h4349ce8_0,ERZ102,EBIMETAGENOMICS:ASSEMBLY_ANALYSIS_PIPELINE:COMBINED_GENE_CALLER:FRAGGENESCANRS (ERZ102),COMPLETED,0,1776023396104,1776023396199,1776023397235,1131,0,104.3,0.1,20426752,26050560,20426752,26050560,458798,367009,275,62,8282112,196608,1,/home/martin/Projects/assembly-analysis-pipeline/work/10/47e4135d79d6f212df44d244bdeab1,"
    zcat ERZ102_filtered_contigs.fasta.gz | FragGeneScanRs \
         \
        --training-file illumina_5 \
        --thread-num 4 \
        --output-prefix ERZ102

    gzip *.{ffn,faa,out,gff}

    cat <<-END_VERSIONS > versions.yml
    ""EBIMETAGENOMICS:ASSEMBLY_ANALYSIS_PIPELINE:COMBINED_GENE_CALLER:FRAGGENESCANRS"":
        FragGeneScanRs: $(FragGeneScanRs --version | sed 's/FragGeneScanRs //')
    END_VERSIONS
    ",,,4,16106127360,,3600000,"PYTHONNOUSERSITE=1
R_PROFILE_USER=/.Rprofile
R_ENVIRON_USER=/.Renviron
JULIA_DEPOT_PATH=/usr/local/share/julia
PATH=$PATH:/home/martin/Projects/assembly-analysis-pipeline/bin
",,10,9,,AMD Ryzen 5 5600X 6-Core Processor
friendly_goodall,ERZ102,40,68/985423,173338,PYRODIGAL,[],quay.io/biocontainers/mulled-v2-2fe9a8ce513c91df34b43a6610df94c3a2eb3bd0:da1134ad604a59a6f439bdcc3f6df690eba47e9a-0,ERZ102,EBIMETAGENOMICS:ASSEMBLY_ANALYSIS_PIPELINE:COMBINED_GENE_CALLER:PYRODIGAL (ERZ102),COMPLETED,0,1776023397239,1776023397335,1776023398674,1435,0,117.8,0.1,16023552,173490176,16023552,240599040,9055465,777352,1026,106,32768000,696320,1,/home/martin/Projects/assembly-analysis-pipeline/work/68/985423f70ad0d1ee715ea82da58521,"
    pigz -cdf ERZ102_filtered_contigs.fasta.gz | pyrodigal \
        -j 4 \
        -p meta \
        -f gff \
        -o ""ERZ102.gff"" \
        -d ERZ102.fna \
        -a ERZ102.faa \
        -s ERZ102.score

    pigz -nmf ERZ102*

    cat <<-END_VERSIONS > versions.yml
    ""EBIMETAGENOMICS:ASSEMBLY_ANALYSIS_PIPELINE:COMBINED_GENE_CALLER:PYRODIGAL"":
        pyrodigal: $(echo $(pyrodigal --version 2>&1 | sed 's/pyrodigal v//'))
    END_VERSIONS
    ",,,4,16106127360,,3600000,"PYTHONNOUSERSITE=1
R_PROFILE_USER=/.Rprofile
R_ENVIRON_USER=/.Renviron
JULIA_DEPOT_PATH=/usr/local/share/julia
PATH=$PATH:/home/martin/Projects/assembly-analysis-pipeline/bin
",,44,5,,AMD Ryzen 5 5600X 6-Core Processor
friendly_goodall,ERZ101,42,03/835eaa,173614,FRAGGENESCANRS,[],quay.io/biocontainers/frag_gene_scan_rs:1.1.0--h4349ce8_0,ERZ101,EBIMETAGENOMICS:ASSEMBLY_ANALYSIS_PIPELINE:COMBINED_GENE_CALLER:FRAGGENESCANRS (ERZ101),COMPLETED,0,1776023398677,1776023398774,1776023399783,1106,0,104.3,0.1,27447296,315564032,27447296,370036736,521899,429616,280,66,0,217088,1,/home/martin/Projects/assembly-analysis-pipeline/work/03/835eaacf0190760135b9f3de8c2317,"
    zcat ERZ101_filtered_contigs.fasta.gz | FragGeneScanRs \
         \
        --training-file illumina_5 \
        --thread-num 4 \
        --output-prefix ERZ101

    gzip *.{ffn,faa,out,gff}

    cat <<-END_VERSIONS > versions.yml
    ""EBIMETAGENOMICS:ASSEMBLY_ANALYSIS_PIPELINE:COMBINED_GENE_CALLER:FRAGGENESCANRS"":
        FragGeneScanRs: $(FragGeneScanRs --version | sed 's/FragGeneScanRs //')
    END_VERSIONS
    ",,,4,16106127360,,3600000,"PYTHONNOUSERSITE=1
R_PROFILE_USER=/.Rprofile
R_ENVIRON_USER=/.Renviron
JULIA_DEPOT_PATH=/usr/local/share/julia
PATH=$PATH:/home/martin/Projects/assembly-analysis-pipeline/bin
",,12,3,,AMD Ryzen 5 5600X 6-Core Processor
friendly_goodall,ERZ101,43,4f/4f6139,173892,PYRODIGAL,[],quay.io/biocontainers/mulled-v2-2fe9a8ce513c91df34b43a6610df94c3a2eb3bd0:da1134ad604a59a6f439bdcc3f6df690eba47e9a-0,ERZ101,EBIMETAGENOMICS:ASSEMBLY_ANALYSIS_PIPELINE:COMBINED_GENE_CALLER:PYRODIGAL (ERZ101),COMPLETED,0,1776023399786,1776023399882,1776023401248,1462,1000,136.2,0.1,18722816,111280128,18722816,169996288,9181021,923756,1030,120,0,831488,1,/home/martin/Projects/assembly-analysis-pipeline/work/4f/4f6139e7a12afafdcc3a3305c05632,"
    pigz -cdf ERZ101_filtered_contigs.fasta.gz | pyrodigal \
        -j 4 \
        -p meta \
        -f gff \
        -o ""ERZ101.gff"" \
        -d ERZ101.fna \
        -a ERZ101.faa \
        -s ERZ101.score

    pigz -nmf ERZ101*

    cat <<-END_VERSIONS > versions.yml
    ""EBIMETAGENOMICS:ASSEMBLY_ANALYSIS_PIPELINE:COMBINED_GENE_CALLER:PYRODIGAL"":
        pyrodigal: $(echo $(pyrodigal --version 2>&1 | sed 's/pyrodigal v//'))
    END_VERSIONS
    ",,,4,16106127360,,3600000,"PYTHONNOUSERSITE=1
R_PROFILE_USER=/.Rprofile
R_ENVIRON_USER=/.Renviron
JULIA_DEPOT_PATH=/usr/local/share/julia
PATH=$PATH:/home/martin/Projects/assembly-analysis-pipeline/bin
",,6,9,,AMD Ryzen 5 5600X 6-Core Processor
friendly_goodall,ERZ102,44,f3/9dca4a,174199,COMBINEDGENECALLER_MERGE,[],quay.io/microbiome-informatics/mgnify-pipelines-toolkit:1.4.17,ERZ102,EBIMETAGENOMICS:ASSEMBLY_ANALYSIS_PIPELINE:COMBINED_GENE_CALLER:COMBINEDGENECALLER_MERGE (ERZ102),COMPLETED,0,1776023401252,1776023401349,1776023402805,1553,389,145.8,0.0,3457024,4616192,3457024,4616192,9615949,453996,1115,56,40226816,487424,1,/home/martin/Projects/assembly-analysis-pipeline/work/f3/9dca4a666098c622dcb71dae0909cd,"
    if [ ""true"" == ""true"" ]; then
        gzip -d -c pyrodigal/ERZ102.gff.gz > pyrodigal/ERZ102.gff
    fi
    if [ ""true"" == ""true"" ]; then
        gzip -d -c pyrodigal/ERZ102.fna.gz > pyrodigal/ERZ102.fna
    fi
    if [ ""true"" == ""true"" ]; then
        gzip -d -c pyrodigal/ERZ102.faa.gz > pyrodigal/ERZ102.faa
    fi
    if [ ""true"" == ""true"" ]; then
        gzip -d -c fgsrs/ERZ102.gff.gz > fgsrs/ERZ102.gff
    fi
    if [ ""true"" == ""true"" ]; then
        gzip -d -c fgsrs/ERZ102.ffn.gz > fgsrs/ERZ102.ffn
    fi
    if [ ""true"" == ""true"" ]; then
        gzip -d -c fgsrs/ERZ102.faa.gz > fgsrs/ERZ102.faa
    fi
    if [[ ""false"" == ""true"" ]]; then
        gunzip ERZ102_concat_SSU_LSU_coords.txt
    fi

    combined_gene_caller_merge \
        --priority Pyrodigal_FragGeneScanRS \
        -n ERZ102 \
        --pyrodigal-gff pyrodigal/ERZ102.gff \
        --pyrodigal-ffn pyrodigal/ERZ102.fna \
        --pyrodigal-faa pyrodigal/ERZ102.faa \
        --fgsrs-gff fgsrs/ERZ102.gff \
        --fgsrs-ffn fgsrs/ERZ102.ffn \
        --fgsrs-faa fgsrs/ERZ102.faa --mask ERZ102_concat_SSU_LSU_coords.txt  \
        --pyrodigal-version 3.6.3  \
        --fgsrs-version 1.1.0 

    gzip -n ERZ102.{faa,ffn,gff}

    cat <<-END_VERSIONS > versions.yml
    ""EBIMETAGENOMICS:ASSEMBLY_ANALYSIS_PIPELINE:COMBINED_GENE_CALLER:COMBINEDGENECALLER_MERGE"":
         mgnify-pipelines-toolkit: $(get_mpt_version)
    END_VERSIONS
    ",,,1,6442450944,,3600000,"PYTHONNOUSERSITE=1
R_PROFILE_USER=/.Rprofile
R_ENVIRON_USER=/.Renviron
JULIA_DEPOT_PATH=/usr/local/share/julia
PATH=$PATH:/home/martin/Projects/assembly-analysis-pipeline/bin
",,6,0,,AMD Ryzen 5 5600X 6-Core Processor
friendly_goodall,ERZ101,45,59/166d15,174218,COMBINEDGENECALLER_MERGE,[],quay.io/microbiome-informatics/mgnify-pipelines-toolkit:1.4.17,ERZ101,EBIMETAGENOMICS:ASSEMBLY_ANALYSIS_PIPELINE:COMBINED_GENE_CALLER:COMBINEDGENECALLER_MERGE (ERZ101),COMPLETED,0,1776023401268,1776023401350,1776023402816,1548,389,161.2,0.0,3465216,4616192,3465216,4616192,9702806,529820,1122,62,44371968,552960,1,/home/martin/Projects/assembly-analysis-pipeline/work/59/166d15cca1f838be3df23f4ebed40d,"
    if [ ""true"" == ""true"" ]; then
        gzip -d -c pyrodigal/ERZ101.gff.gz > pyrodigal/ERZ101.gff
    fi
    if [ ""true"" == ""true"" ]; then
        gzip -d -c pyrodigal/ERZ101.fna.gz > pyrodigal/ERZ101.fna
    fi
    if [ ""true"" == ""true"" ]; then
        gzip -d -c pyrodigal/ERZ101.faa.gz > pyrodigal/ERZ101.faa
    fi
    if [ ""true"" == ""true"" ]; then
        gzip -d -c fgsrs/ERZ101.gff.gz > fgsrs/ERZ101.gff
    fi
    if [ ""true"" == ""true"" ]; then
        gzip -d -c fgsrs/ERZ101.ffn.gz > fgsrs/ERZ101.ffn
    fi
    if [ ""true"" == ""true"" ]; then
        gzip -d -c fgsrs/ERZ101.faa.gz > fgsrs/ERZ101.faa
    fi
    if [[ ""false"" == ""true"" ]]; then
        gunzip ERZ101_concat_SSU_LSU_coords.txt
    fi

    combined_gene_caller_merge \
        --priority Pyrodigal_FragGeneScanRS \
        -n ERZ101 \
        --pyrodigal-gff pyrodigal/ERZ101.gff \
        --pyrodigal-ffn pyrodigal/ERZ101.fna \
        --pyrodigal-faa pyrodigal/ERZ101.faa \
        --fgsrs-gff fgsrs/ERZ101.gff \
        --fgsrs-ffn fgsrs/ERZ101.ffn \
        --fgsrs-faa fgsrs/ERZ101.faa --mask ERZ101_concat_SSU_LSU_coords.txt  \
        --pyrodigal-version 3.6.3  \
        --fgsrs-version 1.1.0 

    gzip -n ERZ101.{faa,ffn,gff}

    cat <<-END_VERSIONS > versions.yml
    ""EBIMETAGENOMICS:ASSEMBLY_ANALYSIS_PIPELINE:COMBINED_GENE_CALLER:COMBINEDGENECALLER_MERGE"":
         mgnify-pipelines-toolkit: $(get_mpt_version)
    END_VERSIONS
    ",,,1,6442450944,,3600000,"PYTHONNOUSERSITE=1
R_PROFILE_USER=/.Rprofile
R_ENVIRON_USER=/.Renviron
JULIA_DEPOT_PATH=/usr/local/share/julia
PATH=$PATH:/home/martin/Projects/assembly-analysis-pipeline/bin
",,5,2,,AMD Ryzen 5 5600X 6-Core Processor
friendly_goodall,ERZ102,46,82/f50ea1,174742,SEQKIT_SPLIT2,[],quay.io/biocontainers/seqkit:2.8.1--h9ee0642_0,ERZ102,EBIMETAGENOMICS:ASSEMBLY_ANALYSIS_PIPELINE:SEQKIT_SPLIT2 (ERZ102),COMPLETED,0,1776023402819,1776023402916,1776023403844,1025,0,100.0,0.0,3313664,4497408,3313664,4497408,106746,29562,188,28,0,24576,1,/home/martin/Projects/assembly-analysis-pipeline/work/82/f50ea103b874807c6606d8d22a1eb2,"
    seqkit \
        split2 \
          --by-size 15000 --by-size-prefix ERZ102_ \
        --threads 4 \
        ERZ102.faa.gz \
        --out-dir ERZ102

    cat <<-END_VERSIONS > versions.yml
    ""EBIMETAGENOMICS:ASSEMBLY_ANALYSIS_PIPELINE:SEQKIT_SPLIT2"":
        seqkit: $(echo $(seqkit 2>&1) | sed 's/^.*Version: //; s/ .*$//')
    END_VERSIONS
    ",,,4,16106127360,,3600000,"PYTHONNOUSERSITE=1
R_PROFILE_USER=/.Rprofile
R_ENVIRON_USER=/.Renviron
JULIA_DEPOT_PATH=/usr/local/share/julia
PATH=$PATH:/home/martin/Projects/assembly-analysis-pipeline/bin
",,1,0,,AMD Ryzen 5 5600X 6-Core Processor
friendly_goodall,ERZ102,48,f1/b016c9,174982,DIAMOND_RHEACHEBI,[],community.wave.seqera.io/library/diamond_mgnify-pipelines-toolkit:d550c08ee965686f,ERZ102,EBIMETAGENOMICS:ASSEMBLY_ANALYSIS_PIPELINE:FUNCTIONAL_ANNOTATION:DIAMOND_RHEACHEBI (ERZ102),COMPLETED,0,1776023403848,1776023403945,1776023405426,1578,659,161.0,0.1,22048768,538812416,22048768,596926464,19073522,38252,1772,24,113524736,45056,1,/home/martin/Projects/assembly-analysis-pipeline/work/f1/b016c971658b654d5834661deb1daf,"
    if [ ""true"" == ""true"" ]; then
        gzip -c -d ERZ102.faa.gz > ERZ102.faa
    fi

    diamond \
        blastp \
        --threads 4 \
        --evalue 1e-10 \
        --query-cover 80 \
        --subject-cover 80 \
        --id 50 \
        -k 0 \
        --db uniref90_rhea.dmnd \
        --query ERZ102.faa.gz \
        --outfmt 6 qseqid sseqid evalue bitscore salltitles | \
    add_rhea_chebi_annotation_patched.py \
        --diamond_hits - \
        --proteins ERZ102.faa \
        --rhea2chebi rheachebi_mapping.tsv \
        --output ERZ102_rhea2proteins.tsv

    cat <<-END_VERSIONS > versions.yml
    ""EBIMETAGENOMICS:ASSEMBLY_ANALYSIS_PIPELINE:FUNCTIONAL_ANNOTATION:DIAMOND_RHEACHEBI"":
        diamond: $(diamond --version 2>&1 | tail -n 1 | sed 's/^diamond version //')
        mgnify-pipelines-toolkit: $(get_mpt_version)
        uniref90rhea database: 2025_11
    END_VERSIONS
    ",,,4,16106127360,,3600000,"PYTHONNOUSERSITE=1
R_PROFILE_USER=/.Rprofile
R_ENVIRON_USER=/.Renviron
JULIA_DEPOT_PATH=/usr/local/share/julia
PATH=$PATH:/home/martin/Projects/assembly-analysis-pipeline/bin
",,43,5,,AMD Ryzen 5 5600X 6-Core Processor
friendly_goodall,ERZ102,47,80/195204,175509,DIAMOND_BLASTP,[],quay.io/biocontainers/diamond:2.1.11--h5ca1c30_0,ERZ102,EBIMETAGENOMICS:ASSEMBLY_ANALYSIS_PIPELINE:CONTIGS_TAXONOMIC_CLASSIFICATION:DIAMOND_BLASTP (ERZ102),COMPLETED,0,1776023405430,1776023405526,1776023406737,1307,0,324.7,0.0,10244096,221810688,10244096,288923648,19749979,312450,317,655,22249472,327680,1,/home/martin/Projects/assembly-analysis-pipeline/work/80/1952045f89735948694c9ea16c3146,"
    diamond \
        blastp \
        --threads 4 \
        --db 2025-03-24_CAT_pack.dmnd \
        --query ERZ102.faa.gz \
        --outfmt 6  \
        --top 11 \
        --out ERZ102.txt

    cat <<-END_VERSIONS > versions.yml
    ""EBIMETAGENOMICS:ASSEMBLY_ANALYSIS_PIPELINE:CONTIGS_TAXONOMIC_CLASSIFICATION:DIAMOND_BLASTP"":
        diamond: $(diamond --version 2>&1 | tail -n 1 | sed 's/^diamond version //')
    END_VERSIONS
    ",,,4,16106127360,,3600000,"PYTHONNOUSERSITE=1
R_PROFILE_USER=/.Rprofile
R_ENVIRON_USER=/.Renviron
JULIA_DEPOT_PATH=/usr/local/share/julia
PATH=$PATH:/home/martin/Projects/assembly-analysis-pipeline/bin
",,10,1,,AMD Ryzen 5 5600X 6-Core Processor
friendly_goodall,ERZ101,51,5f/5caf51,175940,DIAMOND_RHEACHEBI,[],community.wave.seqera.io/library/diamond_mgnify-pipelines-toolkit:d550c08ee965686f,ERZ101,EBIMETAGENOMICS:ASSEMBLY_ANALYSIS_PIPELINE:FUNCTIONAL_ANNOTATION:DIAMOND_RHEACHEBI (ERZ101),COMPLETED,0,1776023406740,1776023406837,1776023408212,1472,432,254.7,0.2,36659200,1890582528,36659200,1890582528,19079971,44868,1773,24,0,49152,1,/home/martin/Projects/assembly-analysis-pipeline/work/5f/5caf51154415286586c73a9aacfea0,"
    if [ ""true"" == ""true"" ]; then
        gzip -c -d ERZ101.faa.gz > ERZ101.faa
    fi

    diamond \
        blastp \
        --threads 4 \
        --evalue 1e-10 \
        --query-cover 80 \
        --subject-cover 80 \
        --id 50 \
        -k 0 \
        --db uniref90_rhea.dmnd \
        --query ERZ101.faa.gz \
        --outfmt 6 qseqid sseqid evalue bitscore salltitles | \
    add_rhea_chebi_annotation_patched.py \
        --diamond_hits - \
        --proteins ERZ101.faa \
        --rhea2chebi rheachebi_mapping.tsv \
        --output ERZ101_rhea2proteins.tsv

    cat <<-END_VERSIONS > versions.yml
    ""EBIMETAGENOMICS:ASSEMBLY_ANALYSIS_PIPELINE:FUNCTIONAL_ANNOTATION:DIAMOND_RHEACHEBI"":
        diamond: $(diamond --version 2>&1 | tail -n 1 | sed 's/^diamond version //')
        mgnify-pipelines-toolkit: $(get_mpt_version)
        uniref90rhea database: 2025_11
    END_VERSIONS
    ",,,4,16106127360,,3600000,"PYTHONNOUSERSITE=1
R_PROFILE_USER=/.Rprofile
R_ENVIRON_USER=/.Renviron
JULIA_DEPOT_PATH=/usr/local/share/julia
PATH=$PATH:/home/martin/Projects/assembly-analysis-pipeline/bin
",,101,11,,AMD Ryzen 5 5600X 6-Core Processor
friendly_goodall,ERZ101,49,08/4e759a,176436,SEQKIT_SPLIT2,[],quay.io/biocontainers/seqkit:2.8.1--h9ee0642_0,ERZ101,EBIMETAGENOMICS:ASSEMBLY_ANALYSIS_PIPELINE:SEQKIT_SPLIT2 (ERZ101),COMPLETED,0,1776023408215,1776023408313,1776023409241,1026,0,133.3,0.0,3321856,4497408,3321856,4497408,106665,29497,188,28,0,24576,1,/home/martin/Projects/assembly-analysis-pipeline/work/08/4e759a1a7c73851d9525bc2a4c1d3d,"
    seqkit \
        split2 \
          --by-size 15000 --by-size-prefix ERZ101_ \
        --threads 4 \
        ERZ101.faa.gz \
        --out-dir ERZ101

    cat <<-END_VERSIONS > versions.yml
    ""EBIMETAGENOMICS:ASSEMBLY_ANALYSIS_PIPELINE:SEQKIT_SPLIT2"":
        seqkit: $(echo $(seqkit 2>&1) | sed 's/^.*Version: //; s/ .*$//')
    END_VERSIONS
    ",,,4,16106127360,,3600000,"PYTHONNOUSERSITE=1
R_PROFILE_USER=/.Rprofile
R_ENVIRON_USER=/.Renviron
JULIA_DEPOT_PATH=/usr/local/share/julia
PATH=$PATH:/home/martin/Projects/assembly-analysis-pipeline/bin
",,1,0,,AMD Ryzen 5 5600X 6-Core Processor
friendly_goodall,ERZ101,50,7d/bf3c86,176669,DIAMOND_BLASTP,[],quay.io/biocontainers/diamond:2.1.11--h5ca1c30_0,ERZ101,EBIMETAGENOMICS:ASSEMBLY_ANALYSIS_PIPELINE:CONTIGS_TAXONOMIC_CLASSIFICATION:DIAMOND_BLASTP (ERZ101),COMPLETED,0,1776023409245,1776023409341,1776023410590,1345,0,336.2,0.1,19750912,730353664,19750912,795017216,20042258,612954,321,656,233472,634880,1,/home/martin/Projects/assembly-analysis-pipeline/work/7d/bf3c86b054ee63ecfdcbf6e192a7ca,"
    diamond \
        blastp \
        --threads 4 \
        --db 2025-03-24_CAT_pack.dmnd \
        --query ERZ101.faa.gz \
        --outfmt 6  \
        --top 11 \
        --out ERZ101.txt

    cat <<-END_VERSIONS > versions.yml
    ""EBIMETAGENOMICS:ASSEMBLY_ANALYSIS_PIPELINE:CONTIGS_TAXONOMIC_CLASSIFICATION:DIAMOND_BLASTP"":
        diamond: $(diamond --version 2>&1 | tail -n 1 | sed 's/^diamond version //')
    END_VERSIONS
    ",,,4,16106127360,,3600000,"PYTHONNOUSERSITE=1
R_PROFILE_USER=/.Rprofile
R_ENVIRON_USER=/.Renviron
JULIA_DEPOT_PATH=/usr/local/share/julia
PATH=$PATH:/home/martin/Projects/assembly-analysis-pipeline/bin
",,9,2,,AMD Ryzen 5 5600X 6-Core Processor
friendly_goodall,ERZ102,52,b9/56c7b9,177097,EGGNOGMAPPER_ORTHOLOGS,[],quay.io/biocontainers/eggnog-mapper:2.1.12--pyhdfd78af_0,ERZ102,EBIMETAGENOMICS:ASSEMBLY_ANALYSIS_PIPELINE:FUNCTIONAL_ANNOTATION:EGGNOGMAPPER_ORTHOLOGS (ERZ102),COMPLETED,0,1776023410595,1776023410690,1776023412303,1708,679,93.2,0.1,14131200,26386432,14131200,26443776,13576459,71651,4054,5000,43905024,102400,1,/home/martin/Projects/assembly-analysis-pipeline/work/b9/56c7b97b3b9e67e12bfbdf14695349,"
    if [ ""true"" == ""true"" ]; then
        gzip -c -d ERZ102_001.faa.gz > ERZ102_001.faa
    fi

    emapper.py \
        --no_file_comments --no_annot \
        -i ERZ102_001.faa \
        --database eggnog.db \
        --dmnd_db eggnog_proteins.dmnd \
         \
        --cpu 4 \
        --data_dir eggnog_mapper \
        --output ERZ102_001

    cat <<-END_VERSIONS > versions.yml
    ""EBIMETAGENOMICS:ASSEMBLY_ANALYSIS_PIPELINE:FUNCTIONAL_ANNOTATION:EGGNOGMAPPER_ORTHOLOGS"":
        eggnog-mapper: $(echo $(emapper.py --version) | grep -o ""emapper-[0-9]\+\.[0-9]\+\.[0-9]\+"" | sed ""s/emapper-//"")
        eggnog-mapper database: 5.0.2
    END_VERSIONS
    ",,,4,16106127360,,3600000,"PYTHONNOUSERSITE=1
R_PROFILE_USER=/.Rprofile
R_ENVIRON_USER=/.Renviron
JULIA_DEPOT_PATH=/usr/local/share/julia
PATH=$PATH:/home/martin/Projects/assembly-analysis-pipeline/bin
",,27,6,,AMD Ryzen 5 5600X 6-Core Processor
friendly_goodall,ERZ102,53,f5/373bc5,179361,INTERPROSCAN,[],quay.io/microbiome-informatics/interproscan:5.76-107.0_patch1,ERZ102,EBIMETAGENOMICS:ASSEMBLY_ANALYSIS_PIPELINE:FUNCTIONAL_ANNOTATION:INTERPROSCAN (ERZ102),COMPLETED,0,1776023412309,1776023412404,1776023492067,79758,78555,85.1,16.0,2672205824,9881370624,2673127424,9881645056,324667136,7163521,85354,4136,335880192,3350528,1,/home/martin/Projects/assembly-analysis-pipeline/work/f5/373bc5d2926a2469bfd8b64c66d000,"
    if [ ""true"" == ""true"" ]; then
        gzip -c -d ERZ102_001.faa.gz > ERZ102_001.faa
    fi

    # Set the max memory for the JVM
    export JAVA_OPTS=""-Xmx15G""

    # -dp (disable precalculation) is on so no online dependency
    interproscan.sh \
        -cpu 4 \
        -i ERZ102_001.faa \
        -dp \
        --iprlookup --goterms --pathways --applications TIGRFAM,SFLD,SUPERFAMILY,GENE3D,HAMAP,COILS,CDD,PRINTS,PIRSF,PROSITEPROFILES,PROSITEPATTERNS,PFAM,MOBIDBLITE,SMART \
        --output-file-base ERZ102_001

    gzip ERZ102_001.{tsv,xml,gff3,json}

    cat <<-END_VERSIONS > versions.yml
    ""EBIMETAGENOMICS:ASSEMBLY_ANALYSIS_PIPELINE:FUNCTIONAL_ANNOTATION:INTERPROSCAN"":
        InterProScan: $(interproscan.sh --version | grep -o ""InterProScan version [0-9.-]*"" | sed ""s/InterProScan version //"")
        InterProScan database: 5.76-107.0
    END_VERSIONS
    ",,,4,16106127360,,3600000,"PYTHONNOUSERSITE=1
R_PROFILE_USER=/.Rprofile
R_ENVIRON_USER=/.Renviron
JULIA_DEPOT_PATH=/usr/local/share/julia
PATH=$PATH:/home/martin/Projects/assembly-analysis-pipeline/bin
",,2122,36,,AMD Ryzen 5 5600X 6-Core Processor
friendly_goodall,ERZ102,55,26/c0d153,183375,HMMSEARCH_KOFAMS,[],quay.io/biocontainers/hmmer:3.4--hdbdd923_1,ERZ102,EBIMETAGENOMICS:ASSEMBLY_ANALYSIS_PIPELINE:FUNCTIONAL_ANNOTATION:HMMSEARCH_KOFAMS (ERZ102),COMPLETED,0,1776023492071,1776023492167,1776023493148,1077,0,129.7,0.0,3325952,4497408,3325952,4497408,375992,53580,305,27,823296,73728,1,/home/martin/Projects/assembly-analysis-pipeline/work/26/c0d153a17edfd71553f7405f0ef13e,"
    gunzip ERZ102_001.faa.gz

    hmmsearch \
        --noali \
        --cpu 4 \
        -o ERZ102_001.txt \
         \
        --tblout ERZ102_001.tbl \
        --domtblout ERZ102_001.domtbl \
        kofam_profiles_mini.hmm \
        ERZ102_001.faa

    gzip --no-name *.txt \
         \
        *.tbl \
        *.domtbl

    cat <<-END_VERSIONS > versions.yml
    ""EBIMETAGENOMICS:ASSEMBLY_ANALYSIS_PIPELINE:FUNCTIONAL_ANNOTATION:HMMSEARCH_KOFAMS"":
        hmmer: $(hmmsearch -h | grep -o '^# HMMER [0-9.]*' | sed 's/^# HMMER *//')
        kofam version: 2025_03
    END_VERSIONS
    ",,,4,16106127360,,3600000,"PYTHONNOUSERSITE=1
R_PROFILE_USER=/.Rprofile
R_ENVIRON_USER=/.Renviron
JULIA_DEPOT_PATH=/usr/local/share/julia
PATH=$PATH:/home/martin/Projects/assembly-analysis-pipeline/bin
",,2,1,,AMD Ryzen 5 5600X 6-Core Processor
friendly_goodall,ERZ102,54,c8/14b60e,183629,DBCAN,[],quay.io/biocontainers/dbcan:5.1.2--pyhdfd78af_0,ERZ102,EBIMETAGENOMICS:ASSEMBLY_ANALYSIS_PIPELINE:FUNCTIONAL_ANNOTATION:DBCAN (ERZ102),COMPLETED,0,1776023493152,1776023493248,1776023496083,2931,1000,124.5,0.8,130703360,1896833024,130703360,1896833024,34150727,196408,4936,205,151724032,339968,1,/home/martin/Projects/assembly-analysis-pipeline/work/c8/14b60e35fff516f4645b777bc6d20b,"
    if [ ""true"" == ""true"" ]; then
        gzip -c -d ERZ102_001.faa.gz > ERZ102_001.faa
    fi

    if [ ""true"" == ""true"" ]; then
        gzip -c -d ERZ102.gff.gz > ERZ102.gff
    fi

    # Filter GFF to only include sequences present in the proteins FASTA file
    filter_gff_by_fasta_sequences.py ERZ102_001.faa ERZ102.gff ERZ102.gff.filtered.gff

    run_dbcan \
        easy_substrate \
         \
        --threads 4 \
        --db_dir dbcan_db \
        --output_dir results \
        --input_raw_data ERZ102_001.faa \
        --gff_type prodigal \
        --input_gff ERZ102.gff.filtered.gff \
        --mode protein

    # Bulk rename of the results, dbcan doesn't have a prefix parameter
    find results -type f | while read -r file; do
        mv ""$file"" ""$(dirname ""$file"")/ERZ102_001_$(basename ""$file"" | tr [:upper:] [:lower:])""
    done

    ##########################################################################
    # run_dbcan will produce a broken tsv if there are no results to process #
    ##########################################################################
    # The chain of warnings and errors are:
    #######################################################################
    # WARNING - No dbCAN-sub results to process
    # INFO    - Found dbcan_hmm results at results/dbCAN_hmm_results.tsv
    # ERROR   - Error loading diamond results: No columns to parse from file
    # WARNING - Missing columns in results/dbCANsub_hmm_results.tsv. Expected:
    # 'Target Name'
    # 'Subfam Name'
    # 'Subfam EC'
    # 'Target From'
    # 'Target To'
    # 'i-Evalue'
    # 
    # Found:
    # 'HMM Name'
    # 'HMM Length'
    # 'Target Name'
    # 'Target Length'
    # 'i-Evalue'
    # 'HMM From'
    # 'HMM To'
    # 'Target From'
    # 'Target To'
    # 'Coverage'
    # 'HMM File Name'
    
    # To handle this, if there is only one line in the tsv we override with all the column headers
    if [[ $(wc -l < ""results/ERZ102_001_dbcansub_hmm_results.tsv"") -eq 1 ]]; then
        # I'm moving the file as otherwise I was getting a random 'cannot overwrite existing file' error
        # also, I'm not removing this file because in nfs and such systems this could be problematic as
        # there is a significant delay, so mv the file makes it easier. The cost of this is just an extra file
        # that will be deleted when the pipeline finished.
        mv results/ERZ102_001_dbcansub_hmm_results.tsv results/ERZ102_001_dbcansub_hmm_results.tsv_broken_headers
        echo ""Subfam Name	Subfam Composition	Subfam EC	Substrate	HMM Length	Target Name	Target Length	i-Evalue	HMM From	HMM To	Target From	Target To	Coverage	HMM File Name"" > results/ERZ102_001_dbcansub_hmm_results.tsv
    fi
    #######################################################################

    gzip results/*.*

    cat <<-END_VERSIONS > versions.yml
    ""EBIMETAGENOMICS:ASSEMBLY_ANALYSIS_PIPELINE:FUNCTIONAL_ANNOTATION:DBCAN"":
        dbcan: $(run_dbcan version | sed ""s/dbCAN version: //"")
        dbcan_db: ""4.1.4-V13""
    END_VERSIONS
    ",,,4,12884901888,,3600000,"PYTHONNOUSERSITE=1
R_PROFILE_USER=/.Rprofile
R_ENVIRON_USER=/.Renviron
JULIA_DEPOT_PATH=/usr/local/share/julia
PATH=$PATH:/home/martin/Projects/assembly-analysis-pipeline/bin
",,918,89,,AMD Ryzen 5 5600X 6-Core Processor
friendly_goodall,ERZ102,56,ba/436da3,184893,TABIX_BGZIP_RHEAANDCHEBI,[],quay.io/biocontainers/htslib:1.20--h5efdd21_2,ERZ102,EBIMETAGENOMICS:ASSEMBLY_ANALYSIS_PIPELINE:FUNCTIONAL_ANNOTATION:TABIX_BGZIP_RHEAANDCHEBI (ERZ102),COMPLETED,0,1776023496086,1776023496183,1776023497173,1087,0,63.2,0.0,3383296,4497408,3383296,4497408,99587,3265,219,48,4096,12288,1,/home/martin/Projects/assembly-analysis-pipeline/work/ba/436da3c07d7ce965292250e08f121c,"
    bgzip  -c --index --index-name ERZ102_proteins2rhea.tsv.gz.gzi -@1 ERZ102_rhea2proteins.tsv > ERZ102_proteins2rhea.tsv.gz

    cat <<-END_VERSIONS > versions.yml
    ""EBIMETAGENOMICS:ASSEMBLY_ANALYSIS_PIPELINE:FUNCTIONAL_ANNOTATION:TABIX_BGZIP_RHEAANDCHEBI"":
        tabix: $(echo $(tabix -h 2>&1) | sed 's/^.*Version: //; s/ .*$//')
    END_VERSIONS
    ",,,1,6442450944,,3600000,"PYTHONNOUSERSITE=1
R_PROFILE_USER=/.Rprofile
R_ENVIRON_USER=/.Renviron
JULIA_DEPOT_PATH=/usr/local/share/julia
PATH=$PATH:/home/martin/Projects/assembly-analysis-pipeline/bin
",,1,0,,AMD Ryzen 5 5600X 6-Core Processor
friendly_goodall,ERZ101,58,e7/08b3d9,184897,TABIX_BGZIP_RHEAANDCHEBI,[],quay.io/biocontainers/htslib:1.20--h5efdd21_2,ERZ101,EBIMETAGENOMICS:ASSEMBLY_ANALYSIS_PIPELINE:FUNCTIONAL_ANNOTATION:TABIX_BGZIP_RHEAANDCHEBI (ERZ101),COMPLETED,0,1776023496090,1776023496184,1776023497164,1074,0,100.0,0.0,3338240,4497408,3338240,4497408,99604,3278,234,48,2637824,12288,1,/home/martin/Projects/assembly-analysis-pipeline/work/e7/08b3d9ef269fcc1058a5b480dbbd21,"
    bgzip  -c --index --index-name ERZ101_proteins2rhea.tsv.gz.gzi -@1 ERZ101_rhea2proteins.tsv > ERZ101_proteins2rhea.tsv.gz

    cat <<-END_VERSIONS > versions.yml
    ""EBIMETAGENOMICS:ASSEMBLY_ANALYSIS_PIPELINE:FUNCTIONAL_ANNOTATION:TABIX_BGZIP_RHEAANDCHEBI"":
        tabix: $(echo $(tabix -h 2>&1) | sed 's/^.*Version: //; s/ .*$//')
    END_VERSIONS
    ",,,1,6442450944,,3600000,"PYTHONNOUSERSITE=1
R_PROFILE_USER=/.Rprofile
R_ENVIRON_USER=/.Renviron
JULIA_DEPOT_PATH=/usr/local/share/julia
PATH=$PATH:/home/martin/Projects/assembly-analysis-pipeline/bin
",,1,4,,AMD Ryzen 5 5600X 6-Core Processor
friendly_goodall,ERZ102,57,fe/97e850,185329,CATPACK_CONTIGS,[],quay.io/biocontainers/cat:6.0.1--hdfd78af_1,ERZ102,EBIMETAGENOMICS:ASSEMBLY_ANALYSIS_PIPELINE:CONTIGS_TAXONOMIC_CLASSIFICATION:CATPACK_CONTIGS (ERZ102),COMPLETED,0,1776023497176,1776023497273,1776023498695,1519,0,89.4,0.0,3289088,4497408,3289088,4497408,8083427,142056,946,41,26460160,159744,1,/home/martin/Projects/assembly-analysis-pipeline/work/fe/97e85014ac042334cbfa290c344c6b,"
    gunzip ERZ102_filtered_contigs.fasta.gz
    gunzip ERZ102.faa.gz

    CAT_pack contigs \
        --nproc 4 \
        --contigs_fasta ERZ102_filtered_contigs.fasta \
        --database_folder db \
        --taxonomy_folder tax \
        --out_prefix ERZ102 \
        --proteins_fasta ERZ102.faa \
        --diamond_alignment ERZ102.txt \
        

    gzip ERZ102.contig2classification.txt

    cat <<-END_VERSIONS > versions.yml
    ""EBIMETAGENOMICS:ASSEMBLY_ANALYSIS_PIPELINE:CONTIGS_TAXONOMIC_CLASSIFICATION:CATPACK_CONTIGS"":
        catpack: $(CAT_pack --version | sed 's/CAT_pack pack v//g;s/ .*//g')
        catpack database: 2025_01
    END_VERSIONS
    ",,,4,16106127360,,3600000,"PYTHONNOUSERSITE=1
R_PROFILE_USER=/.Rprofile
R_ENVIRON_USER=/.Renviron
JULIA_DEPOT_PATH=/usr/local/share/julia
PATH=$PATH:/home/martin/Projects/assembly-analysis-pipeline/bin
",,2,0,,AMD Ryzen 5 5600X 6-Core Processor
friendly_goodall,ERZ101,59,94/e48dca,185564,INTERPROSCAN,[],quay.io/microbiome-informatics/interproscan:5.76-107.0_patch1,ERZ101,EBIMETAGENOMICS:ASSEMBLY_ANALYSIS_PIPELINE:FUNCTIONAL_ANNOTATION:INTERPROSCAN (ERZ101),COMPLETED,0,1776023498699,1776023498795,1776023574149,75450,74387,99.3,15.4,2575785984,9588211712,2578821120,9588383744,314725730,7041573,82264,3896,93388800,3272704,1,/home/martin/Projects/assembly-analysis-pipeline/work/94/e48dca4f580391fa33b45373d08259,"
    if [ ""true"" == ""true"" ]; then
        gzip -c -d ERZ101_001.faa.gz > ERZ101_001.faa
    fi

    # Set the max memory for the JVM
    export JAVA_OPTS=""-Xmx15G""

    # -dp (disable precalculation) is on so no online dependency
    interproscan.sh \
        -cpu 4 \
        -i ERZ101_001.faa \
        -dp \
        --iprlookup --goterms --pathways --applications TIGRFAM,SFLD,SUPERFAMILY,GENE3D,HAMAP,COILS,CDD,PRINTS,PIRSF,PROSITEPROFILES,PROSITEPATTERNS,PFAM,MOBIDBLITE,SMART \
        --output-file-base ERZ101_001

    gzip ERZ101_001.{tsv,xml,gff3,json}

    cat <<-END_VERSIONS > versions.yml
    ""EBIMETAGENOMICS:ASSEMBLY_ANALYSIS_PIPELINE:FUNCTIONAL_ANNOTATION:INTERPROSCAN"":
        InterProScan: $(interproscan.sh --version | grep -o ""InterProScan version [0-9.-]*"" | sed ""s/InterProScan version //"")
        InterProScan database: 5.76-107.0
    END_VERSIONS
    ",,,4,16106127360,,3600000,"PYTHONNOUSERSITE=1
R_PROFILE_USER=/.Rprofile
R_ENVIRON_USER=/.Renviron
JULIA_DEPOT_PATH=/usr/local/share/julia
PATH=$PATH:/home/martin/Projects/assembly-analysis-pipeline/bin
",,2275,55,,AMD Ryzen 5 5600X 6-Core Processor
friendly_goodall,ERZ101,62,8a/e68e04,189284,HMMSEARCH_KOFAMS,[],quay.io/biocontainers/hmmer:3.4--hdbdd923_1,ERZ101,EBIMETAGENOMICS:ASSEMBLY_ANALYSIS_PIPELINE:FUNCTIONAL_ANNOTATION:HMMSEARCH_KOFAMS (ERZ101),COMPLETED,0,1776023574152,1776023574249,1776023575207,1055,0,94.7,0.0,3387392,4497408,3387392,4497408,382553,60213,306,27,823296,77824,1,/home/martin/Projects/assembly-analysis-pipeline/work/8a/e68e04cbadf67305081fda4eccb64e,"
    gunzip ERZ101_001.faa.gz

    hmmsearch \
        --noali \
        --cpu 4 \
        -o ERZ101_001.txt \
         \
        --tblout ERZ101_001.tbl \
        --domtblout ERZ101_001.domtbl \
        kofam_profiles_mini.hmm \
        ERZ101_001.faa

    gzip --no-name *.txt \
         \
        *.tbl \
        *.domtbl

    cat <<-END_VERSIONS > versions.yml
    ""EBIMETAGENOMICS:ASSEMBLY_ANALYSIS_PIPELINE:FUNCTIONAL_ANNOTATION:HMMSEARCH_KOFAMS"":
        hmmer: $(hmmsearch -h | grep -o '^# HMMER [0-9.]*' | sed 's/^# HMMER *//')
        kofam version: 2025_03
    END_VERSIONS
    ",,,4,16106127360,,3600000,"PYTHONNOUSERSITE=1
R_PROFILE_USER=/.Rprofile
R_ENVIRON_USER=/.Renviron
JULIA_DEPOT_PATH=/usr/local/share/julia
PATH=$PATH:/home/martin/Projects/assembly-analysis-pipeline/bin
",,2,0,,AMD Ryzen 5 5600X 6-Core Processor
friendly_goodall,ERZ101,61,98/d4ec77,189537,DBCAN,[],quay.io/biocontainers/dbcan:5.1.2--pyhdfd78af_0,ERZ101,EBIMETAGENOMICS:ASSEMBLY_ANALYSIS_PIPELINE:FUNCTIONAL_ANNOTATION:DBCAN (ERZ101),COMPLETED,0,1776023575211,1776023575307,1776023577899,2688,1000,140.6,0.8,133328896,1899712512,133328896,1899712512,34236425,219010,4946,208,46796800,356352,1,/home/martin/Projects/assembly-analysis-pipeline/work/98/d4ec7761eb03f91d52586722a3b970,"
    if [ ""true"" == ""true"" ]; then
        gzip -c -d ERZ101_001.faa.gz > ERZ101_001.faa
    fi

    if [ ""true"" == ""true"" ]; then
        gzip -c -d ERZ101.gff.gz > ERZ101.gff
    fi

    # Filter GFF to only include sequences present in the proteins FASTA file
    filter_gff_by_fasta_sequences.py ERZ101_001.faa ERZ101.gff ERZ101.gff.filtered.gff

    run_dbcan \
        easy_substrate \
         \
        --threads 4 \
        --db_dir dbcan_db \
        --output_dir results \
        --input_raw_data ERZ101_001.faa \
        --gff_type prodigal \
        --input_gff ERZ101.gff.filtered.gff \
        --mode protein

    # Bulk rename of the results, dbcan doesn't have a prefix parameter
    find results -type f | while read -r file; do
        mv ""$file"" ""$(dirname ""$file"")/ERZ101_001_$(basename ""$file"" | tr [:upper:] [:lower:])""
    done

    ##########################################################################
    # run_dbcan will produce a broken tsv if there are no results to process #
    ##########################################################################
    # The chain of warnings and errors are:
    #######################################################################
    # WARNING - No dbCAN-sub results to process
    # INFO    - Found dbcan_hmm results at results/dbCAN_hmm_results.tsv
    # ERROR   - Error loading diamond results: No columns to parse from file
    # WARNING - Missing columns in results/dbCANsub_hmm_results.tsv. Expected:
    # 'Target Name'
    # 'Subfam Name'
    # 'Subfam EC'
    # 'Target From'
    # 'Target To'
    # 'i-Evalue'
    # 
    # Found:
    # 'HMM Name'
    # 'HMM Length'
    # 'Target Name'
    # 'Target Length'
    # 'i-Evalue'
    # 'HMM From'
    # 'HMM To'
    # 'Target From'
    # 'Target To'
    # 'Coverage'
    # 'HMM File Name'
    
    # To handle this, if there is only one line in the tsv we override with all the column headers
    if [[ $(wc -l < ""results/ERZ101_001_dbcansub_hmm_results.tsv"") -eq 1 ]]; then
        # I'm moving the file as otherwise I was getting a random 'cannot overwrite existing file' error
        # also, I'm not removing this file because in nfs and such systems this could be problematic as
        # there is a significant delay, so mv the file makes it easier. The cost of this is just an extra file
        # that will be deleted when the pipeline finished.
        mv results/ERZ101_001_dbcansub_hmm_results.tsv results/ERZ101_001_dbcansub_hmm_results.tsv_broken_headers
        echo ""Subfam Name	Subfam Composition	Subfam EC	Substrate	HMM Length	Target Name	Target Length	i-Evalue	HMM From	HMM To	Target From	Target To	Coverage	HMM File Name"" > results/ERZ101_001_dbcansub_hmm_results.tsv
    fi
    #######################################################################

    gzip results/*.*

    cat <<-END_VERSIONS > versions.yml
    ""EBIMETAGENOMICS:ASSEMBLY_ANALYSIS_PIPELINE:FUNCTIONAL_ANNOTATION:DBCAN"":
        dbcan: $(run_dbcan version | sed ""s/dbCAN version: //"")
        dbcan_db: ""4.1.4-V13""
    END_VERSIONS
    ",,,4,12884901888,,3600000,"PYTHONNOUSERSITE=1
R_PROFILE_USER=/.Rprofile
R_ENVIRON_USER=/.Renviron
JULIA_DEPOT_PATH=/usr/local/share/julia
PATH=$PATH:/home/martin/Projects/assembly-analysis-pipeline/bin
",,334,124,,AMD Ryzen 5 5600X 6-Core Processor
friendly_goodall,ERZ101,60,ee/72340e,190818,EGGNOGMAPPER_ORTHOLOGS,[],quay.io/biocontainers/eggnog-mapper:2.1.12--pyhdfd78af_0,ERZ101,EBIMETAGENOMICS:ASSEMBLY_ANALYSIS_PIPELINE:FUNCTIONAL_ANNOTATION:EGGNOGMAPPER_ORTHOLOGS (ERZ101),COMPLETED,0,1776023577902,1776023577999,1776023579645,1743,682,90.4,0.1,13914112,26386432,13914112,26443776,13583073,78275,4165,5000,50077696,106496,1,/home/martin/Projects/assembly-analysis-pipeline/work/ee/72340e9616fbb238a53090a7806c4b,"
    if [ ""true"" == ""true"" ]; then
        gzip -c -d ERZ101_001.faa.gz > ERZ101_001.faa
    fi

    emapper.py \
        --no_file_comments --no_annot \
        -i ERZ101_001.faa \
        --database eggnog.db \
        --dmnd_db eggnog_proteins.dmnd \
         \
        --cpu 4 \
        --data_dir eggnog_mapper \
        --output ERZ101_001

    cat <<-END_VERSIONS > versions.yml
    ""EBIMETAGENOMICS:ASSEMBLY_ANALYSIS_PIPELINE:FUNCTIONAL_ANNOTATION:EGGNOGMAPPER_ORTHOLOGS"":
        eggnog-mapper: $(echo $(emapper.py --version) | grep -o ""emapper-[0-9]\+\.[0-9]\+\.[0-9]\+"" | sed ""s/emapper-//"")
        eggnog-mapper database: 5.0.2
    END_VERSIONS
    ",,,4,16106127360,,3600000,"PYTHONNOUSERSITE=1
R_PROFILE_USER=/.Rprofile
R_ENVIRON_USER=/.Renviron
JULIA_DEPOT_PATH=/usr/local/share/julia
PATH=$PATH:/home/martin/Projects/assembly-analysis-pipeline/bin
",,23,7,,AMD Ryzen 5 5600X 6-Core Processor
friendly_goodall,ERZ101,63,0b/8ce6db,193165,CATPACK_CONTIGS,[],quay.io/biocontainers/cat:6.0.1--hdfd78af_1,ERZ101,EBIMETAGENOMICS:ASSEMBLY_ANALYSIS_PIPELINE:CONTIGS_TAXONOMIC_CLASSIFICATION:CATPACK_CONTIGS (ERZ101),COMPLETED,0,1776023579648,1776023579745,1776023581111,1463,0,98.4,0.0,3375104,4497408,3375104,4497408,8121175,167586,951,41,8724480,184320,1,/home/martin/Projects/assembly-analysis-pipeline/work/0b/8ce6db52a863b076a58c9d766b65be,"
    gunzip ERZ101_filtered_contigs.fasta.gz
    gunzip ERZ101.faa.gz

    CAT_pack contigs \
        --nproc 4 \
        --contigs_fasta ERZ101_filtered_contigs.fasta \
        --database_folder db \
        --taxonomy_folder tax \
        --out_prefix ERZ101 \
        --proteins_fasta ERZ101.faa \
        --diamond_alignment ERZ101.txt \
        

    gzip ERZ101.contig2classification.txt

    cat <<-END_VERSIONS > versions.yml
    ""EBIMETAGENOMICS:ASSEMBLY_ANALYSIS_PIPELINE:CONTIGS_TAXONOMIC_CLASSIFICATION:CATPACK_CONTIGS"":
        catpack: $(CAT_pack --version | sed 's/CAT_pack pack v//g;s/ .*//g')
        catpack database: 2025_01
    END_VERSIONS
    ",,,4,16106127360,,3600000,"PYTHONNOUSERSITE=1
R_PROFILE_USER=/.Rprofile
R_ENVIRON_USER=/.Renviron
JULIA_DEPOT_PATH=/usr/local/share/julia
PATH=$PATH:/home/martin/Projects/assembly-analysis-pipeline/bin
",,2,1,,AMD Ryzen 5 5600X 6-Core Processor
friendly_goodall,ERZ102,64,1d/a6d04e,193398,EGGNOGMAPPER_ANNOTATIONS,[],quay.io/biocontainers/eggnog-mapper:2.1.12--pyhdfd78af_0,ERZ102,EBIMETAGENOMICS:ASSEMBLY_ANALYSIS_PIPELINE:FUNCTIONAL_ANNOTATION:EGGNOGMAPPER_ANNOTATIONS (ERZ102),COMPLETED,0,1776023581114,1776023581212,1776023582877,1763,731,199.8,0.1,14688256,27607040,14688256,27619328,40869955,20355,4730,98,417792,12288,1,/home/martin/Projects/assembly-analysis-pipeline/work/1d/a6d04e10898646130e7869aad8ab67,"
    # The --override option is used to prevent this process from failing on retries
    emapper.py \
        --no_file_comments \
        --cpu 4  \
        --data_dir eggnog_mapper \
        --annotate_hits_table ERZ102_001.emapper.seed_orthologs \
        --override \
        --output ERZ102_001_annotations

    cat <<-END_VERSIONS > versions.yml
    ""EBIMETAGENOMICS:ASSEMBLY_ANALYSIS_PIPELINE:FUNCTIONAL_ANNOTATION:EGGNOGMAPPER_ANNOTATIONS"":
        eggnog-mapper: $(echo $(emapper.py --version) | grep -o ""emapper-[0-9]\+\.[0-9]\+\.[0-9]\+"" | sed ""s/emapper-//"")
        eggnog-mapper database: 5.0.2
    END_VERSIONS
    ",,,4,16106127360,,3600000,"PYTHONNOUSERSITE=1
R_PROFILE_USER=/.Rprofile
R_ENVIRON_USER=/.Renviron
JULIA_DEPOT_PATH=/usr/local/share/julia
PATH=$PATH:/home/martin/Projects/assembly-analysis-pipeline/bin
",,1,5,,AMD Ryzen 5 5600X 6-Core Processor
friendly_goodall,ERZ102,65,41/99ee70,193669,SEQKIT_FIX,[],quay.io/biocontainers/csvtk:0.31.0--h9ee0642_0,ERZ102,EBIMETAGENOMICS:ASSEMBLY_ANALYSIS_PIPELINE:FUNCTIONAL_ANNOTATION:SEQKIT_FIX (ERZ102),COMPLETED,0,1776023582880,1776023582977,1776023583936,1056,0,54.5,0.0,8740864,1280376832,8740864,1280376832,77066,758,185,20,22896640,8192,1,/home/martin/Projects/assembly-analysis-pipeline/work/41/99ee7093ba09e25bb26cb1b6cda07f,"
    csvtk fix --tabs ERZ102_001_dbcansub_hmm_results.tsv.gz > ERZ102.tsv.gz

    cat <<-END_VERSIONS > versions.yml
    ""EBIMETAGENOMICS:ASSEMBLY_ANALYSIS_PIPELINE:FUNCTIONAL_ANNOTATION:SEQKIT_FIX"":
        csvtk: $(echo $( csvtk version | sed -e ""s/csvtk v//g"" ))
    END_VERSIONS
    ",,,2,12884901888,,3600000,"PYTHONNOUSERSITE=1
R_PROFILE_USER=/.Rprofile
R_ENVIRON_USER=/.Renviron
JULIA_DEPOT_PATH=/usr/local/share/julia
PATH=$PATH:/home/martin/Projects/assembly-analysis-pipeline/bin
",,11,4,,AMD Ryzen 5 5600X 6-Core Processor
friendly_goodall,ERZ102,66,82/256d62,193898,MGNIFYPIPELINESTOOLKIT_KRONATXTFROMCATCLASSIFICATION,[],quay.io/microbiome-informatics/mgnify-pipelines-toolkit:1.4.14,ERZ102,EBIMETAGENOMICS:ASSEMBLY_ANALYSIS_PIPELINE:CONTIGS_TAXONOMIC_CLASSIFICATION:MGNIFYPIPELINESTOOLKIT_KRONATXTFROMCATCLASSIFICATION (ERZ102),COMPLETED,0,1776023583939,1776023584035,1776023585166,1227,136,71.0,0.1,12255232,18632704,12255232,18632704,3311236,1404,539,23,17358848,16384,1,/home/martin/Projects/assembly-analysis-pipeline/work/82/256d6258dcd5eda5918a4e6afd27a0,"
    gunzip -c ERZ102.contig2classification.txt.gz > ERZ102.contig2classification.txt

    krona_txt_from_cat_classification \
        --input ERZ102.contig2classification.txt \
        --output ERZ102.krona.txt \
        --names_dmp tax/names.dmp \
        --nodes_dmp tax/nodes.dmp

    gzip ERZ102.krona.txt

    cat <<-END_VERSIONS > versions.yml
    ""EBIMETAGENOMICS:ASSEMBLY_ANALYSIS_PIPELINE:CONTIGS_TAXONOMIC_CLASSIFICATION:MGNIFYPIPELINESTOOLKIT_KRONATXTFROMCATCLASSIFICATION"":
        mgnify-pipelines-toolkit: $(get_mpt_version)
    END_VERSIONS
    ",,,1,6442450944,,3600000,"PYTHONNOUSERSITE=1
R_PROFILE_USER=/.Rprofile
R_ENVIRON_USER=/.Renviron
JULIA_DEPOT_PATH=/usr/local/share/julia
PATH=$PATH:/home/martin/Projects/assembly-analysis-pipeline/bin
",,19,4,,AMD Ryzen 5 5600X 6-Core Processor
friendly_goodall,ERZ101,70,d4/a964db,193899,CONCATENATE_INTERPROSCAN_GFFS,[],community.wave.seqera.io/library/python:3.13.1--d00663700fcc8bcf,ERZ101,EBIMETAGENOMICS:ASSEMBLY_ANALYSIS_PIPELINE:FUNCTIONAL_ANNOTATION:CONCATENATE_INTERPROSCAN_GFFS (ERZ101),COMPLETED,0,1776023583942,1776023584036,1776023585084,1142,50,71.6,0.1,13094912,18472960,13094912,18505728,1012592,6783,286,19,10395648,12288,1,/home/martin/Projects/assembly-analysis-pipeline/work/d4/a964db45ac95a8335d5be8eb46f451,"
    concatenate_gffs.py \
    --gffs gffs/*.gff.gz  \
    --output ERZ101_concatenated.gff.gz

    cat <<-END_VERSIONS > versions.yml
    ""EBIMETAGENOMICS:ASSEMBLY_ANALYSIS_PIPELINE:FUNCTIONAL_ANNOTATION:CONCATENATE_INTERPROSCAN_GFFS"":
        python: $(python --version 2>&1 | sed 's/Python //g')
    END_VERSIONS
    ",,,1,6442450944,,3600000,"PYTHONNOUSERSITE=1
R_PROFILE_USER=/.Rprofile
R_ENVIRON_USER=/.Renviron
JULIA_DEPOT_PATH=/usr/local/share/julia
PATH=$PATH:/home/martin/Projects/assembly-analysis-pipeline/bin
",,19,1,,AMD Ryzen 5 5600X 6-Core Processor
friendly_goodall,ERZ102,68,3a/a5e786,194340,CONCATENATE_INTERPROSCAN_GFFS,[],community.wave.seqera.io/library/python:3.13.1--d00663700fcc8bcf,ERZ102,EBIMETAGENOMICS:ASSEMBLY_ANALYSIS_PIPELINE:FUNCTIONAL_ANNOTATION:CONCATENATE_INTERPROSCAN_GFFS (ERZ102),COMPLETED,0,1776023585086,1776023585166,1776023586185,1099,37,94.1,0.1,14266368,19984384,14266368,19984384,1012821,6896,286,19,16384,12288,1,/home/martin/Projects/assembly-analysis-pipeline/work/3a/a5e786e920a8d9ddbb6f9a676462f0,"
    concatenate_gffs.py \
    --gffs gffs/*.gff.gz  \
    --output ERZ102_concatenated.gff.gz

    cat <<-END_VERSIONS > versions.yml
    ""EBIMETAGENOMICS:ASSEMBLY_ANALYSIS_PIPELINE:FUNCTIONAL_ANNOTATION:CONCATENATE_INTERPROSCAN_GFFS"":
        python: $(python --version 2>&1 | sed 's/Python //g')
    END_VERSIONS
    ",,,1,6442450944,,3600000,"PYTHONNOUSERSITE=1
R_PROFILE_USER=/.Rprofile
R_ENVIRON_USER=/.Renviron
JULIA_DEPOT_PATH=/usr/local/share/julia
PATH=$PATH:/home/martin/Projects/assembly-analysis-pipeline/bin
",,1,0,,AMD Ryzen 5 5600X 6-Core Processor
friendly_goodall,ERZ101,78,86/47f4ed,194418,CONCATENATE_DBCAN_GFFS,[],community.wave.seqera.io/library/python:3.13.1--d00663700fcc8bcf,ERZ101,EBIMETAGENOMICS:ASSEMBLY_ANALYSIS_PIPELINE:FUNCTIONAL_ANNOTATION:CONCATENATE_DBCAN_GFFS (ERZ101),COMPLETED,0,1776023585169,1776023585266,1776023586268,1099,33,78.3,0.1,14266368,19984384,14266368,19984384,1000811,1675,287,18,0,8192,1,/home/martin/Projects/assembly-analysis-pipeline/work/86/47f4edb78e763f353ed2aea66bcccf,"
    concatenate_gffs.py \
    --gffs gffs/*.gff.gz  \
    --output ERZ101_dbcan_cgc_concatenated.gff.gz

    cat <<-END_VERSIONS > versions.yml
    ""EBIMETAGENOMICS:ASSEMBLY_ANALYSIS_PIPELINE:FUNCTIONAL_ANNOTATION:CONCATENATE_DBCAN_GFFS"":
        python: $(python --version 2>&1 | sed 's/Python //g')
    END_VERSIONS
    ",,,1,6442450944,,3600000,"PYTHONNOUSERSITE=1
R_PROFILE_USER=/.Rprofile
R_ENVIRON_USER=/.Renviron
JULIA_DEPOT_PATH=/usr/local/share/julia
PATH=$PATH:/home/martin/Projects/assembly-analysis-pipeline/bin
",,1,8,,AMD Ryzen 5 5600X 6-Core Processor
friendly_goodall,ERZ102,76,15/7c1755,194787,CONCATENATE_DBCAN_GFFS,[],community.wave.seqera.io/library/python:3.13.1--d00663700fcc8bcf,ERZ102,EBIMETAGENOMICS:ASSEMBLY_ANALYSIS_PIPELINE:FUNCTIONAL_ANNOTATION:CONCATENATE_DBCAN_GFFS (ERZ102),COMPLETED,0,1776023586188,1776023586268,1776023587277,1089,36,96.0,0.1,14249984,19984384,14249984,19984384,1000790,1636,287,18,0,8192,1,/home/martin/Projects/assembly-analysis-pipeline/work/15/7c175578b399301e28942451aa9c27,"
    concatenate_gffs.py \
    --gffs gffs/*.gff.gz  \
    --output ERZ102_dbcan_cgc_concatenated.gff.gz

    cat <<-END_VERSIONS > versions.yml
    ""EBIMETAGENOMICS:ASSEMBLY_ANALYSIS_PIPELINE:FUNCTIONAL_ANNOTATION:CONCATENATE_DBCAN_GFFS"":
        python: $(python --version 2>&1 | sed 's/Python //g')
    END_VERSIONS
    ",,,1,6442450944,,3600000,"PYTHONNOUSERSITE=1
R_PROFILE_USER=/.Rprofile
R_ENVIRON_USER=/.Renviron
JULIA_DEPOT_PATH=/usr/local/share/julia
PATH=$PATH:/home/martin/Projects/assembly-analysis-pipeline/bin
",,1,6,,AMD Ryzen 5 5600X 6-Core Processor
friendly_goodall,ERZ101,85,f9/2e86d8,194856,MGNIFYPIPELINESTOOLKIT_KRONATXTFROMCATCLASSIFICATION,[],quay.io/microbiome-informatics/mgnify-pipelines-toolkit:1.4.14,ERZ101,EBIMETAGENOMICS:ASSEMBLY_ANALYSIS_PIPELINE:CONTIGS_TAXONOMIC_CLASSIFICATION:MGNIFYPIPELINESTOOLKIT_KRONATXTFROMCATCLASSIFICATION (ERZ101),COMPLETED,0,1776023586271,1776023586368,1776023587421,1150,99,98.4,0.1,14225408,19017728,14225408,19017728,3311176,1351,539,23,0,16384,1,/home/martin/Projects/assembly-analysis-pipeline/work/f9/2e86d811e68a8c3579b362dc101515,"
    gunzip -c ERZ101.contig2classification.txt.gz > ERZ101.contig2classification.txt

    krona_txt_from_cat_classification \
        --input ERZ101.contig2classification.txt \
        --output ERZ101.krona.txt \
        --names_dmp tax/names.dmp \
        --nodes_dmp tax/nodes.dmp

    gzip ERZ101.krona.txt

    cat <<-END_VERSIONS > versions.yml
    ""EBIMETAGENOMICS:ASSEMBLY_ANALYSIS_PIPELINE:CONTIGS_TAXONOMIC_CLASSIFICATION:MGNIFYPIPELINESTOOLKIT_KRONATXTFROMCATCLASSIFICATION"":
        mgnify-pipelines-toolkit: $(get_mpt_version)
    END_VERSIONS
    ",,,1,6442450944,,3600000,"PYTHONNOUSERSITE=1
R_PROFILE_USER=/.Rprofile
R_ENVIRON_USER=/.Renviron
JULIA_DEPOT_PATH=/usr/local/share/julia
PATH=$PATH:/home/martin/Projects/assembly-analysis-pipeline/bin
",,2,5,,AMD Ryzen 5 5600X 6-Core Processor
friendly_goodall,ERZ102,86,9e/aba993,195213,KRONA_KTIMPORTTEXT,[],quay.io/biocontainers/krona:2.8.1--pl5321hdfd78af_1,ERZ102,EBIMETAGENOMICS:ASSEMBLY_ANALYSIS_PIPELINE:CONTIGS_TAXONOMIC_CLASSIFICATION:KRONA_KTIMPORTTEXT (ERZ102),COMPLETED,0,1776023587281,1776023587377,1776023588380,1099,61,91.1,0.0,10166272,22724608,10166272,22736896,954528,230510,376,47,4845568,241664,1,/home/martin/Projects/assembly-analysis-pipeline/work/9e/aba993ea310e085040331b861a7543,"
    gunzip -c ERZ102.krona.txt.gz > ERZ102.krona.txt

    ktImportText  \
        -n ERZ102 \
        -o ERZ102.html \
        ERZ102.krona.txt

    cat <<-END_VERSIONS > versions.yml
    ""EBIMETAGENOMICS:ASSEMBLY_ANALYSIS_PIPELINE:CONTIGS_TAXONOMIC_CLASSIFICATION:KRONA_KTIMPORTTEXT"":
        krona: $( echo $(ktImportText 2>&1) | sed 's/^.*KronaTools //g; s/- ktImportText.*$//g')
    END_VERSIONS
    ",,,1,6442450944,,3600000,"PYTHONNOUSERSITE=1
R_PROFILE_USER=/.Rprofile
R_ENVIRON_USER=/.Renviron
JULIA_DEPOT_PATH=/usr/local/share/julia
PATH=$PATH:/home/martin/Projects/assembly-analysis-pipeline/bin
",,28,3,,AMD Ryzen 5 5600X 6-Core Processor
friendly_goodall,ERZ101,69,95/b8251b,195490,CONCATENATE_INTERPROSCAN_TSV,[],quay.io/biocontainers/pigz:2.3.4,ERZ101,EBIMETAGENOMICS:ASSEMBLY_ANALYSIS_PIPELINE:FUNCTIONAL_ANNOTATION:CONCATENATE_INTERPROSCAN_TSV (ERZ101),COMPLETED,0,1776023588383,1776023588481,1776023590404,2021,0,80.0,0.0,3035136,11583488,3035136,11587584,45081,5864,141,18,1576960,16384,1,/home/martin/Projects/assembly-analysis-pipeline/work/95/b8251bf89b1082b4672bc193a25baa,"
    cat \
         \
        ERZ101_001.tsv.gz \
         \
        > ERZ101_interproscan.tsv.gz

    cat <<-END_VERSIONS > versions.yml
    ""EBIMETAGENOMICS:ASSEMBLY_ANALYSIS_PIPELINE:FUNCTIONAL_ANNOTATION:CONCATENATE_INTERPROSCAN_TSV"":
        pigz: $( pigz --version 2>&1 | sed 's/pigz //g' )
    END_VERSIONS
    ",,,2,12884901888,,3600000,"PYTHONNOUSERSITE=1
R_PROFILE_USER=/.Rprofile
R_ENVIRON_USER=/.Renviron
JULIA_DEPOT_PATH=/usr/local/share/julia
PATH=$PATH:/home/martin/Projects/assembly-analysis-pipeline/bin
",,2,0,,AMD Ryzen 5 5600X 6-Core Processor
friendly_goodall,ERZ102,67,7c/8f56f1,195746,CONCATENATE_INTERPROSCAN_TSV,[],quay.io/biocontainers/pigz:2.3.4,ERZ102,EBIMETAGENOMICS:ASSEMBLY_ANALYSIS_PIPELINE:FUNCTIONAL_ANNOTATION:CONCATENATE_INTERPROSCAN_TSV (ERZ102),COMPLETED,0,1776023590408,1776023590504,1776023592406,1998,0,0.0,0.0,2990080,11583488,2990080,11587584,45168,5956,141,18,8192,16384,1,/home/martin/Projects/assembly-analysis-pipeline/work/7c/8f56f134583bd7668bc5ad49b6d110,"
    cat \
         \
        ERZ102_001.tsv.gz \
         \
        > ERZ102_interproscan.tsv.gz

    cat <<-END_VERSIONS > versions.yml
    ""EBIMETAGENOMICS:ASSEMBLY_ANALYSIS_PIPELINE:FUNCTIONAL_ANNOTATION:CONCATENATE_INTERPROSCAN_TSV"":
        pigz: $( pigz --version 2>&1 | sed 's/pigz //g' )
    END_VERSIONS
    ",,,2,12884901888,,3600000,"PYTHONNOUSERSITE=1
R_PROFILE_USER=/.Rprofile
R_ENVIRON_USER=/.Renviron
JULIA_DEPOT_PATH=/usr/local/share/julia
PATH=$PATH:/home/martin/Projects/assembly-analysis-pipeline/bin
",,2,1,,AMD Ryzen 5 5600X 6-Core Processor
friendly_goodall,ERZ101,72,8c/04e501,196004,CONCATENATE_HMMSEARCH_TBLOUT,[],quay.io/biocontainers/pigz:2.3.4,ERZ101,EBIMETAGENOMICS:ASSEMBLY_ANALYSIS_PIPELINE:FUNCTIONAL_ANNOTATION:CONCATENATE_HMMSEARCH_TBLOUT (ERZ101),COMPLETED,0,1776023592410,1776023592507,1776023594421,2011,0,0.0,0.0,3035136,11583488,3035136,11587584,40423,1225,140,17,0,12288,1,/home/martin/Projects/assembly-analysis-pipeline/work/8c/04e5019d7b27ae5be75d20740f23f2,"
    cat \
         \
        ERZ101_001.tbl.gz \
         \
        > ERZ101.tbl.gz

    cat <<-END_VERSIONS > versions.yml
    ""EBIMETAGENOMICS:ASSEMBLY_ANALYSIS_PIPELINE:FUNCTIONAL_ANNOTATION:CONCATENATE_HMMSEARCH_TBLOUT"":
        pigz: $( pigz --version 2>&1 | sed 's/pigz //g' )
    END_VERSIONS
    ",,,2,12884901888,,3600000,"PYTHONNOUSERSITE=1
R_PROFILE_USER=/.Rprofile
R_ENVIRON_USER=/.Renviron
JULIA_DEPOT_PATH=/usr/local/share/julia
PATH=$PATH:/home/martin/Projects/assembly-analysis-pipeline/bin
",,2,0,,AMD Ryzen 5 5600X 6-Core Processor
friendly_goodall,ERZ102,71,90/9cb641,196232,CONCATENATE_HMMSEARCH_TBLOUT,[],quay.io/biocontainers/pigz:2.3.4,ERZ102,EBIMETAGENOMICS:ASSEMBLY_ANALYSIS_PIPELINE:FUNCTIONAL_ANNOTATION:CONCATENATE_HMMSEARCH_TBLOUT (ERZ102),COMPLETED,0,1776023594424,1776023594521,1776023596461,2037,0,0.0,0.0,3010560,11583488,3010560,11587584,40420,1222,140,17,20480,12288,1,/home/martin/Projects/assembly-analysis-pipeline/work/90/9cb6417a8b0352956087c0cebae7c3,"
    cat \
         \
        ERZ102_001.tbl.gz \
         \
        > ERZ102.tbl.gz

    cat <<-END_VERSIONS > versions.yml
    ""EBIMETAGENOMICS:ASSEMBLY_ANALYSIS_PIPELINE:FUNCTIONAL_ANNOTATION:CONCATENATE_HMMSEARCH_TBLOUT"":
        pigz: $( pigz --version 2>&1 | sed 's/pigz //g' )
    END_VERSIONS
    ",,,2,12884901888,,3600000,"PYTHONNOUSERSITE=1
R_PROFILE_USER=/.Rprofile
R_ENVIRON_USER=/.Renviron
JULIA_DEPOT_PATH=/usr/local/share/julia
PATH=$PATH:/home/martin/Projects/assembly-analysis-pipeline/bin
",,2,1,,AMD Ryzen 5 5600X 6-Core Processor
friendly_goodall,ERZ101,77,d4/d6a2de,196464,CONCATENATE_DBCAN_OVERVIEW,[],quay.io/biocontainers/csvtk:0.31.0--h9ee0642_0,ERZ101,EBIMETAGENOMICS:ASSEMBLY_ANALYSIS_PIPELINE:FUNCTIONAL_ANNOTATION:CONCATENATE_DBCAN_OVERVIEW (ERZ101),COMPLETED,0,1776023596464,1776023596562,1776023597483,1019,0,156.5,0.0,3301376,4497408,3301376,4497408,77141,606,185,22,0,8192,1,/home/martin/Projects/assembly-analysis-pipeline/work/d4/d6a2de43257063ce62b01af31accb8,"
    csvtk \
        concat \
         \
        --num-cpus 2 \
        --delimiter ""	"" \
        --out-delimiter ""	"" \
        --out-file ERZ101_dbcan_overview.tsv.gz \
        inputs/csv1/ERZ101_001_overview.tsv.gz

    cat <<-END_VERSIONS > versions.yml
    ""EBIMETAGENOMICS:ASSEMBLY_ANALYSIS_PIPELINE:FUNCTIONAL_ANNOTATION:CONCATENATE_DBCAN_OVERVIEW"":
        csvtk: $(echo $( csvtk version | sed -e ""s/csvtk v//g"" ))
    END_VERSIONS
    ",,,2,12884901888,,3600000,"PYTHONNOUSERSITE=1
R_PROFILE_USER=/.Rprofile
R_ENVIRON_USER=/.Renviron
JULIA_DEPOT_PATH=/usr/local/share/julia
PATH=$PATH:/home/martin/Projects/assembly-analysis-pipeline/bin
",,1,1,,AMD Ryzen 5 5600X 6-Core Processor
friendly_goodall,ERZ102,74,2f/238460,196691,CONCATENATE_DBCAN_SUBSTRATES,[],quay.io/biocontainers/csvtk:0.31.0--h9ee0642_0,ERZ102,EBIMETAGENOMICS:ASSEMBLY_ANALYSIS_PIPELINE:FUNCTIONAL_ANNOTATION:CONCATENATE_DBCAN_SUBSTRATES (ERZ102),COMPLETED,0,1776023597486,1776023597583,1776023598516,1030,0,104.3,0.0,3391488,4497408,3391488,4497408,77117,617,185,24,0,8192,1,/home/martin/Projects/assembly-analysis-pipeline/work/2f/23846016fae53593021ae795c0961f,"
    csvtk \
        concat \
         \
        --num-cpus 2 \
        --delimiter ""	"" \
        --out-delimiter ""	"" \
        --out-file ERZ102_dbcan_substrates.tsv.gz \
        inputs/csv1/ERZ102_001_substrate_prediction.tsv.gz

    cat <<-END_VERSIONS > versions.yml
    ""EBIMETAGENOMICS:ASSEMBLY_ANALYSIS_PIPELINE:FUNCTIONAL_ANNOTATION:CONCATENATE_DBCAN_SUBSTRATES"":
        csvtk: $(echo $( csvtk version | sed -e ""s/csvtk v//g"" ))
    END_VERSIONS
    ",,,2,12884901888,,3600000,"PYTHONNOUSERSITE=1
R_PROFILE_USER=/.Rprofile
R_ENVIRON_USER=/.Renviron
JULIA_DEPOT_PATH=/usr/local/share/julia
PATH=$PATH:/home/martin/Projects/assembly-analysis-pipeline/bin
",,1,1,,AMD Ryzen 5 5600X 6-Core Processor
friendly_goodall,ERZ101,81,0d/022790,196916,CONCATENATE_DBCAN_STANDARD_OUT,[],quay.io/biocontainers/csvtk:0.31.0--h9ee0642_0,ERZ101,EBIMETAGENOMICS:ASSEMBLY_ANALYSIS_PIPELINE:FUNCTIONAL_ANNOTATION:CONCATENATE_DBCAN_STANDARD_OUT (ERZ101),COMPLETED,0,1776023598519,1776023598616,1776023599554,1035,0,100.0,0.0,3325952,4497408,3325952,4497408,77115,583,185,22,0,8192,1,/home/martin/Projects/assembly-analysis-pipeline/work/0d/022790d38cf6a0f9e79af2fbdfc697,"
    csvtk \
        concat \
         \
        --num-cpus 2 \
        --delimiter ""	"" \
        --out-delimiter ""	"" \
        --out-file ERZ101_dbcan_standard_out.tsv.gz \
        inputs/csv1/ERZ101_001_cgc_standard_out.tsv.gz

    cat <<-END_VERSIONS > versions.yml
    ""EBIMETAGENOMICS:ASSEMBLY_ANALYSIS_PIPELINE:FUNCTIONAL_ANNOTATION:CONCATENATE_DBCAN_STANDARD_OUT"":
        csvtk: $(echo $( csvtk version | sed -e ""s/csvtk v//g"" ))
    END_VERSIONS
    ",,,2,12884901888,,3600000,"PYTHONNOUSERSITE=1
R_PROFILE_USER=/.Rprofile
R_ENVIRON_USER=/.Renviron
JULIA_DEPOT_PATH=/usr/local/share/julia
PATH=$PATH:/home/martin/Projects/assembly-analysis-pipeline/bin
",,1,1,,AMD Ryzen 5 5600X 6-Core Processor
friendly_goodall,ERZ101,73,fb/3dfa12,197147,SEQKIT_FIX,[],quay.io/biocontainers/csvtk:0.31.0--h9ee0642_0,ERZ101,EBIMETAGENOMICS:ASSEMBLY_ANALYSIS_PIPELINE:FUNCTIONAL_ANNOTATION:SEQKIT_FIX (ERZ101),COMPLETED,0,1776023599557,1776023599655,1776023600579,1022,0,100.0,0.0,3387392,4497408,3387392,4497408,77049,747,185,20,0,8192,1,/home/martin/Projects/assembly-analysis-pipeline/work/fb/3dfa12b5e1114e14103d293b3db59e,"
    csvtk fix --tabs ERZ101_001_dbcansub_hmm_results.tsv.gz > ERZ101.tsv.gz

    cat <<-END_VERSIONS > versions.yml
    ""EBIMETAGENOMICS:ASSEMBLY_ANALYSIS_PIPELINE:FUNCTIONAL_ANNOTATION:SEQKIT_FIX"":
        csvtk: $(echo $( csvtk version | sed -e ""s/csvtk v//g"" ))
    END_VERSIONS
    ",,,2,12884901888,,3600000,"PYTHONNOUSERSITE=1
R_PROFILE_USER=/.Rprofile
R_ENVIRON_USER=/.Renviron
JULIA_DEPOT_PATH=/usr/local/share/julia
PATH=$PATH:/home/martin/Projects/assembly-analysis-pipeline/bin
",,1,1,,AMD Ryzen 5 5600X 6-Core Processor
friendly_goodall,ERZ102,80,9d/1e7da5,197379,CONCATENATE_DBCAN_STANDARD_OUT,[],quay.io/biocontainers/csvtk:0.31.0--h9ee0642_0,ERZ102,EBIMETAGENOMICS:ASSEMBLY_ANALYSIS_PIPELINE:FUNCTIONAL_ANNOTATION:CONCATENATE_DBCAN_STANDARD_OUT (ERZ102),COMPLETED,0,1776023600582,1776023600679,1776023601610,1028,0,100.0,0.0,3371008,4497408,3371008,4497408,77116,583,185,22,0,8192,1,/home/martin/Projects/assembly-analysis-pipeline/work/9d/1e7da5b59ad6c39e9692ba7ae10641,"
    csvtk \
        concat \
         \
        --num-cpus 2 \
        --delimiter ""	"" \
        --out-delimiter ""	"" \
        --out-file ERZ102_dbcan_standard_out.tsv.gz \
        inputs/csv1/ERZ102_001_cgc_standard_out.tsv.gz

    cat <<-END_VERSIONS > versions.yml
    ""EBIMETAGENOMICS:ASSEMBLY_ANALYSIS_PIPELINE:FUNCTIONAL_ANNOTATION:CONCATENATE_DBCAN_STANDARD_OUT"":
        csvtk: $(echo $( csvtk version | sed -e ""s/csvtk v//g"" ))
    END_VERSIONS
    ",,,2,12884901888,,3600000,"PYTHONNOUSERSITE=1
R_PROFILE_USER=/.Rprofile
R_ENVIRON_USER=/.Renviron
JULIA_DEPOT_PATH=/usr/local/share/julia
PATH=$PATH:/home/martin/Projects/assembly-analysis-pipeline/bin
",,1,0,,AMD Ryzen 5 5600X 6-Core Processor
friendly_goodall,ERZ102,75,69/fc7643,197610,CONCATENATE_DBCAN_OVERVIEW,[],quay.io/biocontainers/csvtk:0.31.0--h9ee0642_0,ERZ102,EBIMETAGENOMICS:ASSEMBLY_ANALYSIS_PIPELINE:FUNCTIONAL_ANNOTATION:CONCATENATE_DBCAN_OVERVIEW (ERZ102),COMPLETED,0,1776023601613,1776023601710,1776023602655,1042,0,104.3,0.0,3280896,4497408,3280896,4497408,77140,606,185,22,0,8192,1,/home/martin/Projects/assembly-analysis-pipeline/work/69/fc764381562a6e51f4f5f54f579848,"
    csvtk \
        concat \
         \
        --num-cpus 2 \
        --delimiter ""	"" \
        --out-delimiter ""	"" \
        --out-file ERZ102_dbcan_overview.tsv.gz \
        inputs/csv1/ERZ102_001_overview.tsv.gz

    cat <<-END_VERSIONS > versions.yml
    ""EBIMETAGENOMICS:ASSEMBLY_ANALYSIS_PIPELINE:FUNCTIONAL_ANNOTATION:CONCATENATE_DBCAN_OVERVIEW"":
        csvtk: $(echo $( csvtk version | sed -e ""s/csvtk v//g"" ))
    END_VERSIONS
    ",,,2,12884901888,,3600000,"PYTHONNOUSERSITE=1
R_PROFILE_USER=/.Rprofile
R_ENVIRON_USER=/.Renviron
JULIA_DEPOT_PATH=/usr/local/share/julia
PATH=$PATH:/home/martin/Projects/assembly-analysis-pipeline/bin
",,1,1,,AMD Ryzen 5 5600X 6-Core Processor
friendly_goodall,ERZ101,79,7a/9ce82c,197837,CONCATENATE_DBCAN_SUBSTRATES,[],quay.io/biocontainers/csvtk:0.31.0--h9ee0642_0,ERZ101,EBIMETAGENOMICS:ASSEMBLY_ANALYSIS_PIPELINE:FUNCTIONAL_ANNOTATION:CONCATENATE_DBCAN_SUBSTRATES (ERZ101),COMPLETED,0,1776023602658,1776023602755,1776023603686,1028,0,104.3,0.0,3301376,4497408,3301376,4497408,77132,629,185,24,16384,8192,1,/home/martin/Projects/assembly-analysis-pipeline/work/7a/9ce82cf3933d04a6bc43a65ab0e6e3,"
    csvtk \
        concat \
         \
        --num-cpus 2 \
        --delimiter ""	"" \
        --out-delimiter ""	"" \
        --out-file ERZ101_dbcan_substrates.tsv.gz \
        inputs/csv1/ERZ101_001_substrate_prediction.tsv.gz

    cat <<-END_VERSIONS > versions.yml
    ""EBIMETAGENOMICS:ASSEMBLY_ANALYSIS_PIPELINE:FUNCTIONAL_ANNOTATION:CONCATENATE_DBCAN_SUBSTRATES"":
        csvtk: $(echo $( csvtk version | sed -e ""s/csvtk v//g"" ))
    END_VERSIONS
    ",,,2,12884901888,,3600000,"PYTHONNOUSERSITE=1
R_PROFILE_USER=/.Rprofile
R_ENVIRON_USER=/.Renviron
JULIA_DEPOT_PATH=/usr/local/share/julia
PATH=$PATH:/home/martin/Projects/assembly-analysis-pipeline/bin
",,1,1,,AMD Ryzen 5 5600X 6-Core Processor
friendly_goodall,ERZ101,84,22/26acc2,198073,CONCATENATE_EGGNOGMAPPER_ORTHOLOGS,[],quay.io/biocontainers/pigz:2.3.4,ERZ101,EBIMETAGENOMICS:ASSEMBLY_ANALYSIS_PIPELINE:FUNCTIONAL_ANNOTATION:CONCATENATE_EGGNOGMAPPER_ORTHOLOGS (ERZ101),COMPLETED,0,1776023603689,1776023603787,1776023605701,2012,0,100.0,0.0,2985984,11583488,2985984,11587584,45577,1343,153,20,0,12288,1,/home/martin/Projects/assembly-analysis-pipeline/work/22/26acc257b9d6e104b387261d892e7e,"
    cat \
         \
        ERZ101_001.emapper.seed_orthologs \
        | pigz -c -p 2  \
        > ERZ101_emapper_seed_orthologs.tsv.gz

    cat <<-END_VERSIONS > versions.yml
    ""EBIMETAGENOMICS:ASSEMBLY_ANALYSIS_PIPELINE:FUNCTIONAL_ANNOTATION:CONCATENATE_EGGNOGMAPPER_ORTHOLOGS"":
        pigz: $( pigz --version 2>&1 | sed 's/pigz //g' )
    END_VERSIONS
    ",,,2,12884901888,,3600000,"PYTHONNOUSERSITE=1
R_PROFILE_USER=/.Rprofile
R_ENVIRON_USER=/.Renviron
JULIA_DEPOT_PATH=/usr/local/share/julia
PATH=$PATH:/home/martin/Projects/assembly-analysis-pipeline/bin
",,3,2,,AMD Ryzen 5 5600X 6-Core Processor
friendly_goodall,ERZ102,83,67/10b345,198309,CONCATENATE_EGGNOGMAPPER_ORTHOLOGS,[],quay.io/biocontainers/pigz:2.3.4,ERZ102,EBIMETAGENOMICS:ASSEMBLY_ANALYSIS_PIPELINE:FUNCTIONAL_ANNOTATION:CONCATENATE_EGGNOGMAPPER_ORTHOLOGS (ERZ102),COMPLETED,0,1776023605705,1776023605801,1776023607701,1996,0,92.3,0.0,2990080,11583488,2990080,11587584,45576,1342,153,20,4096,12288,1,/home/martin/Projects/assembly-analysis-pipeline/work/67/10b345fd8eb540b0940d953576f413,"
    cat \
         \
        ERZ102_001.emapper.seed_orthologs \
        | pigz -c -p 2  \
        > ERZ102_emapper_seed_orthologs.tsv.gz

    cat <<-END_VERSIONS > versions.yml
    ""EBIMETAGENOMICS:ASSEMBLY_ANALYSIS_PIPELINE:FUNCTIONAL_ANNOTATION:CONCATENATE_EGGNOGMAPPER_ORTHOLOGS"":
        pigz: $( pigz --version 2>&1 | sed 's/pigz //g' )
    END_VERSIONS
    ",,,2,12884901888,,3600000,"PYTHONNOUSERSITE=1
R_PROFILE_USER=/.Rprofile
R_ENVIRON_USER=/.Renviron
JULIA_DEPOT_PATH=/usr/local/share/julia
PATH=$PATH:/home/martin/Projects/assembly-analysis-pipeline/bin
",,3,1,,AMD Ryzen 5 5600X 6-Core Processor
friendly_goodall,ERZ101,82,ea/a7d7b7,198544,EGGNOGMAPPER_ANNOTATIONS,[],quay.io/biocontainers/eggnog-mapper:2.1.12--pyhdfd78af_0,ERZ101,EBIMETAGENOMICS:ASSEMBLY_ANALYSIS_PIPELINE:FUNCTIONAL_ANNOTATION:EGGNOGMAPPER_ANNOTATIONS (ERZ101),COMPLETED,0,1776023607704,1776023607801,1776023609442,1738,714,199.5,0.1,14483456,26558464,14483456,26570752,40987462,20356,4733,98,0,12288,1,/home/martin/Projects/assembly-analysis-pipeline/work/ea/a7d7b7e91e59c8273ef3947c024dd8,"
    # The --override option is used to prevent this process from failing on retries
    emapper.py \
        --no_file_comments \
        --cpu 4  \
        --data_dir eggnog_mapper \
        --annotate_hits_table ERZ101_001.emapper.seed_orthologs \
        --override \
        --output ERZ101_001_annotations

    cat <<-END_VERSIONS > versions.yml
    ""EBIMETAGENOMICS:ASSEMBLY_ANALYSIS_PIPELINE:FUNCTIONAL_ANNOTATION:EGGNOGMAPPER_ANNOTATIONS"":
        eggnog-mapper: $(echo $(emapper.py --version) | grep -o ""emapper-[0-9]\+\.[0-9]\+\.[0-9]\+"" | sed ""s/emapper-//"")
        eggnog-mapper database: 5.0.2
    END_VERSIONS
    ",,,4,16106127360,,3600000,"PYTHONNOUSERSITE=1
R_PROFILE_USER=/.Rprofile
R_ENVIRON_USER=/.Renviron
JULIA_DEPOT_PATH=/usr/local/share/julia
PATH=$PATH:/home/martin/Projects/assembly-analysis-pipeline/bin
",,1,3,,AMD Ryzen 5 5600X 6-Core Processor
friendly_goodall,ERZ101,87,7c/962b46,198796,KRONA_KTIMPORTTEXT,[],quay.io/biocontainers/krona:2.8.1--pl5321hdfd78af_1,ERZ101,EBIMETAGENOMICS:ASSEMBLY_ANALYSIS_PIPELINE:CONTIGS_TAXONOMIC_CLASSIFICATION:KRONA_KTIMPORTTEXT (ERZ101),COMPLETED,0,1776023609445,1776023609542,1776023610552,1107,60,106.3,0.0,11313152,24096768,11313152,24109056,954509,230496,376,47,0,241664,1,/home/martin/Projects/assembly-analysis-pipeline/work/7c/962b4638305ea93fd1b531d269f386,"
    gunzip -c ERZ101.krona.txt.gz > ERZ101.krona.txt

    ktImportText  \
        -n ERZ101 \
        -o ERZ101.html \
        ERZ101.krona.txt

    cat <<-END_VERSIONS > versions.yml
    ""EBIMETAGENOMICS:ASSEMBLY_ANALYSIS_PIPELINE:CONTIGS_TAXONOMIC_CLASSIFICATION:KRONA_KTIMPORTTEXT"":
        krona: $( echo $(ktImportText 2>&1) | sed 's/^.*KronaTools //g; s/- ktImportText.*$//g')
    END_VERSIONS
    ",,,1,6442450944,,3600000,"PYTHONNOUSERSITE=1
R_PROFILE_USER=/.Rprofile
R_ENVIRON_USER=/.Renviron
JULIA_DEPOT_PATH=/usr/local/share/julia
PATH=$PATH:/home/martin/Projects/assembly-analysis-pipeline/bin
",,2,7,,AMD Ryzen 5 5600X 6-Core Processor
friendly_goodall,ERZ101,89,e0/973d71,198797,GENERATEGAF,[],quay.io/biocontainers/mgnify-pipelines-toolkit:1.2.0--pyhdfd78af_0,ERZ101,EBIMETAGENOMICS:ASSEMBLY_ANALYSIS_PIPELINE:FUNCTIONAL_ANNOTATION:GOSLIM_SWF:GENERATEGAF (ERZ101),COMPLETED,0,1776023609448,1776023609543,1776023610636,1188,0,78.9,0.0,3391488,4497408,3391488,4497408,4049213,33088,585,22,14880768,40960,1,/home/martin/Projects/assembly-analysis-pipeline/work/e0/973d713209af78decf57f486a3710b,"
    gunzip -c ERZ101_interproscan.tsv.gz > ERZ101_interproscan.tsv

    generate_gaf \
        -i ERZ101_interproscan.tsv \
        -o ERZ101 \

    cat <<-END_VERSIONS > versions.yml
    ""EBIMETAGENOMICS:ASSEMBLY_ANALYSIS_PIPELINE:FUNCTIONAL_ANNOTATION:GOSLIM_SWF:GENERATEGAF"":
        mgnify-pipelines-toolkit: $(get_mpt_version)
    END_VERSIONS
    ",,,1,6442450944,,3600000,"PYTHONNOUSERSITE=1
R_PROFILE_USER=/.Rprofile
R_ENVIRON_USER=/.Renviron
JULIA_DEPOT_PATH=/usr/local/share/julia
PATH=$PATH:/home/martin/Projects/assembly-analysis-pipeline/bin
",,3,2,,AMD Ryzen 5 5600X 6-Core Processor
friendly_goodall,ERZ101,88,57/3f8014,199184,PFAM_SUMMARY,[],community.wave.seqera.io/library/csvtk_tabix_pip_biopython:7eabdb397e7420a3,ERZ101,EBIMETAGENOMICS:ASSEMBLY_ANALYSIS_PIPELINE:FUNCTIONAL_ANNOTATION:PFAM_SUMMARY (ERZ101),COMPLETED,0,1776023610555,1776023610637,1776023611713,1158,40,152.7,0.0,3805184,4874240,3805184,4874240,161771,35933,269,55,25759744,12288,1,/home/martin/Projects/assembly-analysis-pipeline/work/57/3f8014c8100489642800ca62bf722c,"
    # This csvtk minipipeline extracts Pfam rows:
    # . Fix the quotation, sometimes the TSV has quotes where it shouldn't
    # . Picks the Pfam rows.
    # . Extracts the 5th (Pfam accession) and 6th (description) columns.
    # . Counts the frequency of the pfams (we use pfam accession and description because we need the description too)
    # . Adds headers ('pfam', 'description' and 'count') the TSV.
    # . The TSV is compressed with bgzip (which is fully compatible with gzip), the index is (.gzi) used on the website.

    csvtk fix-quotes --tabs --no-header-row ERZ101_interproscan.tsv.gz | \
    csvtk filter2 --tabs --no-header-row --filter '$4 == ""Pfam""' | \
    csvtk cut --tabs --no-header-row --fields 5,6 | \
    csvtk freq --tabs --no-header-row --fields 1,2 --reverse --sort-by-freq | \
    csvtk add-header --tabs --no-header-row --names pfam,description,count | \
    bgzip --stdout -@1 --index --index-name ERZ101_pfam_summary.tsv.gz.gzi > ERZ101_pfam_summary.tsv.gz

    cat <<-END_VERSIONS > versions.yml
    ""EBIMETAGENOMICS:ASSEMBLY_ANALYSIS_PIPELINE:FUNCTIONAL_ANNOTATION:PFAM_SUMMARY"":
        csvtk: $(echo $( csvtk version | sed -e ""s/csvtk v//g"" ))
        tabix: $(echo $(tabix -h 2>&1) | sed 's/^.*Version: //; s/ .*$//')
    END_VERSIONS
    ",,,1,6442450944,,3600000,"PYTHONNOUSERSITE=1
R_PROFILE_USER=/.Rprofile
R_ENVIRON_USER=/.Renviron
JULIA_DEPOT_PATH=/usr/local/share/julia
PATH=$PATH:/home/martin/Projects/assembly-analysis-pipeline/bin
",,37,13,,AMD Ryzen 5 5600X 6-Core Processor
friendly_goodall,ERZ101,90,06/9ae2df,199266,INTERPRO_SUMMARY,[],community.wave.seqera.io/library/csvtk_tabix_pip_biopython:7eabdb397e7420a3,ERZ101,EBIMETAGENOMICS:ASSEMBLY_ANALYSIS_PIPELINE:FUNCTIONAL_ANNOTATION:INTERPRO_SUMMARY (ERZ101),COMPLETED,0,1776023610640,1776023610736,1776023611799,1159,24,194.6,0.0,3731456,4874240,3731456,4874240,189084,63040,274,55,0,12288,1,/home/martin/Projects/assembly-analysis-pipeline/work/06/9ae2df9f733cfd39f671428cffbc37,"
    # This csvtk minipipeline extracts InterProScan - InterPro accession counts:
    # . Fix the quotation, sometimes the TSV has quotes where it shouldn't
    # . Picks the rows with an InterPro hit which are those where the InterPro column is not empty or with ""-"" character
    # . Extracts the 12th InterPro annotations - accession (e.g. IPR002093) and 13th InterPro annotations - description (e.g. BRCA2 repeat)
    # . Counts the frequency of the IPS accessions (we use accession and description because we need the description too)
    # . Adds headers ('interpro_accession', 'description' and 'count') the TSV.
    # . The TSV is compressed with bgzip (which is fully compatible with gzip), the index is (.gzi) used on the website.

    csvtk fix-quotes --tabs --no-header-row ERZ101_interproscan.tsv.gz | \
    csvtk filter2 --tabs --no-header-row --filter '$12 != """" && $12 != ""-""' | \
    csvtk cut --tabs --no-header-row --fields 12,13 | \
    csvtk freq --tabs --no-header-row --fields 1,2 --reverse --sort-by-freq | \
    csvtk add-header --tabs --no-header-row --names interpro_accession,description,count | \
    bgzip --stdout -@1 --index --index-name ERZ101_interpro_summary.tsv.gz.gzi > ERZ101_interpro_summary.tsv.gz

    cat <<-END_VERSIONS > versions.yml
    ""EBIMETAGENOMICS:ASSEMBLY_ANALYSIS_PIPELINE:FUNCTIONAL_ANNOTATION:INTERPRO_SUMMARY"":
        csvtk: $(echo $( csvtk version | sed -e ""s/csvtk v//g"" ))
        tabix: $(echo $(tabix -h 2>&1) | sed 's/^.*Version: //; s/ .*$//')
    END_VERSIONS
    ",,,1,6442450944,,3600000,"PYTHONNOUSERSITE=1
R_PROFILE_USER=/.Rprofile
R_ENVIRON_USER=/.Renviron
JULIA_DEPOT_PATH=/usr/local/share/julia
PATH=$PATH:/home/martin/Projects/assembly-analysis-pipeline/bin
",,1,0,,AMD Ryzen 5 5600X 6-Core Processor
friendly_goodall,ERZ102,94,c1/5dfdac,199970,INTERPRO_SUMMARY,[],community.wave.seqera.io/library/csvtk_tabix_pip_biopython:7eabdb397e7420a3,ERZ102,EBIMETAGENOMICS:ASSEMBLY_ANALYSIS_PIPELINE:FUNCTIONAL_ANNOTATION:INTERPRO_SUMMARY (ERZ102),COMPLETED,0,1776023611716,1776023611801,1776023612948,1232,24,171.4,0.0,3739648,4874240,3739648,4874240,189482,63327,268,55,0,12288,1,/home/martin/Projects/assembly-analysis-pipeline/work/c1/5dfdacf8d18da1fde4d427c7c3b3e9,"
    # This csvtk minipipeline extracts InterProScan - InterPro accession counts:
    # . Fix the quotation, sometimes the TSV has quotes where it shouldn't
    # . Picks the rows with an InterPro hit which are those where the InterPro column is not empty or with ""-"" character
    # . Extracts the 12th InterPro annotations - accession (e.g. IPR002093) and 13th InterPro annotations - description (e.g. BRCA2 repeat)
    # . Counts the frequency of the IPS accessions (we use accession and description because we need the description too)
    # . Adds headers ('interpro_accession', 'description' and 'count') the TSV.
    # . The TSV is compressed with bgzip (which is fully compatible with gzip), the index is (.gzi) used on the website.

    csvtk fix-quotes --tabs --no-header-row ERZ102_interproscan.tsv.gz | \
    csvtk filter2 --tabs --no-header-row --filter '$12 != """" && $12 != ""-""' | \
    csvtk cut --tabs --no-header-row --fields 12,13 | \
    csvtk freq --tabs --no-header-row --fields 1,2 --reverse --sort-by-freq | \
    csvtk add-header --tabs --no-header-row --names interpro_accession,description,count | \
    bgzip --stdout -@1 --index --index-name ERZ102_interpro_summary.tsv.gz.gzi > ERZ102_interpro_summary.tsv.gz

    cat <<-END_VERSIONS > versions.yml
    ""EBIMETAGENOMICS:ASSEMBLY_ANALYSIS_PIPELINE:FUNCTIONAL_ANNOTATION:INTERPRO_SUMMARY"":
        csvtk: $(echo $( csvtk version | sed -e ""s/csvtk v//g"" ))
        tabix: $(echo $(tabix -h 2>&1) | sed 's/^.*Version: //; s/ .*$//')
    END_VERSIONS
    ",,,1,6442450944,,3600000,"PYTHONNOUSERSITE=1
R_PROFILE_USER=/.Rprofile
R_ENVIRON_USER=/.Renviron
JULIA_DEPOT_PATH=/usr/local/share/julia
PATH=$PATH:/home/martin/Projects/assembly-analysis-pipeline/bin
",,1,0,,AMD Ryzen 5 5600X 6-Core Processor
friendly_goodall,ERZ102,95,6c/0ee564,200032,PFAM_SUMMARY,[],community.wave.seqera.io/library/csvtk_tabix_pip_biopython:7eabdb397e7420a3,ERZ102,EBIMETAGENOMICS:ASSEMBLY_ANALYSIS_PIPELINE:FUNCTIONAL_ANNOTATION:PFAM_SUMMARY (ERZ102),COMPLETED,0,1776023611804,1776023611899,1776023613011,1207,23,166.7,0.0,3551232,4874240,3551232,4874240,162150,36208,269,55,0,12288,1,/home/martin/Projects/assembly-analysis-pipeline/work/6c/0ee564658ee3cedb1314d518b2d195,"
    # This csvtk minipipeline extracts Pfam rows:
    # . Fix the quotation, sometimes the TSV has quotes where it shouldn't
    # . Picks the Pfam rows.
    # . Extracts the 5th (Pfam accession) and 6th (description) columns.
    # . Counts the frequency of the pfams (we use pfam accession and description because we need the description too)
    # . Adds headers ('pfam', 'description' and 'count') the TSV.
    # . The TSV is compressed with bgzip (which is fully compatible with gzip), the index is (.gzi) used on the website.

    csvtk fix-quotes --tabs --no-header-row ERZ102_interproscan.tsv.gz | \
    csvtk filter2 --tabs --no-header-row --filter '$4 == ""Pfam""' | \
    csvtk cut --tabs --no-header-row --fields 5,6 | \
    csvtk freq --tabs --no-header-row --fields 1,2 --reverse --sort-by-freq | \
    csvtk add-header --tabs --no-header-row --names pfam,description,count | \
    bgzip --stdout -@1 --index --index-name ERZ102_pfam_summary.tsv.gz.gzi > ERZ102_pfam_summary.tsv.gz

    cat <<-END_VERSIONS > versions.yml
    ""EBIMETAGENOMICS:ASSEMBLY_ANALYSIS_PIPELINE:FUNCTIONAL_ANNOTATION:PFAM_SUMMARY"":
        csvtk: $(echo $( csvtk version | sed -e ""s/csvtk v//g"" ))
        tabix: $(echo $(tabix -h 2>&1) | sed 's/^.*Version: //; s/ .*$//')
    END_VERSIONS
    ",,,1,6442450944,,3600000,"PYTHONNOUSERSITE=1
R_PROFILE_USER=/.Rprofile
R_ENVIRON_USER=/.Renviron
JULIA_DEPOT_PATH=/usr/local/share/julia
PATH=$PATH:/home/martin/Projects/assembly-analysis-pipeline/bin
",,1,5,,AMD Ryzen 5 5600X 6-Core Processor
friendly_goodall,ERZ102,93,8d/2613b6,200795,GENERATEGAF,[],quay.io/biocontainers/mgnify-pipelines-toolkit:1.2.0--pyhdfd78af_0,ERZ102,EBIMETAGENOMICS:ASSEMBLY_ANALYSIS_PIPELINE:FUNCTIONAL_ANNOTATION:GOSLIM_SWF:GENERATEGAF (ERZ102),COMPLETED,0,1776023612951,1776023613011,1776023614141,1190,1000,95.7,0.0,3371008,4497408,3371008,4497408,4049594,33363,585,22,0,40960,1,/home/martin/Projects/assembly-analysis-pipeline/work/8d/2613b68bddcebf4dd046b78cfaa03f,"
    gunzip -c ERZ102_interproscan.tsv.gz > ERZ102_interproscan.tsv

    generate_gaf \
        -i ERZ102_interproscan.tsv \
        -o ERZ102 \

    cat <<-END_VERSIONS > versions.yml
    ""EBIMETAGENOMICS:ASSEMBLY_ANALYSIS_PIPELINE:FUNCTIONAL_ANNOTATION:GOSLIM_SWF:GENERATEGAF"":
        mgnify-pipelines-toolkit: $(get_mpt_version)
    END_VERSIONS
    ",,,1,6442450944,,3600000,"PYTHONNOUSERSITE=1
R_PROFILE_USER=/.Rprofile
R_ENVIRON_USER=/.Renviron
JULIA_DEPOT_PATH=/usr/local/share/julia
PATH=$PATH:/home/martin/Projects/assembly-analysis-pipeline/bin
",,2,1,,AMD Ryzen 5 5600X 6-Core Processor
friendly_goodall,ERZ101,98,f6/99b5ae,200840,KEGG_ORTHOLOGS_SUMMARY,[],community.wave.seqera.io/library/csvtk_tabix_pip_biopython:7eabdb397e7420a3,ERZ101,EBIMETAGENOMICS:ASSEMBLY_ANALYSIS_PIPELINE:FUNCTIONAL_ANNOTATION:KEGG_ORTHOLOGS_SUMMARY (ERZ101),COMPLETED,0,1776023613015,1776023613110,1776023614361,1346,284,282.4,0.0,3743744,4874240,3743744,4874240,4404350,10238,928,78,52383744,20480,1,/home/martin/Projects/assembly-analysis-pipeline/work/f6/99b5ae95dfac72612fde0e5ee3f6f6,"
    # This mini-pipeline executes a series of steps to process the hmmsearch output:
    # 1. Parses the hmmsearch_concatenated_tblout using biopython - reading from the stdin into the stdout (less IO)
    # 2. Extracts the contig ID from the protein ID format (e.g., transforms ERZxxx_1_2 to ERZxxx_1), including those from FGS. The proteins are used against the KOFams HMMs
    # 3. Uses the `tee` command to split the output into two distinct streams:
    #    - Stream 1:
    #      - Keeps the KO from the hmmer hits
    #      - Joins the KO with the description using the ko_list file (this files is part of the KO database)
    #      - It cuts the KO and the definiton from the joined file, the definiton is what we use for the description
    #      - It removes the header of the file now (we need to this to avoid a duplicated header when running freq)
    #      - Computes the frequency of each unique KO ID / Description (we do this to keep it simple - it should be only by KO ID but the KO ID + Desc is also unique).
    #        The file is also sorted from most frequent to least
    #      - Adds appropriate header names and reorders the fields, we need a count column that has the frequency count
    #      - We swap the columns, the count has to be the last
    #      - Compresses the file with bgzip and creates an index for it.
    #        The processed data ends in ERZ101_ko_summary.tsv.gz and ERZ101_ko_summary.tsv.gz.gzi
    #    - Stream 2:
    #      - Extracts the first (KO ID) and second (contig ID) fields.
    #      - Adds the header
    #      - Compresses the file with bgzipa and creates an index for it.
    #        The processed data ends in ERZ101_ko_per_contig.tsv.gz and ERZ101_ko_per_contig.tsv.gz.gzi
    #
    # Both output TSV files are compressed using bgzip, and an index is created for each.
    # The compressed files are compatible with gz format, and the index facilitates access on the website.

    # If there is a retry csvtk will fail with the files already exist
    rm -f ERZ101_ko_summary.tsv.gz || true
    rm -f ERZ101_ko_summary.tsv.gz.gzi || true

    rm -f ERZ101_ko_per_contig.tsv.gz || true
    rm -f ERZ101_ko_per_contig.tsv.gz || true

    # Configure csvtk to use tabs
    export CSVTK_T=true

    hmmsearch_tblout_to_tsv.py ERZ101.tbl.gz | csvtk replace --no-header-row --fields 2 --pattern '^([A-Za-z0-9]+_[0-9]+).*$' --replacement '$1' | \
    tee \
        >(csvtk cut --num-cpus 4 --no-header-row --fields 1 | \
            csvtk add-header --num-cpus 4 --no-header-row --names ko | \
            csvtk join --lazy-quotes --num-cpus 4 --fields ""ko;knum"" - ko_list | \
            csvtk cut --num-cpus 4 --fields ""ko,definition"" | \
            csvtk del-header --num-cpus 4 | \
            csvtk freq --num-cpus 4 --no-header-row --fields 1,2 --reverse --sort-by-freq | \
            csvtk add-header --num-cpus 4 --no-header-row --names ko,description,count | \
            bgzip --stdout -@4 --index --index-name ERZ101_ko_summary.tsv.gz.gzi > ERZ101_ko_summary.tsv.gz
        ) | \
        csvtk cut --num-cpus 4 --no-header-row --fields 1,2 | \
        csvtk add-header --num-cpus 4 --no-header-row --names ko,contig_id | \
        bgzip --stdout -@4 --index --index-name ERZ101_ko_per_contig.tsv.gz.gzi > ERZ101_ko_per_contig.tsv.gz

    # Sanity Check
    # This section verifies that the input file contains at least a few valid annotations.
    # Specifically, it checks that there are at least 2 non-comment lines in the input tblout file.
    # If the input meets this criterion, we expect the output TSV files to be non-empty.

    # Function to check if a gzipped file has at least 2 non-comment lines
    check_gz_file_lines() {
        local gz_file=""$1""

        line_count=$(zcat ""$gz_file"" | grep -v '^#' |  head -n 2 | wc -l)

        # Check if the line count is less than 2
        if [[ $line_count -lt 2 ]]; then
            # Return false if there are less than 2 lines
            return 1
        fi
        # Return true if there are at least 2 lines
        return 0
    }

    # Check if the input file has lines and if the output files are not empty
    if check_gz_file_lines ""ERZ101.tbl.gz""; then
        # If the input file has lines, check the output files
        if ! check_gz_file_lines ""ERZ101_ko_summary.tsv.gz"" || ! check_gz_file_lines ""ERZ101_ko_per_contig.tsv.gz""; then
            echo ""Error: One or more output files do not have at least 2 lines.""
            exit 1
        fi
    else
        echo ""Warning: The input file does not have at least non-comments 2 lines. Skipping output file checks.""
    fi

    cat <<-END_VERSIONS > versions.yml
    ""EBIMETAGENOMICS:ASSEMBLY_ANALYSIS_PIPELINE:FUNCTIONAL_ANNOTATION:KEGG_ORTHOLOGS_SUMMARY"":
        biopython: $(python -c ""import Bio; print(Bio.__version__)"")
        csvtk: $(echo $( csvtk version | sed -e ""s/csvtk v//g"" ))
        tabix: $(echo $(tabix -h 2>&1) | sed 's/^.*Version: //; s/ .*$//')
    END_VERSIONS
    ",,,4,6442450944,,3600000,"PYTHONNOUSERSITE=1
R_PROFILE_USER=/.Rprofile
R_ENVIRON_USER=/.Renviron
JULIA_DEPOT_PATH=/usr/local/share/julia
PATH=$PATH:/home/martin/Projects/assembly-analysis-pipeline/bin
",,4,0,,AMD Ryzen 5 5600X 6-Core Processor
friendly_goodall,ERZ102,99,93/195633,201247,KEGG_ORTHOLOGS_SUMMARY,[],community.wave.seqera.io/library/csvtk_tabix_pip_biopython:7eabdb397e7420a3,ERZ102,EBIMETAGENOMICS:ASSEMBLY_ANALYSIS_PIPELINE:FUNCTIONAL_ANNOTATION:KEGG_ORTHOLOGS_SUMMARY (ERZ102),COMPLETED,0,1776023614146,1776023614241,1776023615377,1231,178,460.3,0.0,3727360,4874240,3727360,4874240,4404358,10250,924,78,0,20480,1,/home/martin/Projects/assembly-analysis-pipeline/work/93/195633e9d0ceafdeb5931232281134,"
    # This mini-pipeline executes a series of steps to process the hmmsearch output:
    # 1. Parses the hmmsearch_concatenated_tblout using biopython - reading from the stdin into the stdout (less IO)
    # 2. Extracts the contig ID from the protein ID format (e.g., transforms ERZxxx_1_2 to ERZxxx_1), including those from FGS. The proteins are used against the KOFams HMMs
    # 3. Uses the `tee` command to split the output into two distinct streams:
    #    - Stream 1:
    #      - Keeps the KO from the hmmer hits
    #      - Joins the KO with the description using the ko_list file (this files is part of the KO database)
    #      - It cuts the KO and the definiton from the joined file, the definiton is what we use for the description
    #      - It removes the header of the file now (we need to this to avoid a duplicated header when running freq)
    #      - Computes the frequency of each unique KO ID / Description (we do this to keep it simple - it should be only by KO ID but the KO ID + Desc is also unique).
    #        The file is also sorted from most frequent to least
    #      - Adds appropriate header names and reorders the fields, we need a count column that has the frequency count
    #      - We swap the columns, the count has to be the last
    #      - Compresses the file with bgzip and creates an index for it.
    #        The processed data ends in ERZ102_ko_summary.tsv.gz and ERZ102_ko_summary.tsv.gz.gzi
    #    - Stream 2:
    #      - Extracts the first (KO ID) and second (contig ID) fields.
    #      - Adds the header
    #      - Compresses the file with bgzipa and creates an index for it.
    #        The processed data ends in ERZ102_ko_per_contig.tsv.gz and ERZ102_ko_per_contig.tsv.gz.gzi
    #
    # Both output TSV files are compressed using bgzip, and an index is created for each.
    # The compressed files are compatible with gz format, and the index facilitates access on the website.

    # If there is a retry csvtk will fail with the files already exist
    rm -f ERZ102_ko_summary.tsv.gz || true
    rm -f ERZ102_ko_summary.tsv.gz.gzi || true

    rm -f ERZ102_ko_per_contig.tsv.gz || true
    rm -f ERZ102_ko_per_contig.tsv.gz || true

    # Configure csvtk to use tabs
    export CSVTK_T=true

    hmmsearch_tblout_to_tsv.py ERZ102.tbl.gz | csvtk replace --no-header-row --fields 2 --pattern '^([A-Za-z0-9]+_[0-9]+).*$' --replacement '$1' | \
    tee \
        >(csvtk cut --num-cpus 4 --no-header-row --fields 1 | \
            csvtk add-header --num-cpus 4 --no-header-row --names ko | \
            csvtk join --lazy-quotes --num-cpus 4 --fields ""ko;knum"" - ko_list | \
            csvtk cut --num-cpus 4 --fields ""ko,definition"" | \
            csvtk del-header --num-cpus 4 | \
            csvtk freq --num-cpus 4 --no-header-row --fields 1,2 --reverse --sort-by-freq | \
            csvtk add-header --num-cpus 4 --no-header-row --names ko,description,count | \
            bgzip --stdout -@4 --index --index-name ERZ102_ko_summary.tsv.gz.gzi > ERZ102_ko_summary.tsv.gz
        ) | \
        csvtk cut --num-cpus 4 --no-header-row --fields 1,2 | \
        csvtk add-header --num-cpus 4 --no-header-row --names ko,contig_id | \
        bgzip --stdout -@4 --index --index-name ERZ102_ko_per_contig.tsv.gz.gzi > ERZ102_ko_per_contig.tsv.gz

    # Sanity Check
    # This section verifies that the input file contains at least a few valid annotations.
    # Specifically, it checks that there are at least 2 non-comment lines in the input tblout file.
    # If the input meets this criterion, we expect the output TSV files to be non-empty.

    # Function to check if a gzipped file has at least 2 non-comment lines
    check_gz_file_lines() {
        local gz_file=""$1""

        line_count=$(zcat ""$gz_file"" | grep -v '^#' |  head -n 2 | wc -l)

        # Check if the line count is less than 2
        if [[ $line_count -lt 2 ]]; then
            # Return false if there are less than 2 lines
            return 1
        fi
        # Return true if there are at least 2 lines
        return 0
    }

    # Check if the input file has lines and if the output files are not empty
    if check_gz_file_lines ""ERZ102.tbl.gz""; then
        # If the input file has lines, check the output files
        if ! check_gz_file_lines ""ERZ102_ko_summary.tsv.gz"" || ! check_gz_file_lines ""ERZ102_ko_per_contig.tsv.gz""; then
            echo ""Error: One or more output files do not have at least 2 lines.""
            exit 1
        fi
    else
        echo ""Warning: The input file does not have at least non-comments 2 lines. Skipping output file checks.""
    fi

    cat <<-END_VERSIONS > versions.yml
    ""EBIMETAGENOMICS:ASSEMBLY_ANALYSIS_PIPELINE:FUNCTIONAL_ANNOTATION:KEGG_ORTHOLOGS_SUMMARY"":
        biopython: $(python -c ""import Bio; print(Bio.__version__)"")
        csvtk: $(echo $( csvtk version | sed -e ""s/csvtk v//g"" ))
        tabix: $(echo $(tabix -h 2>&1) | sed 's/^.*Version: //; s/ .*$//')
    END_VERSIONS
    ",,,4,6442450944,,3600000,"PYTHONNOUSERSITE=1
R_PROFILE_USER=/.Rprofile
R_ENVIRON_USER=/.Renviron
JULIA_DEPOT_PATH=/usr/local/share/julia
PATH=$PATH:/home/martin/Projects/assembly-analysis-pipeline/bin
",,5,4,,AMD Ryzen 5 5600X 6-Core Processor
friendly_goodall,ERZ101,104,c2/7cd679,201407,OWLTOOLS,[],quay.io/microbiome-informatics/owltools:2024-06-12,ERZ101,EBIMETAGENOMICS:ASSEMBLY_ANALYSIS_PIPELINE:FUNCTIONAL_ANNOTATION:GOSLIM_SWF:OWLTOOLS (ERZ101),COMPLETED,0,1776023614364,1776023614461,1776023616247,1883,813,237.3,0.0,5451776,31440896,5451776,31440896,9547528,749,5105,21,98930688,8192,1,/home/martin/Projects/assembly-analysis-pipeline/work/c2/7cd679bed9a86c3be7fbf90831b448,"
    owltools \
        go-dummy.obo \
        --gaf ERZ101_ips_annotations.gaf \
        --map2slim \
        --idfile goslim_ids.txt \
        --write-gaf ERZ101_goslim_annotations.gaf

    cat <<-END_VERSIONS > versions.yml
    ""EBIMETAGENOMICS:ASSEMBLY_ANALYSIS_PIPELINE:FUNCTIONAL_ANNOTATION:GOSLIM_SWF:OWLTOOLS"":
        owltools: 2024-06-12
        golism version: 20160705
    END_VERSIONS
    ",,,1,6442450944,,3600000,"PYTHONNOUSERSITE=1
R_PROFILE_USER=/.Rprofile
R_ENVIRON_USER=/.Renviron
JULIA_DEPOT_PATH=/usr/local/share/julia
PATH=$PATH:/home/martin/Projects/assembly-analysis-pipeline/bin
",,32,3,,AMD Ryzen 5 5600X 6-Core Processor
friendly_goodall,ERZ102,105,6a/e892a7,201855,OWLTOOLS,[],quay.io/microbiome-informatics/owltools:2024-06-12,ERZ102,EBIMETAGENOMICS:ASSEMBLY_ANALYSIS_PIPELINE:FUNCTIONAL_ANNOTATION:GOSLIM_SWF:OWLTOOLS (ERZ102),COMPLETED,0,1776023615381,1776023615477,1776023617135,1754,704,254.4,0.2,30609408,8551694336,30609408,8568283136,9547496,728,5105,21,0,8192,1,/home/martin/Projects/assembly-analysis-pipeline/work/6a/e892a750ab886f2272e44eaa67c72f,"
    owltools \
        go-dummy.obo \
        --gaf ERZ102_ips_annotations.gaf \
        --map2slim \
        --idfile goslim_ids.txt \
        --write-gaf ERZ102_goslim_annotations.gaf

    cat <<-END_VERSIONS > versions.yml
    ""EBIMETAGENOMICS:ASSEMBLY_ANALYSIS_PIPELINE:FUNCTIONAL_ANNOTATION:GOSLIM_SWF:OWLTOOLS"":
        owltools: 2024-06-12
        golism version: 20160705
    END_VERSIONS
    ",,,1,6442450944,,3600000,"PYTHONNOUSERSITE=1
R_PROFILE_USER=/.Rprofile
R_ENVIRON_USER=/.Renviron
JULIA_DEPOT_PATH=/usr/local/share/julia
PATH=$PATH:/home/martin/Projects/assembly-analysis-pipeline/bin
",,10,0,,AMD Ryzen 5 5600X 6-Core Processor
friendly_goodall,ERZ101,106,45/c1996e,202009,KEGGPATHWAYSCOMPLETENESS,[],quay.io/biocontainers/kegg-pathways-completeness:1.3.0--pyhdfd78af_0,ERZ101,EBIMETAGENOMICS:ASSEMBLY_ANALYSIS_PIPELINE:PATHWAYS_AND_SYSTEMS:KEGGPATHWAYSCOMPLETENESS (ERZ101),COMPLETED,0,1776023616250,1776023616348,1776023618409,2159,1000,92.2,0.3,51441664,65167360,51441664,65167360,21327937,1194,2634,28,33062912,20480,1,/home/martin/Projects/assembly-analysis-pipeline/work/45/c1996e4caa9594a36aa7663ac7ff80,"
    # This is a custom script used to adjust the structure of the ko per contig tsv:
    # From:
    # ko      contig_id
    # K07082  MGYA1767_1
    # K09458  MGYA1767_1
    # K02990  MGYA1767_1
    # to ->
    # MGYA1767_1    K07082  K09458  K02990

    aggregate_kos_per_contig.py \
        -i ERZ101_ko_per_contig.tsv.gz \
        -o ERZ101_aggregated_kos_per_contig.tsv

    give_completeness \
        -i ERZ101_aggregated_kos_per_contig.tsv \
        --add-per-contig \
        -o ERZ101

    # TODO should we gzip all the files?
    mv ERZ101/summary.kegg_pathways.tsv ERZ101_kegg_modules_summary.tsv
    mv ERZ101/summary.kegg_contigs.tsv ERZ101_kegg_modules_per_contigs.tsv

    gzip ERZ101_aggregated_kos_per_contig.tsv

    cat <<-END_VERSIONS > versions.yml
    ""EBIMETAGENOMICS:ASSEMBLY_ANALYSIS_PIPELINE:PATHWAYS_AND_SYSTEMS:KEGGPATHWAYSCOMPLETENESS"":
        kegg-pathways-completeness: $(give_completeness --version | cut -d' ' -f2)
    END_VERSIONS
    ",,,1,6442450944,,3600000,"PYTHONNOUSERSITE=1
R_PROFILE_USER=/.Rprofile
R_ENVIRON_USER=/.Renviron
JULIA_DEPOT_PATH=/usr/local/share/julia
PATH=$PATH:/home/martin/Projects/assembly-analysis-pipeline/bin
",,20,56,,AMD Ryzen 5 5600X 6-Core Processor
friendly_goodall,ERZ102,107,08/1b8228,202290,KEGGPATHWAYSCOMPLETENESS,[],quay.io/biocontainers/kegg-pathways-completeness:1.3.0--pyhdfd78af_0,ERZ102,EBIMETAGENOMICS:ASSEMBLY_ANALYSIS_PIPELINE:PATHWAYS_AND_SYSTEMS:KEGGPATHWAYSCOMPLETENESS (ERZ102),COMPLETED,0,1776023617139,1776023617234,1776023619175,2036,1000,100.3,0.1,13717504,19812352,13717504,19812352,21327921,1182,2634,28,0,20480,1,/home/martin/Projects/assembly-analysis-pipeline/work/08/1b8228afcc8b3838f8fb4c317df6a6,"
    # This is a custom script used to adjust the structure of the ko per contig tsv:
    # From:
    # ko      contig_id
    # K07082  MGYA1767_1
    # K09458  MGYA1767_1
    # K02990  MGYA1767_1
    # to ->
    # MGYA1767_1    K07082  K09458  K02990

    aggregate_kos_per_contig.py \
        -i ERZ102_ko_per_contig.tsv.gz \
        -o ERZ102_aggregated_kos_per_contig.tsv

    give_completeness \
        -i ERZ102_aggregated_kos_per_contig.tsv \
        --add-per-contig \
        -o ERZ102

    # TODO should we gzip all the files?
    mv ERZ102/summary.kegg_pathways.tsv ERZ102_kegg_modules_summary.tsv
    mv ERZ102/summary.kegg_contigs.tsv ERZ102_kegg_modules_per_contigs.tsv

    gzip ERZ102_aggregated_kos_per_contig.tsv

    cat <<-END_VERSIONS > versions.yml
    ""EBIMETAGENOMICS:ASSEMBLY_ANALYSIS_PIPELINE:PATHWAYS_AND_SYSTEMS:KEGGPATHWAYSCOMPLETENESS"":
        kegg-pathways-completeness: $(give_completeness --version | cut -d' ' -f2)
    END_VERSIONS
    ",,,1,6442450944,,3600000,"PYTHONNOUSERSITE=1
R_PROFILE_USER=/.Rprofile
R_ENVIRON_USER=/.Renviron
JULIA_DEPOT_PATH=/usr/local/share/julia
PATH=$PATH:/home/martin/Projects/assembly-analysis-pipeline/bin
",,1,8,,AMD Ryzen 5 5600X 6-Core Processor
friendly_goodall,ERZ101,108,43/1eef02,202737,MGNIFYPIPELINESTOOLKIT_SUMMARISEGOSLIMS,[],quay.io/biocontainers/mgnify-pipelines-toolkit:1.4.13--pyhdfd78af_0,ERZ101,EBIMETAGENOMICS:ASSEMBLY_ANALYSIS_PIPELINE:FUNCTIONAL_ANNOTATION:GOSLIM_SWF:MGNIFYPIPELINESTOOLKIT_SUMMARISEGOSLIMS (ERZ101),COMPLETED,0,1776023618412,1776023618509,1776023619653,1241,0,81.5,0.0,3383296,4497408,3383296,4497408,5042705,39751,651,30,16007168,49152,1,/home/martin/Projects/assembly-analysis-pipeline/work/43/1eef02b89dba5b191188fad061f678,"
    if [ ""true"" == ""true"" ]; then
        gzip -c -d ERZ101_interproscan.tsv.gz > ERZ101_interproscan.tsv
    fi
    summarise_goslims \
         \
        -go go-dummy.obo \
        -gb goslim_banding_2024.txt \
        -i ERZ101_interproscan.tsv \
        -gaf ERZ101_goslim_annotations.gaf \
        -o ERZ101_summary

    mv ERZ101_summary ERZ101_summary.tsv
    mv ERZ101_summary_slim ERZ101_summary_slim.tsv

    cat <<-END_VERSIONS > versions.yml
    ""EBIMETAGENOMICS:ASSEMBLY_ANALYSIS_PIPELINE:FUNCTIONAL_ANNOTATION:GOSLIM_SWF:MGNIFYPIPELINESTOOLKIT_SUMMARISEGOSLIMS"":
        mgnify-pipelines-toolkit: $(get_mpt_version)
    END_VERSIONS
    ",,,1,6442450944,,3600000,"PYTHONNOUSERSITE=1
R_PROFILE_USER=/.Rprofile
R_ENVIRON_USER=/.Renviron
JULIA_DEPOT_PATH=/usr/local/share/julia
PATH=$PATH:/home/martin/Projects/assembly-analysis-pipeline/bin
",,2,1,,AMD Ryzen 5 5600X 6-Core Processor
friendly_goodall,ERZ102,109,35/f5d520,202876,MGNIFYPIPELINESTOOLKIT_SUMMARISEGOSLIMS,[],quay.io/biocontainers/mgnify-pipelines-toolkit:1.4.13--pyhdfd78af_0,ERZ102,EBIMETAGENOMICS:ASSEMBLY_ANALYSIS_PIPELINE:FUNCTIONAL_ANNOTATION:GOSLIM_SWF:MGNIFYPIPELINESTOOLKIT_SUMMARISEGOSLIMS (ERZ102),COMPLETED,0,1776023619178,1776023619275,1776023620354,1176,0,100.9,0.0,3354624,4497408,3354624,4497408,5043372,40027,651,30,16384,49152,1,/home/martin/Projects/assembly-analysis-pipeline/work/35/f5d520b3e54bd24895b210e2bb5c37,"
    if [ ""true"" == ""true"" ]; then
        gzip -c -d ERZ102_interproscan.tsv.gz > ERZ102_interproscan.tsv
    fi
    summarise_goslims \
         \
        -go go-dummy.obo \
        -gb goslim_banding_2024.txt \
        -i ERZ102_interproscan.tsv \
        -gaf ERZ102_goslim_annotations.gaf \
        -o ERZ102_summary

    mv ERZ102_summary ERZ102_summary.tsv
    mv ERZ102_summary_slim ERZ102_summary_slim.tsv

    cat <<-END_VERSIONS > versions.yml
    ""EBIMETAGENOMICS:ASSEMBLY_ANALYSIS_PIPELINE:FUNCTIONAL_ANNOTATION:GOSLIM_SWF:MGNIFYPIPELINESTOOLKIT_SUMMARISEGOSLIMS"":
        mgnify-pipelines-toolkit: $(get_mpt_version)
    END_VERSIONS
    ",,,1,6442450944,,3600000,"PYTHONNOUSERSITE=1
R_PROFILE_USER=/.Rprofile
R_ENVIRON_USER=/.Renviron
JULIA_DEPOT_PATH=/usr/local/share/julia
PATH=$PATH:/home/martin/Projects/assembly-analysis-pipeline/bin
",,2,1,,AMD Ryzen 5 5600X 6-Core Processor
friendly_goodall,ERZ101,112,b2/fbcad5,203070,SUMMARISE_FOR_DRAM_INPUT,[],community.wave.seqera.io/library/pandas:2.2.3--9b034ee33172d809,ERZ101,EBIMETAGENOMICS:ASSEMBLY_ANALYSIS_PIPELINE:PATHWAYS_AND_SYSTEMS:DRAM_DISTILL_SWF:SUMMARISE_FOR_DRAM_INPUT (ERZ101),COMPLETED,0,1776023619656,1776023619753,1776023621238,1582,515,187.0,0.1,13414400,18735104,13414400,18735104,12984343,870,1251,17,97779712,8192,1,/home/martin/Projects/assembly-analysis-pipeline/work/b2/fbcad5589f7d5fc6db99660e95f2de,"
    # For every assembly analysis, this script extracts:
    # - Columns X and Y from the interpro summary (namely, Pfam ID and description)
    # - A consensus from dbcan_overview.txt for CAZy families
    # - Kegg Orthologs IDs
    # It then produces a tsv table for dram distill to generate tabular and visual annotation summaries

    summarise_for_dram.py \
        --prefix ERZ101 \
        --fasta ERZ101.faa.gz \
        --ko-per-contig ERZ101_aggregated_kos_per_contig.tsv.gz \
        --interproscan ERZ101_interproscan.tsv.gz \
        --dbcan-overview ERZ101_dbcan_overview.tsv.gz

    cat <<-END_VERSIONS > versions.yml
    ""EBIMETAGENOMICS:ASSEMBLY_ANALYSIS_PIPELINE:PATHWAYS_AND_SYSTEMS:DRAM_DISTILL_SWF:SUMMARISE_FOR_DRAM_INPUT"":
        python: $(python --version 2>&1 | sed 's/Python //g')
    END_VERSIONS
    ",,,1,6442450944,,3600000,"PYTHONNOUSERSITE=1
R_PROFILE_USER=/.Rprofile
R_ENVIRON_USER=/.Renviron
JULIA_DEPOT_PATH=/usr/local/share/julia
PATH=$PATH:/home/martin/Projects/assembly-analysis-pipeline/bin
",,32,11,,AMD Ryzen 5 5600X 6-Core Processor
friendly_goodall,ERZ101,110,7f/49920a,203294,TABIX_BGZIP_KEGGPATHWAYSCOMPLETENESS_PER_CONTIG,[],quay.io/biocontainers/htslib:1.20--h5efdd21_2,ERZ101,EBIMETAGENOMICS:ASSEMBLY_ANALYSIS_PIPELINE:PATHWAYS_AND_SYSTEMS:TABIX_BGZIP_KEGGPATHWAYSCOMPLETENESS_PER_CONTIG (ERZ101),COMPLETED,0,1776023620358,1776023620455,1776023621412,1054,0,92.3,0.0,3334144,4497408,3334144,4497408,99784,3412,211,48,2637824,12288,1,/home/martin/Projects/assembly-analysis-pipeline/work/7f/49920a11afbc3e009ba797d8bfc5bc,"
    bgzip  -c --index --index-name ERZ101_kegg_modules_per_contigs.tsv.gz.gzi -@1 ERZ101_kegg_modules_per_contigs.tsv > ERZ101_kegg_modules_per_contigs.tsv.gz

    cat <<-END_VERSIONS > versions.yml
    ""EBIMETAGENOMICS:ASSEMBLY_ANALYSIS_PIPELINE:PATHWAYS_AND_SYSTEMS:TABIX_BGZIP_KEGGPATHWAYSCOMPLETENESS_PER_CONTIG"":
        tabix: $(echo $(tabix -h 2>&1) | sed 's/^.*Version: //; s/ .*$//')
    END_VERSIONS
    ",,,1,6442450944,,3600000,"PYTHONNOUSERSITE=1
R_PROFILE_USER=/.Rprofile
R_ENVIRON_USER=/.Renviron
JULIA_DEPOT_PATH=/usr/local/share/julia
PATH=$PATH:/home/martin/Projects/assembly-analysis-pipeline/bin
",,1,1,,AMD Ryzen 5 5600X 6-Core Processor
friendly_goodall,ERZ101,111,c5/be52df,203535,TABIX_BGZIP_KEGGPATHWAYSCOMPLETENESS,[],quay.io/biocontainers/htslib:1.20--h5efdd21_2,ERZ101,EBIMETAGENOMICS:ASSEMBLY_ANALYSIS_PIPELINE:PATHWAYS_AND_SYSTEMS:TABIX_BGZIP_KEGGPATHWAYSCOMPLETENESS (ERZ101),COMPLETED,0,1776023621242,1776023621339,1776023622285,1043,0,133.3,0.0,3407872,4497408,3407872,4497408,99721,3378,229,48,0,12288,1,/home/martin/Projects/assembly-analysis-pipeline/work/c5/be52df0ba20565d0797bf062895aa3,"
    bgzip  -c --index --index-name ERZ101_kegg_modules_summary.tsv.gz.gzi -@1 ERZ101_kegg_modules_summary.tsv > ERZ101_kegg_modules_summary.tsv.gz

    cat <<-END_VERSIONS > versions.yml
    ""EBIMETAGENOMICS:ASSEMBLY_ANALYSIS_PIPELINE:PATHWAYS_AND_SYSTEMS:TABIX_BGZIP_KEGGPATHWAYSCOMPLETENESS"":
        tabix: $(echo $(tabix -h 2>&1) | sed 's/^.*Version: //; s/ .*$//')
    END_VERSIONS
    ",,,1,6442450944,,3600000,"PYTHONNOUSERSITE=1
R_PROFILE_USER=/.Rprofile
R_ENVIRON_USER=/.Renviron
JULIA_DEPOT_PATH=/usr/local/share/julia
PATH=$PATH:/home/martin/Projects/assembly-analysis-pipeline/bin
",,1,0,,AMD Ryzen 5 5600X 6-Core Processor
friendly_goodall,ERZ102,114,d6/e580d3,203748,TABIX_BGZIP_KEGGPATHWAYSCOMPLETENESS,[],quay.io/biocontainers/htslib:1.20--h5efdd21_2,ERZ102,EBIMETAGENOMICS:ASSEMBLY_ANALYSIS_PIPELINE:PATHWAYS_AND_SYSTEMS:TABIX_BGZIP_KEGGPATHWAYSCOMPLETENESS (ERZ102),COMPLETED,0,1776023621415,1776023621512,1776023622487,1072,0,60.0,0.0,3399680,4497408,3399680,4497408,99720,3377,229,48,0,12288,1,/home/martin/Projects/assembly-analysis-pipeline/work/d6/e580d3a7c84b8adb31900fad5474bf,"
    bgzip  -c --index --index-name ERZ102_kegg_modules_summary.tsv.gz.gzi -@1 ERZ102_kegg_modules_summary.tsv > ERZ102_kegg_modules_summary.tsv.gz

    cat <<-END_VERSIONS > versions.yml
    ""EBIMETAGENOMICS:ASSEMBLY_ANALYSIS_PIPELINE:PATHWAYS_AND_SYSTEMS:TABIX_BGZIP_KEGGPATHWAYSCOMPLETENESS"":
        tabix: $(echo $(tabix -h 2>&1) | sed 's/^.*Version: //; s/ .*$//')
    END_VERSIONS
    ",,,1,6442450944,,3600000,"PYTHONNOUSERSITE=1
R_PROFILE_USER=/.Rprofile
R_ENVIRON_USER=/.Renviron
JULIA_DEPOT_PATH=/usr/local/share/julia
PATH=$PATH:/home/martin/Projects/assembly-analysis-pipeline/bin
",,1,2,,AMD Ryzen 5 5600X 6-Core Processor
friendly_goodall,ERZ102,113,c6/b27d40,203968,TABIX_BGZIP_KEGGPATHWAYSCOMPLETENESS_PER_CONTIG,[],quay.io/biocontainers/htslib:1.20--h5efdd21_2,ERZ102,EBIMETAGENOMICS:ASSEMBLY_ANALYSIS_PIPELINE:PATHWAYS_AND_SYSTEMS:TABIX_BGZIP_KEGGPATHWAYSCOMPLETENESS_PER_CONTIG (ERZ102),COMPLETED,0,1776023622288,1776023622385,1776023623246,958,0,63.2,0.0,3297280,4497408,3297280,4497408,99773,3403,232,48,8192,12288,1,/home/martin/Projects/assembly-analysis-pipeline/work/c6/b27d409f7302e3267d64df2c12aae4,"
    bgzip  -c --index --index-name ERZ102_kegg_modules_per_contigs.tsv.gz.gzi -@1 ERZ102_kegg_modules_per_contigs.tsv > ERZ102_kegg_modules_per_contigs.tsv.gz

    cat <<-END_VERSIONS > versions.yml
    ""EBIMETAGENOMICS:ASSEMBLY_ANALYSIS_PIPELINE:PATHWAYS_AND_SYSTEMS:TABIX_BGZIP_KEGGPATHWAYSCOMPLETENESS_PER_CONTIG"":
        tabix: $(echo $(tabix -h 2>&1) | sed 's/^.*Version: //; s/ .*$//')
    END_VERSIONS
    ",,,1,6442450944,,3600000,"PYTHONNOUSERSITE=1
R_PROFILE_USER=/.Rprofile
R_ENVIRON_USER=/.Renviron
JULIA_DEPOT_PATH=/usr/local/share/julia
PATH=$PATH:/home/martin/Projects/assembly-analysis-pipeline/bin
",,1,0,,AMD Ryzen 5 5600X 6-Core Processor
friendly_goodall,ERZ102,115,50/981f5d,204183,SUMMARISE_FOR_DRAM_INPUT,[],community.wave.seqera.io/library/pandas:2.2.3--9b034ee33172d809,ERZ102,EBIMETAGENOMICS:ASSEMBLY_ANALYSIS_PIPELINE:PATHWAYS_AND_SYSTEMS:DRAM_DISTILL_SWF:SUMMARISE_FOR_DRAM_INPUT (ERZ102),COMPLETED,0,1776023622490,1776023622587,1776023623880,1390,358,258.3,0.1,14061568,19935232,14061568,19935232,12984540,902,1251,17,20480,8192,1,/home/martin/Projects/assembly-analysis-pipeline/work/50/981f5dab7d1d9ec6146e01f519b204,"
    # For every assembly analysis, this script extracts:
    # - Columns X and Y from the interpro summary (namely, Pfam ID and description)
    # - A consensus from dbcan_overview.txt for CAZy families
    # - Kegg Orthologs IDs
    # It then produces a tsv table for dram distill to generate tabular and visual annotation summaries

    summarise_for_dram.py \
        --prefix ERZ102 \
        --fasta ERZ102.faa.gz \
        --ko-per-contig ERZ102_aggregated_kos_per_contig.tsv.gz \
        --interproscan ERZ102_interproscan.tsv.gz \
        --dbcan-overview ERZ102_dbcan_overview.tsv.gz

    cat <<-END_VERSIONS > versions.yml
    ""EBIMETAGENOMICS:ASSEMBLY_ANALYSIS_PIPELINE:PATHWAYS_AND_SYSTEMS:DRAM_DISTILL_SWF:SUMMARISE_FOR_DRAM_INPUT"":
        python: $(python --version 2>&1 | sed 's/Python //g')
    END_VERSIONS
    ",,,1,6442450944,,3600000,"PYTHONNOUSERSITE=1
R_PROFILE_USER=/.Rprofile
R_ENVIRON_USER=/.Renviron
JULIA_DEPOT_PATH=/usr/local/share/julia
PATH=$PATH:/home/martin/Projects/assembly-analysis-pipeline/bin
",,1,1,,AMD Ryzen 5 5600X 6-Core Processor
friendly_goodall,ERZ101,117,90/559d56,204405,TABIX_BGZIP_GO,[],quay.io/biocontainers/htslib:1.20--h5efdd21_2,ERZ101,EBIMETAGENOMICS:ASSEMBLY_ANALYSIS_PIPELINE:FUNCTIONAL_ANNOTATION:TABIX_BGZIP_GO (ERZ101),COMPLETED,0,1776023623249,1776023623346,1776023624278,1029,0,66.7,0.0,3342336,4497408,3342336,4497408,99569,3300,233,48,0,12288,1,/home/martin/Projects/assembly-analysis-pipeline/work/90/559d56cdbff79c673c1e7d5dcf4975,"
    bgzip  -c --index --index-name ERZ101_go_summary.tsv.gz.gzi -@1 ERZ101_summary.tsv > ERZ101_go_summary.tsv.gz

    cat <<-END_VERSIONS > versions.yml
    ""EBIMETAGENOMICS:ASSEMBLY_ANALYSIS_PIPELINE:FUNCTIONAL_ANNOTATION:TABIX_BGZIP_GO"":
        tabix: $(echo $(tabix -h 2>&1) | sed 's/^.*Version: //; s/ .*$//')
    END_VERSIONS
    ",,,1,6442450944,,3600000,"PYTHONNOUSERSITE=1
R_PROFILE_USER=/.Rprofile
R_ENVIRON_USER=/.Renviron
JULIA_DEPOT_PATH=/usr/local/share/julia
PATH=$PATH:/home/martin/Projects/assembly-analysis-pipeline/bin
",,1,0,,AMD Ryzen 5 5600X 6-Core Processor
friendly_goodall,ERZ101,116,12/6e8671,204641,TABIX_BGZIP_GOSLIM,[],quay.io/biocontainers/htslib:1.20--h5efdd21_2,ERZ101,EBIMETAGENOMICS:ASSEMBLY_ANALYSIS_PIPELINE:FUNCTIONAL_ANNOTATION:TABIX_BGZIP_GOSLIM (ERZ101),COMPLETED,0,1776023623883,1776023623980,1776023624903,1020,0,70.6,0.0,3321856,4497408,3321856,4497408,105898,4807,234,48,4096,12288,1,/home/martin/Projects/assembly-analysis-pipeline/work/12/6e867187a6ce4908e843d59a3ca23b,"
    bgzip  -c --index --index-name ERZ101_goslim_summary.tsv.gz.gzi -@1 ERZ101_summary_slim.tsv > ERZ101_goslim_summary.tsv.gz

    cat <<-END_VERSIONS > versions.yml
    ""EBIMETAGENOMICS:ASSEMBLY_ANALYSIS_PIPELINE:FUNCTIONAL_ANNOTATION:TABIX_BGZIP_GOSLIM"":
        tabix: $(echo $(tabix -h 2>&1) | sed 's/^.*Version: //; s/ .*$//')
    END_VERSIONS
    ",,,1,6442450944,,3600000,"PYTHONNOUSERSITE=1
R_PROFILE_USER=/.Rprofile
R_ENVIRON_USER=/.Renviron
JULIA_DEPOT_PATH=/usr/local/share/julia
PATH=$PATH:/home/martin/Projects/assembly-analysis-pipeline/bin
",,1,1,,AMD Ryzen 5 5600X 6-Core Processor
friendly_goodall,ERZ102,119,c2/5d1945,204855,TABIX_BGZIP_GO,[],quay.io/biocontainers/htslib:1.20--h5efdd21_2,ERZ102,EBIMETAGENOMICS:ASSEMBLY_ANALYSIS_PIPELINE:FUNCTIONAL_ANNOTATION:TABIX_BGZIP_GO (ERZ102),COMPLETED,0,1776023624281,1776023624379,1776023625338,1057,0,126.3,0.0,3366912,4497408,3366912,4497408,99570,3301,220,48,0,12288,1,/home/martin/Projects/assembly-analysis-pipeline/work/c2/5d19457c39bbd579afd88228a9ac88,"
    bgzip  -c --index --index-name ERZ102_go_summary.tsv.gz.gzi -@1 ERZ102_summary.tsv > ERZ102_go_summary.tsv.gz

    cat <<-END_VERSIONS > versions.yml
    ""EBIMETAGENOMICS:ASSEMBLY_ANALYSIS_PIPELINE:FUNCTIONAL_ANNOTATION:TABIX_BGZIP_GO"":
        tabix: $(echo $(tabix -h 2>&1) | sed 's/^.*Version: //; s/ .*$//')
    END_VERSIONS
    ",,,1,6442450944,,3600000,"PYTHONNOUSERSITE=1
R_PROFILE_USER=/.Rprofile
R_ENVIRON_USER=/.Renviron
JULIA_DEPOT_PATH=/usr/local/share/julia
PATH=$PATH:/home/martin/Projects/assembly-analysis-pipeline/bin
",,1,1,,AMD Ryzen 5 5600X 6-Core Processor
friendly_goodall,ERZ102,118,4d/72d3a8,205090,TABIX_BGZIP_GOSLIM,[],quay.io/biocontainers/htslib:1.20--h5efdd21_2,ERZ102,EBIMETAGENOMICS:ASSEMBLY_ANALYSIS_PIPELINE:FUNCTIONAL_ANNOTATION:TABIX_BGZIP_GOSLIM (ERZ102),COMPLETED,0,1776023624906,1776023625003,1776023625991,1085,0,126.3,0.0,3330048,4497408,3330048,4497408,105898,4808,235,48,0,12288,1,/home/martin/Projects/assembly-analysis-pipeline/work/4d/72d3a89183724becab5119fab4b4de,"
    bgzip  -c --index --index-name ERZ102_goslim_summary.tsv.gz.gzi -@1 ERZ102_summary_slim.tsv > ERZ102_goslim_summary.tsv.gz

    cat <<-END_VERSIONS > versions.yml
    ""EBIMETAGENOMICS:ASSEMBLY_ANALYSIS_PIPELINE:FUNCTIONAL_ANNOTATION:TABIX_BGZIP_GOSLIM"":
        tabix: $(echo $(tabix -h 2>&1) | sed 's/^.*Version: //; s/ .*$//')
    END_VERSIONS
    ",,,1,6442450944,,3600000,"PYTHONNOUSERSITE=1
R_PROFILE_USER=/.Rprofile
R_ENVIRON_USER=/.Renviron
JULIA_DEPOT_PATH=/usr/local/share/julia
PATH=$PATH:/home/martin/Projects/assembly-analysis-pipeline/bin
",,1,2,,AMD Ryzen 5 5600X 6-Core Processor
friendly_goodall,ERZ101,92,30/4b6484,205476,GENOMEPROPERTIES,[],quay.io/microbiome-informatics/genome-properties:2.0,ERZ101,EBIMETAGENOMICS:ASSEMBLY_ANALYSIS_PIPELINE:PATHWAYS_AND_SYSTEMS:GENOMEPROPERTIES (ERZ101),COMPLETED,0,1776023625995,1776023626091,1776023627392,1397,379,92.7,0.0,9687040,13438976,9687040,13455360,5044323,2286610,845,271,10637312,2310144,1,/home/martin/Projects/assembly-analysis-pipeline/work/30/4b6484b79f4aebf5bee870ba925c76,"
    if [ ""true"" == ""true"" ]; then
        gzip -c -d ERZ101_interproscan.tsv.gz > ERZ101_interproscan.tsv
    fi
    assign_genome_properties.pl \
        -all -outfiles table -outfiles web_json -outfiles summary \
        -matches ERZ101_interproscan.tsv \
        -gpdir /opt/genome-properties/flatfiles/ \
        -gpff genomeProperties.txt \
        -name ERZ101

    mv JSON_ERZ101 ERZ101_gp.json
    mv SUMMARY_FILE_ERZ101 ERZ101_gp.txt
    mv TABLE_ERZ101 ERZ101_gp.tsv

    gzip ERZ101_gp.{json,txt,tsv}

    cat <<-END_VERSIONS > versions.yml
    ""EBIMETAGENOMICS:ASSEMBLY_ANALYSIS_PIPELINE:PATHWAYS_AND_SYSTEMS:GENOMEPROPERTIES"":
        Genome Properties: 2.0
    END_VERSIONS
    ",,,4,16106127360,,3600000,"PYTHONNOUSERSITE=1
R_PROFILE_USER=/.Rprofile
R_ENVIRON_USER=/.Renviron
JULIA_DEPOT_PATH=/usr/local/share/julia
PATH=$PATH:/home/martin/Projects/assembly-analysis-pipeline/bin
",,44,2,,AMD Ryzen 5 5600X 6-Core Processor
friendly_goodall,ERZ101,91,e8/3bdd35,205701,SEQKIT_SEQ_BGC,[],quay.io/biocontainers/seqkit:2.9.0--h9ee0642_0,ERZ101,EBIMETAGENOMICS:ASSEMBLY_ANALYSIS_PIPELINE:PATHWAYS_AND_SYSTEMS:SEQKIT_SEQ_BGC (ERZ101),COMPLETED,0,1776023627394,1776023627492,1776023628427,1033,0,92.3,0.0,10489856,1280942080,10489856,1280942080,230738,152147,197,25,18964480,40960,1,/home/martin/Projects/assembly-analysis-pipeline/work/e8/3bdd352bdf748989ac0692db7c4bd8,"
    seqkit \
        seq \
        --threads 2 \
        --min-len 1000 \
        ERZ101_filtered_contigs.fasta.gz \
        | gzip -c  \
        > ERZ101_bgc_len_filtered.fasta.gz

    cat <<-END_VERSIONS > versions.yml
    ""EBIMETAGENOMICS:ASSEMBLY_ANALYSIS_PIPELINE:PATHWAYS_AND_SYSTEMS:SEQKIT_SEQ_BGC"":
        seqkit: $(seqkit version | cut -d' ' -f2)
    END_VERSIONS
    ",,,2,12884901888,,3600000,"PYTHONNOUSERSITE=1
R_PROFILE_USER=/.Rprofile
R_ENVIRON_USER=/.Renviron
JULIA_DEPOT_PATH=/usr/local/share/julia
PATH=$PATH:/home/martin/Projects/assembly-analysis-pipeline/bin
",,14,0,,AMD Ryzen 5 5600X 6-Core Processor
friendly_goodall,ERZ102,96,c0/618219,205962,GENOMEPROPERTIES,[],quay.io/microbiome-informatics/genome-properties:2.0,ERZ102,EBIMETAGENOMICS:ASSEMBLY_ANALYSIS_PIPELINE:PATHWAYS_AND_SYSTEMS:GENOMEPROPERTIES (ERZ102),COMPLETED,0,1776023628430,1776023628527,1776023629761,1331,331,101.2,0.0,10526720,14286848,10526720,14303232,5044696,2287744,845,271,0,2310144,1,/home/martin/Projects/assembly-analysis-pipeline/work/c0/618219945544f9be058c50ea869564,"
    if [ ""true"" == ""true"" ]; then
        gzip -c -d ERZ102_interproscan.tsv.gz > ERZ102_interproscan.tsv
    fi
    assign_genome_properties.pl \
        -all -outfiles table -outfiles web_json -outfiles summary \
        -matches ERZ102_interproscan.tsv \
        -gpdir /opt/genome-properties/flatfiles/ \
        -gpff genomeProperties.txt \
        -name ERZ102

    mv JSON_ERZ102 ERZ102_gp.json
    mv SUMMARY_FILE_ERZ102 ERZ102_gp.txt
    mv TABLE_ERZ102 ERZ102_gp.tsv

    gzip ERZ102_gp.{json,txt,tsv}

    cat <<-END_VERSIONS > versions.yml
    ""EBIMETAGENOMICS:ASSEMBLY_ANALYSIS_PIPELINE:PATHWAYS_AND_SYSTEMS:GENOMEPROPERTIES"":
        Genome Properties: 2.0
    END_VERSIONS
    ",,,4,16106127360,,3600000,"PYTHONNOUSERSITE=1
R_PROFILE_USER=/.Rprofile
R_ENVIRON_USER=/.Renviron
JULIA_DEPOT_PATH=/usr/local/share/julia
PATH=$PATH:/home/martin/Projects/assembly-analysis-pipeline/bin
",,2,1,,AMD Ryzen 5 5600X 6-Core Processor
friendly_goodall,ERZ102,97,26/2d926a,206189,SEQKIT_SEQ_BGC,[],quay.io/biocontainers/seqkit:2.9.0--h9ee0642_0,ERZ102,EBIMETAGENOMICS:ASSEMBLY_ANALYSIS_PIPELINE:PATHWAYS_AND_SYSTEMS:SEQKIT_SEQ_BGC (ERZ102),COMPLETED,0,1776023629764,1776023629862,1776023630729,965,0,100.0,0.0,5685248,8941568,5685248,8941568,207594,128482,196,24,24576,36864,1,/home/martin/Projects/assembly-analysis-pipeline/work/26/2d926adbf5495e2cdfb31a24cab301,"
    seqkit \
        seq \
        --threads 2 \
        --min-len 1000 \
        ERZ102_filtered_contigs.fasta.gz \
        | gzip -c  \
        > ERZ102_bgc_len_filtered.fasta.gz

    cat <<-END_VERSIONS > versions.yml
    ""EBIMETAGENOMICS:ASSEMBLY_ANALYSIS_PIPELINE:PATHWAYS_AND_SYSTEMS:SEQKIT_SEQ_BGC"":
        seqkit: $(seqkit version | cut -d' ' -f2)
    END_VERSIONS
    ",,,2,12884901888,,3600000,"PYTHONNOUSERSITE=1
R_PROFILE_USER=/.Rprofile
R_ENVIRON_USER=/.Renviron
JULIA_DEPOT_PATH=/usr/local/share/julia
PATH=$PATH:/home/martin/Projects/assembly-analysis-pipeline/bin
",,2,1,,AMD Ryzen 5 5600X 6-Core Processor
friendly_goodall,ERZ102,100,3f/f03b96,206454,CONCATENATE_DBCAN_HMMOUT,[],quay.io/biocontainers/csvtk:0.31.0--h9ee0642_0,ERZ102,EBIMETAGENOMICS:ASSEMBLY_ANALYSIS_PIPELINE:FUNCTIONAL_ANNOTATION:CONCATENATE_DBCAN_HMMOUT (ERZ102),COMPLETED,0,1776023630732,1776023630829,1776023631784,1052,0,100.0,0.0,3309568,4497408,3309568,4497408,77253,666,185,22,0,8192,1,/home/martin/Projects/assembly-analysis-pipeline/work/3f/f03b969dcf3903fff86d38393cd2de,"
    csvtk \
        concat \
         \
        --num-cpus 2 \
        --delimiter ""	"" \
        --out-delimiter ""	"" \
        --out-file ERZ102_dbcan_sub_hmm.tsv.gz \
        inputs/csv1/ERZ102.tsv.gz

    cat <<-END_VERSIONS > versions.yml
    ""EBIMETAGENOMICS:ASSEMBLY_ANALYSIS_PIPELINE:FUNCTIONAL_ANNOTATION:CONCATENATE_DBCAN_HMMOUT"":
        csvtk: $(echo $( csvtk version | sed -e ""s/csvtk v//g"" ))
    END_VERSIONS
    ",,,2,12884901888,,3600000,"PYTHONNOUSERSITE=1
R_PROFILE_USER=/.Rprofile
R_ENVIRON_USER=/.Renviron
JULIA_DEPOT_PATH=/usr/local/share/julia
PATH=$PATH:/home/martin/Projects/assembly-analysis-pipeline/bin
",,1,0,,AMD Ryzen 5 5600X 6-Core Processor
friendly_goodall,ERZ101,101,b7/6342e0,206681,CONCATENATE_DBCAN_HMMOUT,[],quay.io/biocontainers/csvtk:0.31.0--h9ee0642_0,ERZ101,EBIMETAGENOMICS:ASSEMBLY_ANALYSIS_PIPELINE:FUNCTIONAL_ANNOTATION:CONCATENATE_DBCAN_HMMOUT (ERZ101),COMPLETED,0,1776023631787,1776023631885,1776023632827,1040,0,100.0,0.0,3502080,4497408,3502080,4497408,77269,677,185,22,0,8192,1,/home/martin/Projects/assembly-analysis-pipeline/work/b7/6342e00bee582a0930b9acc07caad7,"
    csvtk \
        concat \
         \
        --num-cpus 2 \
        --delimiter ""	"" \
        --out-delimiter ""	"" \
        --out-file ERZ101_dbcan_sub_hmm.tsv.gz \
        inputs/csv1/ERZ101.tsv.gz

    cat <<-END_VERSIONS > versions.yml
    ""EBIMETAGENOMICS:ASSEMBLY_ANALYSIS_PIPELINE:FUNCTIONAL_ANNOTATION:CONCATENATE_DBCAN_HMMOUT"":
        csvtk: $(echo $( csvtk version | sed -e ""s/csvtk v//g"" ))
    END_VERSIONS
    ",,,2,12884901888,,3600000,"PYTHONNOUSERSITE=1
R_PROFILE_USER=/.Rprofile
R_ENVIRON_USER=/.Renviron
JULIA_DEPOT_PATH=/usr/local/share/julia
PATH=$PATH:/home/martin/Projects/assembly-analysis-pipeline/bin
",,1,1,,AMD Ryzen 5 5600X 6-Core Processor
friendly_goodall,ERZ102,102,22/3bfad4,206912,CONCATENATE_EGGNOGMAPPER_ANNOTATIONS,[],quay.io/biocontainers/pigz:2.3.4,ERZ102,EBIMETAGENOMICS:ASSEMBLY_ANALYSIS_PIPELINE:FUNCTIONAL_ANNOTATION:CONCATENATE_EGGNOGMAPPER_ANNOTATIONS (ERZ102),COMPLETED,0,1776023632831,1776023632927,1776023634887,2056,0,109.1,0.0,3096576,11583488,3096576,11587584,44755,819,153,20,4096,12288,1,/home/martin/Projects/assembly-analysis-pipeline/work/22/3bfad4aa6940ed67905418fbe1a063,"
    cat \
         \
        ERZ102_001_annotations.emapper.annotations \
        | pigz -c -p 2  \
        > ERZ102_emapper_annotations.tsv.gz

    cat <<-END_VERSIONS > versions.yml
    ""EBIMETAGENOMICS:ASSEMBLY_ANALYSIS_PIPELINE:FUNCTIONAL_ANNOTATION:CONCATENATE_EGGNOGMAPPER_ANNOTATIONS"":
        pigz: $( pigz --version 2>&1 | sed 's/pigz //g' )
    END_VERSIONS
    ",,,2,12884901888,,3600000,"PYTHONNOUSERSITE=1
R_PROFILE_USER=/.Rprofile
R_ENVIRON_USER=/.Renviron
JULIA_DEPOT_PATH=/usr/local/share/julia
PATH=$PATH:/home/martin/Projects/assembly-analysis-pipeline/bin
",,3,0,,AMD Ryzen 5 5600X 6-Core Processor
friendly_goodall,ERZ101,103,4a/ae5d60,207153,CONCATENATE_EGGNOGMAPPER_ANNOTATIONS,[],quay.io/biocontainers/pigz:2.3.4,ERZ101,EBIMETAGENOMICS:ASSEMBLY_ANALYSIS_PIPELINE:FUNCTIONAL_ANNOTATION:CONCATENATE_EGGNOGMAPPER_ANNOTATIONS (ERZ101),COMPLETED,0,1776023634890,1776023634987,1776023636887,1997,0,120.0,0.0,2985984,11583488,2985984,11587584,44756,819,153,20,0,12288,1,/home/martin/Projects/assembly-analysis-pipeline/work/4a/ae5d6076719c75422cbe9089cda3d9,"
    cat \
         \
        ERZ101_001_annotations.emapper.annotations \
        | pigz -c -p 2  \
        > ERZ101_emapper_annotations.tsv.gz

    cat <<-END_VERSIONS > versions.yml
    ""EBIMETAGENOMICS:ASSEMBLY_ANALYSIS_PIPELINE:FUNCTIONAL_ANNOTATION:CONCATENATE_EGGNOGMAPPER_ANNOTATIONS"":
        pigz: $( pigz --version 2>&1 | sed 's/pigz //g' )
    END_VERSIONS
    ",,,2,12884901888,,3600000,"PYTHONNOUSERSITE=1
R_PROFILE_USER=/.Rprofile
R_ENVIRON_USER=/.Renviron
JULIA_DEPOT_PATH=/usr/local/share/julia
PATH=$PATH:/home/martin/Projects/assembly-analysis-pipeline/bin
",,3,0,,AMD Ryzen 5 5600X 6-Core Processor
friendly_goodall,ERZ101,120,73/b072ac,207359,DRAM_DISTILL_PER_ASSEMBLY,[],quay.io/biocontainers/dram:1.3.5--pyhdfd78af_0,ERZ101,EBIMETAGENOMICS:ASSEMBLY_ANALYSIS_PIPELINE:PATHWAYS_AND_SYSTEMS:DRAM_DISTILL_SWF:DRAM_DISTILL_PER_ASSEMBLY (ERZ101),COMPLETED,0,1776023636890,1776023636986,1776023640577,3687,3000,112.3,1.3,212299776,1867153408,212299776,1867157504,41141177,1867686,5578,88,212295680,1904640,1,/home/martin/Projects/assembly-analysis-pipeline/work/73/b072ac12ee52d70436d6f21c8d2d70,"
    if [ ""false"" == ""true"" ]; then
        gzip -c -d ERZ101_summary_for_dram.tsv > ERZ101_summary_for_dram.tsv
    fi

    DRAM.py \
        distill \
        -i ERZ101_summary_for_dram.tsv  \
        -o dram_out \
        

    mv dram_out/product.html ERZ101_dram.html
    mv dram_out/product.tsv ERZ101_dram.tsv
    mv dram_out/genome_stats.tsv ERZ101_genome_stats.tsv
    mv dram_out/metabolism_summary.xlsx ERZ101_metabolism_summary.xlsx

    gzip ERZ101_dram.html
    gzip ERZ101_dram.tsv
    gzip ERZ101_genome_stats.tsv
    gzip ERZ101_metabolism_summary.xlsx

    cat <<-END_VERSIONS > versions.yml
    ""EBIMETAGENOMICS:ASSEMBLY_ANALYSIS_PIPELINE:PATHWAYS_AND_SYSTEMS:DRAM_DISTILL_SWF:DRAM_DISTILL_PER_ASSEMBLY"":
        dram: 1.3.5
        dram databases: 1.3.0
    END_VERSIONS
    ",,,4,16106127360,,3600000,"PYTHONNOUSERSITE=1
R_PROFILE_USER=/.Rprofile
R_ENVIRON_USER=/.Renviron
JULIA_DEPOT_PATH=/usr/local/share/julia
PATH=$PATH:/home/martin/Projects/assembly-analysis-pipeline/bin
",,3027,81,,AMD Ryzen 5 5600X 6-Core Processor
friendly_goodall,ERZ102,121,33/0d7724,207724,DRAM_DISTILL_PER_ASSEMBLY,[],quay.io/biocontainers/dram:1.3.5--pyhdfd78af_0,ERZ102,EBIMETAGENOMICS:ASSEMBLY_ANALYSIS_PIPELINE:PATHWAYS_AND_SYSTEMS:DRAM_DISTILL_SWF:DRAM_DISTILL_PER_ASSEMBLY (ERZ102),COMPLETED,0,1776023640580,1776023640677,1776023643758,3178,2000,127.8,1.3,211972096,1866039296,211972096,1867091968,41141201,1867656,5578,88,0,1904640,1,/home/martin/Projects/assembly-analysis-pipeline/work/33/0d772462ee2538232755b16fc70983,"
    if [ ""false"" == ""true"" ]; then
        gzip -c -d ERZ102_summary_for_dram.tsv > ERZ102_summary_for_dram.tsv
    fi

    DRAM.py \
        distill \
        -i ERZ102_summary_for_dram.tsv  \
        -o dram_out \
        

    mv dram_out/product.html ERZ102_dram.html
    mv dram_out/product.tsv ERZ102_dram.tsv
    mv dram_out/genome_stats.tsv ERZ102_genome_stats.tsv
    mv dram_out/metabolism_summary.xlsx ERZ102_metabolism_summary.xlsx

    gzip ERZ102_dram.html
    gzip ERZ102_dram.tsv
    gzip ERZ102_genome_stats.tsv
    gzip ERZ102_metabolism_summary.xlsx

    cat <<-END_VERSIONS > versions.yml
    ""EBIMETAGENOMICS:ASSEMBLY_ANALYSIS_PIPELINE:PATHWAYS_AND_SYSTEMS:DRAM_DISTILL_SWF:DRAM_DISTILL_PER_ASSEMBLY"":
        dram: 1.3.5
        dram databases: 1.3.0
    END_VERSIONS
    ",,,4,16106127360,,3600000,"PYTHONNOUSERSITE=1
R_PROFILE_USER=/.Rprofile
R_ENVIRON_USER=/.Renviron
JULIA_DEPOT_PATH=/usr/local/share/julia
PATH=$PATH:/home/martin/Projects/assembly-analysis-pipeline/bin
",,7,56,,AMD Ryzen 5 5600X 6-Core Processor
friendly_goodall,samplesheet,122,d4/d5b4e3,208078,DRAM_DISTILL_PER_SAMPLESHEET,[],quay.io/biocontainers/dram:1.3.5--pyhdfd78af_0,samplesheet,EBIMETAGENOMICS:ASSEMBLY_ANALYSIS_PIPELINE:PATHWAYS_AND_SYSTEMS:DRAM_DISTILL_SWF:DRAM_DISTILL_PER_SAMPLESHEET (samplesheet),COMPLETED,0,1776023643761,1776023643858,1776023646968,3207,2000,130.3,1.3,213733376,1867075584,213733376,1868128256,41298632,2036245,5591,89,0,2072576,1,/home/martin/Projects/assembly-analysis-pipeline/work/d4/d5b4e3bb4a5065c318e2a6749e6cfb,"
    if [ ""false"" == ""true"" ]; then
        gzip -c -d samplesheet_dram_input.tsv > samplesheet_dram_input.tsv
    fi

    DRAM.py \
        distill \
        -i samplesheet_dram_input.tsv  \
        -o dram_out \
        

    mv dram_out/product.html samplesheet_dram.html
    mv dram_out/product.tsv samplesheet_dram.tsv
    mv dram_out/genome_stats.tsv samplesheet_genome_stats.tsv
    mv dram_out/metabolism_summary.xlsx samplesheet_metabolism_summary.xlsx

    gzip samplesheet_dram.html
    gzip samplesheet_dram.tsv
    gzip samplesheet_genome_stats.tsv
    gzip samplesheet_metabolism_summary.xlsx

    cat <<-END_VERSIONS > versions.yml
    ""EBIMETAGENOMICS:ASSEMBLY_ANALYSIS_PIPELINE:PATHWAYS_AND_SYSTEMS:DRAM_DISTILL_SWF:DRAM_DISTILL_PER_SAMPLESHEET"":
        dram: 1.3.5
        dram databases: 1.3.0
    END_VERSIONS
    ",,,4,16106127360,,3600000,"PYTHONNOUSERSITE=1
R_PROFILE_USER=/.Rprofile
R_ENVIRON_USER=/.Renviron
JULIA_DEPOT_PATH=/usr/local/share/julia
PATH=$PATH:/home/martin/Projects/assembly-analysis-pipeline/bin
",,9,32,,AMD Ryzen 5 5600X 6-Core Processor
friendly_goodall,ERZ101,123,e3/783b33,208441,SEQKIT_SPLIT2,[],quay.io/biocontainers/seqkit:2.8.1--h9ee0642_0,ERZ101,EBIMETAGENOMICS:ASSEMBLY_ANALYSIS_PIPELINE:PATHWAYS_AND_SYSTEMS:SEQKIT_SPLIT2 (ERZ101),COMPLETED,0,1776023646971,1776023647068,1776023648087,1116,0,87.3,0.0,4788224,1276301312,4788224,1276301312,123012,48091,188,28,18567168,40960,1,/home/martin/Projects/assembly-analysis-pipeline/work/e3/783b33fe5a35f0b18a15940dc0c47a,"
    seqkit \
        split2 \
         --by-length 50M --by-length-prefix ERZ101_  \
        --threads 4 \
        ERZ101_bgc_len_filtered.fasta.gz \
        --out-dir ERZ101

    cat <<-END_VERSIONS > versions.yml
    ""EBIMETAGENOMICS:ASSEMBLY_ANALYSIS_PIPELINE:PATHWAYS_AND_SYSTEMS:SEQKIT_SPLIT2"":
        seqkit: $(echo $(seqkit 2>&1) | sed 's/^.*Version: //; s/ .*$//')
    END_VERSIONS
    ",,,4,16106127360,,3600000,"PYTHONNOUSERSITE=1
R_PROFILE_USER=/.Rprofile
R_ENVIRON_USER=/.Renviron
JULIA_DEPOT_PATH=/usr/local/share/julia
PATH=$PATH:/home/martin/Projects/assembly-analysis-pipeline/bin
",,11,3,,AMD Ryzen 5 5600X 6-Core Processor
friendly_goodall,ERZ102,124,5b/4620ab,208679,SEQKIT_SPLIT2,[],quay.io/biocontainers/seqkit:2.8.1--h9ee0642_0,ERZ102,EBIMETAGENOMICS:ASSEMBLY_ANALYSIS_PIPELINE:PATHWAYS_AND_SYSTEMS:SEQKIT_SPLIT2 (ERZ102),COMPLETED,0,1776023648090,1776023648188,1776023649132,1042,1000,137.1,0.0,3379200,4497408,3379200,4497408,117557,42481,188,28,0,36864,1,/home/martin/Projects/assembly-analysis-pipeline/work/5b/4620ab200ba0751bdf26cc993a652f,"
    seqkit \
        split2 \
         --by-length 50M --by-length-prefix ERZ102_  \
        --threads 4 \
        ERZ102_bgc_len_filtered.fasta.gz \
        --out-dir ERZ102

    cat <<-END_VERSIONS > versions.yml
    ""EBIMETAGENOMICS:ASSEMBLY_ANALYSIS_PIPELINE:PATHWAYS_AND_SYSTEMS:SEQKIT_SPLIT2"":
        seqkit: $(echo $(seqkit 2>&1) | sed 's/^.*Version: //; s/ .*$//')
    END_VERSIONS
    ",,,4,16106127360,,3600000,"PYTHONNOUSERSITE=1
R_PROFILE_USER=/.Rprofile
R_ENVIRON_USER=/.Renviron
JULIA_DEPOT_PATH=/usr/local/share/julia
PATH=$PATH:/home/martin/Projects/assembly-analysis-pipeline/bin
",,1,0,,AMD Ryzen 5 5600X 6-Core Processor
friendly_goodall,ERZ101,126,55/a3d850,208923,FILTER_IPS_AND_FAA_BY_CONTIGS,[],community.wave.seqera.io/library/seqkit_python:fa0b5f9a20082dfc,ERZ101,EBIMETAGENOMICS:ASSEMBLY_ANALYSIS_PIPELINE:PATHWAYS_AND_SYSTEMS:FILTER_IPS_AND_FAA_BY_CONTIGS (ERZ101),COMPLETED,0,1776023649135,1776023649232,1776023650262,1127,103,112.5,0.5,73756672,1333080064,73756672,1333080064,2081550,11676,410,26,35561472,20480,1,/home/martin/Projects/assembly-analysis-pipeline/work/55/a3d850018d562a6f53ba422443dffd,"
    filter_ips_by_contigs.py \
        --contigs ERZ101_001.fasta.gz \
        --ips ERZ101_interproscan.tsv.gz \
        --out ERZ101_filtered_ips.tsv.gz | \
    seqkit grep \
        --threads 4 \
        -f - \
        ERZ101.faa.gz \
        -o ERZ101_filtered.faa.gz

    cat <<-END_VERSIONS > versions.yml
    ""EBIMETAGENOMICS:ASSEMBLY_ANALYSIS_PIPELINE:PATHWAYS_AND_SYSTEMS:FILTER_IPS_AND_FAA_BY_CONTIGS"":
        seqkit: $( seqkit version | sed 's/seqkit v//' )
        python: $( python3 --version | sed 's/Python //' )
    END_VERSIONS
    ",,,4,16106127360,,3600000,"PYTHONNOUSERSITE=1
R_PROFILE_USER=/.Rprofile
R_ENVIRON_USER=/.Renviron
JULIA_DEPOT_PATH=/usr/local/share/julia
PATH=$PATH:/home/martin/Projects/assembly-analysis-pipeline/bin
",,105,4,,AMD Ryzen 5 5600X 6-Core Processor
friendly_goodall,ERZ101,125,39/12ee87,209207,ANTISMASH_ANTISMASH,[],quay.io/nf-core/antismash:8.0.1--pyhdfd78af_0,ERZ101,EBIMETAGENOMICS:ASSEMBLY_ANALYSIS_PIPELINE:PATHWAYS_AND_SYSTEMS:ANTISMASH_ANTISMASH (ERZ101),COMPLETED,0,1776023650268,1776023650362,1776023660789,10521,9000,104.4,1.6,273510400,2274676736,327974912,2424262656,1706528714,7583115,341282,2157,617160704,2785280,1,/home/martin/Projects/assembly-analysis-pipeline/work/39/12ee872fc0f8e9a447f3004d38ef23,"
    ## We specifically do not include on-the-fly annotations (--genefinding-tool none) as
    ## this should be run as a separate module for versioning purposes

    if [ ""true"" == ""true"" ]; then
        # - remove in case of retry - #
        rm -f ERZ101_001.fasta
        gzip -c -d ERZ101_001.fasta.gz > ERZ101_001.fasta
    fi

    if [ ""true"" == ""true"" ]; then
        # - remove in case of retry - #
        rm -f ERZ101.gff
        gunzip -c -d ERZ101.gff.gz > ERZ101.gff
    fi

    antismash \
        --no-enable-html \
        --genefinding-gff3 ERZ101.gff \
        -c 4 \
        --output-dir ERZ101_001 \
        --output-basename ERZ101_001 \
        --genefinding-tool none \
        --logfile ERZ101_001/ERZ101_001.log \
        --databases antismash \
        ERZ101_001.fasta

    cat <<-END_VERSIONS > versions.yml
    ""EBIMETAGENOMICS:ASSEMBLY_ANALYSIS_PIPELINE:PATHWAYS_AND_SYSTEMS:ANTISMASH_ANTISMASH"":
        antismash: $(echo $(antismash --version) | sed 's/antiSMASH //;s/-.*//g')
        antismash database: 8.0.0
    END_VERSIONS
    ",,,4,16106127360,,3600000,"PYTHONNOUSERSITE=1
R_PROFILE_USER=/.Rprofile
R_ENVIRON_USER=/.Renviron
JULIA_DEPOT_PATH=/usr/local/share/julia
PATH=$PATH:/home/martin/Projects/assembly-analysis-pipeline/bin
",,3856,228,,AMD Ryzen 5 5600X 6-Core Processor
friendly_goodall,ERZ102,127,66/8e97a8,222267,FILTER_IPS_AND_FAA_BY_CONTIGS,[],community.wave.seqera.io/library/seqkit_python:fa0b5f9a20082dfc,ERZ102,EBIMETAGENOMICS:ASSEMBLY_ANALYSIS_PIPELINE:PATHWAYS_AND_SYSTEMS:FILTER_IPS_AND_FAA_BY_CONTIGS (ERZ102),COMPLETED,0,1776023660792,1776023660889,1776023661914,1122,74,140.4,0.5,75034624,1401171968,75034624,1401208832,2076198,11895,410,26,40960,20480,1,/home/martin/Projects/assembly-analysis-pipeline/work/66/8e97a872642f671b4a5496523ac84e,"
    filter_ips_by_contigs.py \
        --contigs ERZ102_001.fasta.gz \
        --ips ERZ102_interproscan.tsv.gz \
        --out ERZ102_filtered_ips.tsv.gz | \
    seqkit grep \
        --threads 4 \
        -f - \
        ERZ102.faa.gz \
        -o ERZ102_filtered.faa.gz

    cat <<-END_VERSIONS > versions.yml
    ""EBIMETAGENOMICS:ASSEMBLY_ANALYSIS_PIPELINE:PATHWAYS_AND_SYSTEMS:FILTER_IPS_AND_FAA_BY_CONTIGS"":
        seqkit: $( seqkit version | sed 's/seqkit v//' )
        python: $( python3 --version | sed 's/Python //' )
    END_VERSIONS
    ",,,4,16106127360,,3600000,"PYTHONNOUSERSITE=1
R_PROFILE_USER=/.Rprofile
R_ENVIRON_USER=/.Renviron
JULIA_DEPOT_PATH=/usr/local/share/julia
PATH=$PATH:/home/martin/Projects/assembly-analysis-pipeline/bin
",,61,13,,AMD Ryzen 5 5600X 6-Core Processor
friendly_goodall,ERZ102,128,e2/2f6ccf,222572,ANTISMASH_ANTISMASH,[],quay.io/nf-core/antismash:8.0.1--pyhdfd78af_0,ERZ102,EBIMETAGENOMICS:ASSEMBLY_ANALYSIS_PIPELINE:PATHWAYS_AND_SYSTEMS:ANTISMASH_ANTISMASH (ERZ102),COMPLETED,0,1776023661919,1776023662014,1776023670803,8884,8000,116.9,1.5,266121216,2320973824,327643136,2424049664,1308352828,7240781,264363,2024,897024,2424832,1,/home/martin/Projects/assembly-analysis-pipeline/work/e2/2f6ccfa800b90bdf05cd9a0a6c04d1,"
    ## We specifically do not include on-the-fly annotations (--genefinding-tool none) as
    ## this should be run as a separate module for versioning purposes

    if [ ""true"" == ""true"" ]; then
        # - remove in case of retry - #
        rm -f ERZ102_001.fasta
        gzip -c -d ERZ102_001.fasta.gz > ERZ102_001.fasta
    fi

    if [ ""true"" == ""true"" ]; then
        # - remove in case of retry - #
        rm -f ERZ102.gff
        gunzip -c -d ERZ102.gff.gz > ERZ102.gff
    fi

    antismash \
        --no-enable-html \
        --genefinding-gff3 ERZ102.gff \
        -c 4 \
        --output-dir ERZ102_001 \
        --output-basename ERZ102_001 \
        --genefinding-tool none \
        --logfile ERZ102_001/ERZ102_001.log \
        --databases antismash \
        ERZ102_001.fasta

    cat <<-END_VERSIONS > versions.yml
    ""EBIMETAGENOMICS:ASSEMBLY_ANALYSIS_PIPELINE:PATHWAYS_AND_SYSTEMS:ANTISMASH_ANTISMASH"":
        antismash: $(echo $(antismash --version) | sed 's/antiSMASH //;s/-.*//g')
        antismash database: 8.0.0
    END_VERSIONS
    ",,,4,16106127360,,3600000,"PYTHONNOUSERSITE=1
R_PROFILE_USER=/.Rprofile
R_ENVIRON_USER=/.Renviron
JULIA_DEPOT_PATH=/usr/local/share/julia
PATH=$PATH:/home/martin/Projects/assembly-analysis-pipeline/bin
",,800,103,,AMD Ryzen 5 5600X 6-Core Processor
friendly_goodall,ERZ101,129,a5/86205f,236348,SANNTIS,[],quay.io/biocontainers/sanntis:0.9.4.1--pyhdfd78af_0,ERZ101,EBIMETAGENOMICS:ASSEMBLY_ANALYSIS_PIPELINE:PATHWAYS_AND_SYSTEMS:SANNTIS (ERZ101),COMPLETED,0,1776023670806,1776023670904,1776023676966,6160,5000,120.4,2.3,383401984,4163973120,389218304,4213583872,653808286,82739,139856,83,512290816,118784,1,/home/martin/Projects/assembly-analysis-pipeline/work/a5/86205f444b5f2cec9ce259cf324f84,"
    if [ ""true"" == ""true"" ]; then
         gzip -c -d ERZ101_filtered_ips.tsv.gz > ERZ101_filtered_ips.tsv
    fi

    gzip -c -d ERZ101_filtered.faa.gz > ERZ101_filtered.faa

    sanntis \
        --ip-file ERZ101_filtered_ips.tsv \
        --outfile ERZ101_sanntis.gff \
        --cpu 4 \
         \
        --is_protein ERZ101_filtered.faa

    gzip ERZ101_sanntis.gff

    # Purge the decompressed files to save storage
    rm -f ERZ101_filtered.faa
    if [ ""true"" == ""true"" ]; then
         rm -f ERZ101_filtered_ips.tsv
    fi

    cat <<-END_VERSIONS > versions.yml
    ""EBIMETAGENOMICS:ASSEMBLY_ANALYSIS_PIPELINE:PATHWAYS_AND_SYSTEMS:SANNTIS"":
        SanntiS: $(sanntis --version | sed ""s/SanntiS\ //g"")
    END_VERSIONS
    ",,,4,12884901888,,3600000,"PYTHONNOUSERSITE=1
R_PROFILE_USER=/.Rprofile
R_ENVIRON_USER=/.Renviron
JULIA_DEPOT_PATH=/usr/local/share/julia
PATH=$PATH:/home/martin/Projects/assembly-analysis-pipeline/bin
",,3797,206,,AMD Ryzen 5 5600X 6-Core Processor
friendly_goodall,ERZ101,130,b7/47eb96,237069,ANTISMASH_JSON_TO_GFF,[],quay.io/biocontainers/mgnify-pipelines-toolkit:1.2.0--pyhdfd78af_0,ERZ101,EBIMETAGENOMICS:ASSEMBLY_ANALYSIS_PIPELINE:PATHWAYS_AND_SYSTEMS:ANTISMASH_JSON_TO_GFF (ERZ101),COMPLETED,0,1776023676970,1776023677066,1776023678847,1877,1000,152.2,0.1,11780096,17309696,11780096,17342464,20000911,16466,1738,19,97316864,24576,1,/home/martin/Projects/assembly-analysis-pipeline/work/b7/47eb96795e175dc7e81efc303b5d11,"
    antismash_gff_builder \
        --input ERZ101_001.json \
        --output ERZ101_001.gff

    gzip ERZ101_001.gff

    cat <<-END_VERSIONS > versions.yml
    ""EBIMETAGENOMICS:ASSEMBLY_ANALYSIS_PIPELINE:PATHWAYS_AND_SYSTEMS:ANTISMASH_JSON_TO_GFF"":
        mgnify-pipelines-toolkit: $(get_mpt_version)
    END_VERSIONS
    ",,,2,12884901888,,3600000,"PYTHONNOUSERSITE=1
R_PROFILE_USER=/.Rprofile
R_ENVIRON_USER=/.Renviron
JULIA_DEPOT_PATH=/usr/local/share/julia
PATH=$PATH:/home/martin/Projects/assembly-analysis-pipeline/bin
",,9,7,,AMD Ryzen 5 5600X 6-Core Processor
friendly_goodall,ERZ102,131,47/f9cd59,237319,SANNTIS,[],quay.io/biocontainers/sanntis:0.9.4.1--pyhdfd78af_0,ERZ102,EBIMETAGENOMICS:ASSEMBLY_ANALYSIS_PIPELINE:PATHWAYS_AND_SYSTEMS:SANNTIS (ERZ102),COMPLETED,0,1776023678850,1776023678946,1776023684003,5153,4000,131.3,2.2,374034432,4179517440,382722048,4238004224,653129050,81732,139686,85,7970816,81920,1,/home/martin/Projects/assembly-analysis-pipeline/work/47/f9cd59f9177a5f47c02e16c33a14db,"
    if [ ""true"" == ""true"" ]; then
         gzip -c -d ERZ102_filtered_ips.tsv.gz > ERZ102_filtered_ips.tsv
    fi

    gzip -c -d ERZ102_filtered.faa.gz > ERZ102_filtered.faa

    sanntis \
        --ip-file ERZ102_filtered_ips.tsv \
        --outfile ERZ102_sanntis.gff \
        --cpu 4 \
         \
        --is_protein ERZ102_filtered.faa

    gzip ERZ102_sanntis.gff

    # Purge the decompressed files to save storage
    rm -f ERZ102_filtered.faa
    if [ ""true"" == ""true"" ]; then
         rm -f ERZ102_filtered_ips.tsv
    fi

    cat <<-END_VERSIONS > versions.yml
    ""EBIMETAGENOMICS:ASSEMBLY_ANALYSIS_PIPELINE:PATHWAYS_AND_SYSTEMS:SANNTIS"":
        SanntiS: $(sanntis --version | sed ""s/SanntiS\ //g"")
    END_VERSIONS
    ",,,4,12884901888,,3600000,"PYTHONNOUSERSITE=1
R_PROFILE_USER=/.Rprofile
R_ENVIRON_USER=/.Renviron
JULIA_DEPOT_PATH=/usr/local/share/julia
PATH=$PATH:/home/martin/Projects/assembly-analysis-pipeline/bin
",,69,74,,AMD Ryzen 5 5600X 6-Core Processor
friendly_goodall,ERZ102,132,64/2c0542,237957,ANTISMASH_JSON_TO_GFF,[],quay.io/biocontainers/mgnify-pipelines-toolkit:1.2.0--pyhdfd78af_0,ERZ102,EBIMETAGENOMICS:ASSEMBLY_ANALYSIS_PIPELINE:PATHWAYS_AND_SYSTEMS:ANTISMASH_JSON_TO_GFF (ERZ102),COMPLETED,0,1776023684006,1776023684103,1776023685573,1567,1000,189.0,0.1,12595200,17620992,12595200,17620992,19964527,12289,1738,19,2699264,20480,1,/home/martin/Projects/assembly-analysis-pipeline/work/64/2c054233e1d8ba776136cf363f3f5a,"
    antismash_gff_builder \
        --input ERZ102_001.json \
        --output ERZ102_001.gff

    gzip ERZ102_001.gff

    cat <<-END_VERSIONS > versions.yml
    ""EBIMETAGENOMICS:ASSEMBLY_ANALYSIS_PIPELINE:PATHWAYS_AND_SYSTEMS:ANTISMASH_JSON_TO_GFF"":
        mgnify-pipelines-toolkit: $(get_mpt_version)
    END_VERSIONS
    ",,,2,12884901888,,3600000,"PYTHONNOUSERSITE=1
R_PROFILE_USER=/.Rprofile
R_ENVIRON_USER=/.Renviron
JULIA_DEPOT_PATH=/usr/local/share/julia
PATH=$PATH:/home/martin/Projects/assembly-analysis-pipeline/bin
",,2,2,,AMD Ryzen 5 5600X 6-Core Processor
friendly_goodall,ERZ101,134,f8/4d006d,238216,MERGE_ANTISMASH_JSON,[],community.wave.seqera.io/library/jq:1.5--c7925a380686afaf,ERZ101,EBIMETAGENOMICS:ASSEMBLY_ANALYSIS_PIPELINE:PATHWAYS_AND_SYSTEMS:MERGE_ANTISMASH_JSON (ERZ101),COMPLETED,0,1776023685576,1776023685674,1776023686645,1069,16,138.5,0.0,3768320,4874240,3768320,4874240,317353,308143,249,92,1105920,315392,1,/home/martin/Projects/assembly-analysis-pipeline/work/f8/4d006d40a4abc915a78370b4947266,"
    jq -s '
        reduce .[] as $item (
            {
                version: null,
                input_file: ""ERZ101.fasta"",
                taxon: null,
                schema: null,
                timings: {},
                records: []
            };
            {
                version: $item.version,
                input_file: ""ERZ101.fasta"",
                taxon: $item.taxon,
                schema: $item.schema,
                timings: (.timings + ($item.timings // {})),
                records: (.records + ($item.records // []))
            }
        )' ERZ101_001.json > ERZ101_merged.json

    cat <<-END_VERSIONS > versions.yml
    ""EBIMETAGENOMICS:ASSEMBLY_ANALYSIS_PIPELINE:PATHWAYS_AND_SYSTEMS:MERGE_ANTISMASH_JSON"":
        jq: $(jq -V 2>&1 | sed 's/jq-//g')
    END_VERSIONS
    ",,,4,16106127360,,3600000,"PYTHONNOUSERSITE=1
R_PROFILE_USER=/.Rprofile
R_ENVIRON_USER=/.Renviron
JULIA_DEPOT_PATH=/usr/local/share/julia
PATH=$PATH:/home/martin/Projects/assembly-analysis-pipeline/bin
",,1,2,,AMD Ryzen 5 5600X 6-Core Processor
friendly_goodall,ERZ102,135,f5/044194,238449,MERGE_ANTISMASH_JSON,[],community.wave.seqera.io/library/jq:1.5--c7925a380686afaf,ERZ102,EBIMETAGENOMICS:ASSEMBLY_ANALYSIS_PIPELINE:PATHWAYS_AND_SYSTEMS:MERGE_ANTISMASH_JSON (ERZ102),COMPLETED,0,1776023686650,1776023686745,1776023687696,1046,13,109.1,0.0,3747840,4874240,3747840,4874240,284737,265264,241,81,4096,270336,1,/home/martin/Projects/assembly-analysis-pipeline/work/f5/0441947d93a843c5821645e6ba4af0,"
    jq -s '
        reduce .[] as $item (
            {
                version: null,
                input_file: ""ERZ102.fasta"",
                taxon: null,
                schema: null,
                timings: {},
                records: []
            };
            {
                version: $item.version,
                input_file: ""ERZ102.fasta"",
                taxon: $item.taxon,
                schema: $item.schema,
                timings: (.timings + ($item.timings // {})),
                records: (.records + ($item.records // []))
            }
        )' ERZ102_001.json > ERZ102_merged.json

    cat <<-END_VERSIONS > versions.yml
    ""EBIMETAGENOMICS:ASSEMBLY_ANALYSIS_PIPELINE:PATHWAYS_AND_SYSTEMS:MERGE_ANTISMASH_JSON"":
        jq: $(jq -V 2>&1 | sed 's/jq-//g')
    END_VERSIONS
    ",,,4,16106127360,,3600000,"PYTHONNOUSERSITE=1
R_PROFILE_USER=/.Rprofile
R_ENVIRON_USER=/.Renviron
JULIA_DEPOT_PATH=/usr/local/share/julia
PATH=$PATH:/home/martin/Projects/assembly-analysis-pipeline/bin
",,1,0,,AMD Ryzen 5 5600X 6-Core Processor
friendly_goodall,ERZ102,136,e3/4a2c6a,238675,CONCATENATE_ANTISMASH_GBK,[],quay.io/biocontainers/pigz:2.3.4,ERZ102,EBIMETAGENOMICS:ASSEMBLY_ANALYSIS_PIPELINE:PATHWAYS_AND_SYSTEMS:CONCATENATE_ANTISMASH_GBK (ERZ102),COMPLETED,0,1776023687699,1776023687796,1776023689756,2057,0,138.5,0.0,2994176,11583488,2994176,11587584,462573,280621,238,72,892928,81920,1,/home/martin/Projects/assembly-analysis-pipeline/work/e3/4a2c6a41edc12cd6534271b4689de0,"
    cat \
         \
        ERZ102_001.gbk \
        | pigz -c -p 2  \
        > ERZ102_antismash.gbk.gz

    cat <<-END_VERSIONS > versions.yml
    ""EBIMETAGENOMICS:ASSEMBLY_ANALYSIS_PIPELINE:PATHWAYS_AND_SYSTEMS:CONCATENATE_ANTISMASH_GBK"":
        pigz: $( pigz --version 2>&1 | sed 's/pigz //g' )
    END_VERSIONS
    ",,,2,12884901888,,3600000,"PYTHONNOUSERSITE=1
R_PROFILE_USER=/.Rprofile
R_ENVIRON_USER=/.Renviron
JULIA_DEPOT_PATH=/usr/local/share/julia
PATH=$PATH:/home/martin/Projects/assembly-analysis-pipeline/bin
",,1,1,,AMD Ryzen 5 5600X 6-Core Processor
friendly_goodall,ERZ101,133,33/829d95,238940,CONCATENATE_ANTISMASH_GBK,[],quay.io/biocontainers/pigz:2.3.4,ERZ101,EBIMETAGENOMICS:ASSEMBLY_ANALYSIS_PIPELINE:PATHWAYS_AND_SYSTEMS:CONCATENATE_ANTISMASH_GBK (ERZ101),COMPLETED,0,1776023689768,1776023689856,1776023691806,2038,0,144.0,0.0,5767168,181657600,5767168,248418304,537074,330591,255,81,0,94208,1,/home/martin/Projects/assembly-analysis-pipeline/work/33/829d9577a7ad09b49c684559623a2e,"
    cat \
         \
        ERZ101_001.gbk \
        | pigz -c -p 2  \
        > ERZ101_antismash.gbk.gz

    cat <<-END_VERSIONS > versions.yml
    ""EBIMETAGENOMICS:ASSEMBLY_ANALYSIS_PIPELINE:PATHWAYS_AND_SYSTEMS:CONCATENATE_ANTISMASH_GBK"":
        pigz: $( pigz --version 2>&1 | sed 's/pigz //g' )
    END_VERSIONS
    ",,,2,12884901888,,3600000,"PYTHONNOUSERSITE=1
R_PROFILE_USER=/.Rprofile
R_ENVIRON_USER=/.Renviron
JULIA_DEPOT_PATH=/usr/local/share/julia
PATH=$PATH:/home/martin/Projects/assembly-analysis-pipeline/bin
",,6,0,,AMD Ryzen 5 5600X 6-Core Processor
friendly_goodall,ERZ101,137,6b/dd852b,239179,CONCATENATE_SANNTIS_GFFS,[],community.wave.seqera.io/library/python:3.13.1--d00663700fcc8bcf,ERZ101,EBIMETAGENOMICS:ASSEMBLY_ANALYSIS_PIPELINE:PATHWAYS_AND_SYSTEMS:CONCATENATE_SANNTIS_GFFS (ERZ101),COMPLETED,0,1776023691809,1776023691905,1776023692938,1129,39,90.6,0.1,13627392,19804160,13627392,19804160,999656,532,287,18,4194304,8192,1,/home/martin/Projects/assembly-analysis-pipeline/work/6b/dd852b65d1024c3309237a124ab7d5,"
    concatenate_gffs.py \
    --gffs gffs/*.gff.gz  \
    --output ERZ101_sanntis_concatenated.gff.gz

    cat <<-END_VERSIONS > versions.yml
    ""EBIMETAGENOMICS:ASSEMBLY_ANALYSIS_PIPELINE:PATHWAYS_AND_SYSTEMS:CONCATENATE_SANNTIS_GFFS"":
        python: $(python --version 2>&1 | sed 's/Python //g')
    END_VERSIONS
    ",,,1,6442450944,,3600000,"PYTHONNOUSERSITE=1
R_PROFILE_USER=/.Rprofile
R_ENVIRON_USER=/.Renviron
JULIA_DEPOT_PATH=/usr/local/share/julia
PATH=$PATH:/home/martin/Projects/assembly-analysis-pipeline/bin
",,2,3,,AMD Ryzen 5 5600X 6-Core Processor
friendly_goodall,ERZ102,138,53/725ce7,239182,CONCATENATE_SANNTIS_GFFS,[],community.wave.seqera.io/library/python:3.13.1--d00663700fcc8bcf,ERZ102,EBIMETAGENOMICS:ASSEMBLY_ANALYSIS_PIPELINE:PATHWAYS_AND_SYSTEMS:CONCATENATE_SANNTIS_GFFS (ERZ102),COMPLETED,0,1776023691812,1776023691906,1776023692948,1136,34,102.1,0.1,14098432,19984384,14098432,19984384,999635,518,287,18,4096,8192,1,/home/martin/Projects/assembly-analysis-pipeline/work/53/725ce74deb6581a186cea221939b49,"
    concatenate_gffs.py \
    --gffs gffs/*.gff.gz  \
    --output ERZ102_sanntis_concatenated.gff.gz

    cat <<-END_VERSIONS > versions.yml
    ""EBIMETAGENOMICS:ASSEMBLY_ANALYSIS_PIPELINE:PATHWAYS_AND_SYSTEMS:CONCATENATE_SANNTIS_GFFS"":
        python: $(python --version 2>&1 | sed 's/Python //g')
    END_VERSIONS
    ",,,1,6442450944,,3600000,"PYTHONNOUSERSITE=1
R_PROFILE_USER=/.Rprofile
R_ENVIRON_USER=/.Renviron
JULIA_DEPOT_PATH=/usr/local/share/julia
PATH=$PATH:/home/martin/Projects/assembly-analysis-pipeline/bin
",,1,4,,AMD Ryzen 5 5600X 6-Core Processor
friendly_goodall,ERZ101,139,1f/18488a,239637,CONCATENATE_ANTISMASH_GFFS,[],community.wave.seqera.io/library/python:3.13.1--d00663700fcc8bcf,ERZ101,EBIMETAGENOMICS:ASSEMBLY_ANALYSIS_PIPELINE:PATHWAYS_AND_SYSTEMS:CONCATENATE_ANTISMASH_GFFS (ERZ101),COMPLETED,0,1776023692941,1776023692949,1776023694049,1108,35,76.6,0.1,13996032,19804160,13996032,19804160,1001727,2540,287,18,528384,8192,1,/home/martin/Projects/assembly-analysis-pipeline/work/1f/18488a9d493d581c2c7e6c073ecfac,"
    concatenate_gffs.py \
    --gffs gffs/*.gff.gz  \
    --output ERZ101_antismash_concatenated.gff.gz

    cat <<-END_VERSIONS > versions.yml
    ""EBIMETAGENOMICS:ASSEMBLY_ANALYSIS_PIPELINE:PATHWAYS_AND_SYSTEMS:CONCATENATE_ANTISMASH_GFFS"":
        python: $(python --version 2>&1 | sed 's/Python //g')
    END_VERSIONS
    ",,,1,6442450944,,3600000,"PYTHONNOUSERSITE=1
R_PROFILE_USER=/.Rprofile
R_ENVIRON_USER=/.Renviron
JULIA_DEPOT_PATH=/usr/local/share/julia
PATH=$PATH:/home/martin/Projects/assembly-analysis-pipeline/bin
",,2,8,,AMD Ryzen 5 5600X 6-Core Processor
friendly_goodall,ERZ102,140,67/a37beb,239654,CONCATENATE_ANTISMASH_GFFS,[],community.wave.seqera.io/library/python:3.13.1--d00663700fcc8bcf,ERZ102,EBIMETAGENOMICS:ASSEMBLY_ANALYSIS_PIPELINE:PATHWAYS_AND_SYSTEMS:CONCATENATE_ANTISMASH_GFFS (ERZ102),COMPLETED,0,1776023692952,1776023693048,1776023694059,1107,37,94.1,0.1,13959168,19849216,13959168,19849216,1001316,2212,287,18,4096,8192,1,/home/martin/Projects/assembly-analysis-pipeline/work/67/a37beb4c8ab391999cd3719ac2cc2f,"
    concatenate_gffs.py \
    --gffs gffs/*.gff.gz  \
    --output ERZ102_antismash_concatenated.gff.gz

    cat <<-END_VERSIONS > versions.yml
    ""EBIMETAGENOMICS:ASSEMBLY_ANALYSIS_PIPELINE:PATHWAYS_AND_SYSTEMS:CONCATENATE_ANTISMASH_GFFS"":
        python: $(python --version 2>&1 | sed 's/Python //g')
    END_VERSIONS
    ",,,1,6442450944,,3600000,"PYTHONNOUSERSITE=1
R_PROFILE_USER=/.Rprofile
R_ENVIRON_USER=/.Renviron
JULIA_DEPOT_PATH=/usr/local/share/julia
PATH=$PATH:/home/martin/Projects/assembly-analysis-pipeline/bin
",,1,3,,AMD Ryzen 5 5600X 6-Core Processor
friendly_goodall,ERZ101,141,3e/22376d,240093,SANNTIS_SUMMARY,[],quay.io/microbiome-informatics/mgnify-pipelines-toolkit:1.2.0--htslib,ERZ101,EBIMETAGENOMICS:ASSEMBLY_ANALYSIS_PIPELINE:PATHWAYS_AND_SYSTEMS:SANNTIS_SUMMARY (ERZ101),COMPLETED,0,1776023694063,1776023694159,1776023695240,1177,85,66.7,0.1,14454784,22032384,14454784,22032384,2161174,483,396,17,14569472,4096,1,/home/martin/Projects/assembly-analysis-pipeline/work/3e/22376d85ccf0a6c044b074abc03273,"
    # SanntiS produces GFF with just the #gff header if no BGC were found
    if [ ""$(zcat ""ERZ101_sanntis_concatenated.gff.gz"" | wc -l)"" -gt 1 ]; then
        summarise_sanntis_bgcs \
            --sanntis-gff ERZ101_sanntis_concatenated.gff.gz \
            --output ERZ101_sanntis_concatenated_summary.tsv

        bgzip -@2 --index ERZ101_sanntis_concatenated_summary.tsv
    fi

    cat <<-END_VERSIONS > versions.yml
    ""EBIMETAGENOMICS:ASSEMBLY_ANALYSIS_PIPELINE:PATHWAYS_AND_SYSTEMS:SANNTIS_SUMMARY"":
        mgnify-pipelines-toolkit: $(get_mpt_version)
    END_VERSIONS
    ",,,2,12884901888,,3600000,"PYTHONNOUSERSITE=1
R_PROFILE_USER=/.Rprofile
R_ENVIRON_USER=/.Renviron
JULIA_DEPOT_PATH=/usr/local/share/julia
PATH=$PATH:/home/martin/Projects/assembly-analysis-pipeline/bin
",,50,3,,AMD Ryzen 5 5600X 6-Core Processor
friendly_goodall,ERZ102,142,7f/d1d0fa,240352,SANNTIS_SUMMARY,[],quay.io/microbiome-informatics/mgnify-pipelines-toolkit:1.2.0--htslib,ERZ102,EBIMETAGENOMICS:ASSEMBLY_ANALYSIS_PIPELINE:PATHWAYS_AND_SYSTEMS:SANNTIS_SUMMARY (ERZ102),COMPLETED,0,1776023695244,1776023695342,1776023696429,1185,48,114.3,0.1,18038784,25808896,18038784,25808896,2161164,478,396,17,0,4096,1,/home/martin/Projects/assembly-analysis-pipeline/work/7f/d1d0fa511c96d8dffa90bf3bf3b9bd,"
    # SanntiS produces GFF with just the #gff header if no BGC were found
    if [ ""$(zcat ""ERZ102_sanntis_concatenated.gff.gz"" | wc -l)"" -gt 1 ]; then
        summarise_sanntis_bgcs \
            --sanntis-gff ERZ102_sanntis_concatenated.gff.gz \
            --output ERZ102_sanntis_concatenated_summary.tsv

        bgzip -@2 --index ERZ102_sanntis_concatenated_summary.tsv
    fi

    cat <<-END_VERSIONS > versions.yml
    ""EBIMETAGENOMICS:ASSEMBLY_ANALYSIS_PIPELINE:PATHWAYS_AND_SYSTEMS:SANNTIS_SUMMARY"":
        mgnify-pipelines-toolkit: $(get_mpt_version)
    END_VERSIONS
    ",,,2,12884901888,,3600000,"PYTHONNOUSERSITE=1
R_PROFILE_USER=/.Rprofile
R_ENVIRON_USER=/.Renviron
JULIA_DEPOT_PATH=/usr/local/share/julia
PATH=$PATH:/home/martin/Projects/assembly-analysis-pipeline/bin
",,4,3,,AMD Ryzen 5 5600X 6-Core Processor
friendly_goodall,ERZ101,143,85/67cc78,240608,ANTISMASH_SUMMARY,[],quay.io/microbiome-informatics/mgnify-pipelines-toolkit:1.2.0--htslib,ERZ101,EBIMETAGENOMICS:ASSEMBLY_ANALYSIS_PIPELINE:PATHWAYS_AND_SYSTEMS:ANTISMASH_SUMMARY (ERZ101),COMPLETED,0,1776023696433,1776023696530,1776023697787,1354,469,220.1,0.1,13111296,17760256,13111296,17760256,16224193,1064,1440,20,89391104,16384,1,/home/martin/Projects/assembly-analysis-pipeline/work/85/67cc780e7af5e795eb53554593ae79,"
    if [[ $(head -2 ERZ101_antismash_concatenated.gff.gz | wc -l) -gt 1 ]]; then
        summarise_antismash_bgcs \
            --antismash-gff ERZ101_antismash_concatenated.gff.gz \
            --output ERZ101_antismash_concatenated_summary.tsv
        bgzip -@2 --index ERZ101_antismash_concatenated_summary.tsv
    fi

    cat <<-END_VERSIONS > versions.yml
    ""EBIMETAGENOMICS:ASSEMBLY_ANALYSIS_PIPELINE:PATHWAYS_AND_SYSTEMS:ANTISMASH_SUMMARY"":
        mgnify-pipelines-toolkit: $(get_mpt_version)
    END_VERSIONS
    ",,,2,12884901888,,3600000,"PYTHONNOUSERSITE=1
R_PROFILE_USER=/.Rprofile
R_ENVIRON_USER=/.Renviron
JULIA_DEPOT_PATH=/usr/local/share/julia
PATH=$PATH:/home/martin/Projects/assembly-analysis-pipeline/bin
",,8,2,,AMD Ryzen 5 5600X 6-Core Processor
friendly_goodall,ERZ101,144,de/f2d397,240856,CREATE_GFF_SUMMARY,[],quay.io/microbiome-informatics/mgnify-pipelines-toolkit:1.4.9,ERZ101,EBIMETAGENOMICS:ASSEMBLY_ANALYSIS_PIPELINE:GFF_SUMMARY:CREATE_GFF_SUMMARY (ERZ101),COMPLETED,0,1776023697790,1776023697888,1776023699061,1271,165,88.2,0.1,13574144,18882560,13574144,18882560,4402541,9831,666,18,17399808,20480,1,/home/martin/Projects/assembly-analysis-pipeline/work/de/f2d3972acefd058ce85765f69f77d3,"
    process_dbcan_cazys \
        -hmm ERZ101_dbcan_sub_hmm.tsv.gz \
        -g ERZ101.gff.gz \
        -ov ERZ101_dbcan_overview.tsv.gz \
        -v 4.1.4-V13 \
        -o ERZ101_dbcan_cazys.gff

    gff_toolkit \
        -g ERZ101.gff.gz \
        -i ERZ101_interproscan.tsv.gz \
        -e ERZ101_emapper_annotations.tsv.gz \
        -s ERZ101_sanntis_concatenated.gff.gz \
        --antismash ERZ101_antismash_concatenated.gff.gz \
        --dbcan-cazys ERZ101_dbcan_cazys.gff \
        -o ERZ101_annotation_summary.gff

    cat <<-END_VERSIONS > versions.yml
    ""EBIMETAGENOMICS:ASSEMBLY_ANALYSIS_PIPELINE:GFF_SUMMARY:CREATE_GFF_SUMMARY"":
        mgnify-pipelines-toolkit: $(get_mpt_version)
    END_VERSIONS
    ",,,2,12884901888,,3600000,"PYTHONNOUSERSITE=1
R_PROFILE_USER=/.Rprofile
R_ENVIRON_USER=/.Renviron
JULIA_DEPOT_PATH=/usr/local/share/julia
PATH=$PATH:/home/martin/Projects/assembly-analysis-pipeline/bin
",,29,3,,AMD Ryzen 5 5600X 6-Core Processor
friendly_goodall,ERZ102,145,28/a4f7fd,241113,ANTISMASH_SUMMARY,[],quay.io/microbiome-informatics/mgnify-pipelines-toolkit:1.2.0--htslib,ERZ102,EBIMETAGENOMICS:ASSEMBLY_ANALYSIS_PIPELINE:PATHWAYS_AND_SYSTEMS:ANTISMASH_SUMMARY (ERZ102),COMPLETED,0,1776023699065,1776023699161,1776023700517,1452,364,265.5,0.1,13271040,17760256,13271040,17760256,16223795,1323,1440,20,1667072,16384,1,/home/martin/Projects/assembly-analysis-pipeline/work/28/a4f7fd17bb78f976b0ac5b15126be9,"
    if [[ $(head -2 ERZ102_antismash_concatenated.gff.gz | wc -l) -gt 1 ]]; then
        summarise_antismash_bgcs \
            --antismash-gff ERZ102_antismash_concatenated.gff.gz \
            --output ERZ102_antismash_concatenated_summary.tsv
        bgzip -@2 --index ERZ102_antismash_concatenated_summary.tsv
    fi

    cat <<-END_VERSIONS > versions.yml
    ""EBIMETAGENOMICS:ASSEMBLY_ANALYSIS_PIPELINE:PATHWAYS_AND_SYSTEMS:ANTISMASH_SUMMARY"":
        mgnify-pipelines-toolkit: $(get_mpt_version)
    END_VERSIONS
    ",,,2,12884901888,,3600000,"PYTHONNOUSERSITE=1
R_PROFILE_USER=/.Rprofile
R_ENVIRON_USER=/.Renviron
JULIA_DEPOT_PATH=/usr/local/share/julia
PATH=$PATH:/home/martin/Projects/assembly-analysis-pipeline/bin
",,6,8,,AMD Ryzen 5 5600X 6-Core Processor
friendly_goodall,ERZ102,146,6d/dc98e0,241377,CREATE_GFF_SUMMARY,[],quay.io/microbiome-informatics/mgnify-pipelines-toolkit:1.4.9,ERZ102,EBIMETAGENOMICS:ASSEMBLY_ANALYSIS_PIPELINE:GFF_SUMMARY:CREATE_GFF_SUMMARY (ERZ102),COMPLETED,0,1776023700520,1776023700617,1776023701723,1203,115,109.9,0.1,14528512,20430848,14528512,20430848,4402150,8505,666,17,20480,16384,1,/home/martin/Projects/assembly-analysis-pipeline/work/6d/dc98e0b4a0b63eeb204b25a9c76b3f,"
    process_dbcan_cazys \
        -hmm ERZ102_dbcan_sub_hmm.tsv.gz \
        -g ERZ102.gff.gz \
        -ov ERZ102_dbcan_overview.tsv.gz \
        -v 4.1.4-V13 \
        -o ERZ102_dbcan_cazys.gff

    gff_toolkit \
        -g ERZ102.gff.gz \
        -i ERZ102_interproscan.tsv.gz \
        -e ERZ102_emapper_annotations.tsv.gz \
        -s ERZ102_sanntis_concatenated.gff.gz \
        --antismash ERZ102_antismash_concatenated.gff.gz \
        --dbcan-cazys ERZ102_dbcan_cazys.gff \
        -o ERZ102_annotation_summary.gff

    cat <<-END_VERSIONS > versions.yml
    ""EBIMETAGENOMICS:ASSEMBLY_ANALYSIS_PIPELINE:GFF_SUMMARY:CREATE_GFF_SUMMARY"":
        mgnify-pipelines-toolkit: $(get_mpt_version)
    END_VERSIONS
    ",,,2,12884901888,,3600000,"PYTHONNOUSERSITE=1
R_PROFILE_USER=/.Rprofile
R_ENVIRON_USER=/.Renviron
JULIA_DEPOT_PATH=/usr/local/share/julia
PATH=$PATH:/home/martin/Projects/assembly-analysis-pipeline/bin
",,1,1,,AMD Ryzen 5 5600X 6-Core Processor
friendly_goodall,ERZ101,147,a4/89bd9f,241620,GT_GFF3VALIDATOR,[],quay.io/biocontainers/genometools-genometools:1.6.5--py310h3db02ab_0,ERZ101,EBIMETAGENOMICS:ASSEMBLY_ANALYSIS_PIPELINE:GT_GFF3VALIDATOR (ERZ101),COMPLETED,0,1776023701726,1776023701823,1776023702859,1133,0,56.2,0.0,9039872,31244288,9039872,31248384,159252,2273,269,38,18931712,12288,1,/home/martin/Projects/assembly-analysis-pipeline/work/a4/89bd9f1f673adf62368f170db9ea4c,"
    gt \
        gff3validator \
        ""ERZ101_annotation_summary.gff"" \
        > ""ERZ101.stdout"" \
        2> >(tee ""ERZ101.stderr"" >&2) \
        || echo ""Errors from gt-gff3validator printed to ERZ101.error.log""

    if grep -q ""input is valid GFF3"" ""ERZ101.stdout""; then
        echo ""Validation successful...""
        # emit stdout to the success output channel
        mv \
            ""ERZ101.stdout"" \
            ""ERZ101.success.log""
    else
        echo ""Validation failed...""
        # emit stderr to the error output channel
        mv \
            ""ERZ101.stderr"" \
            ""ERZ101.error.log""
    fi

    cat <<-END_VERSIONS > versions.yml
    ""EBIMETAGENOMICS:ASSEMBLY_ANALYSIS_PIPELINE:GT_GFF3VALIDATOR"":
        genometools: $(gt --version | head -1 | sed 's/.*) //')
    END_VERSIONS
    ",,,1,6442450944,,3600000,"PYTHONNOUSERSITE=1
R_PROFILE_USER=/.Rprofile
R_ENVIRON_USER=/.Renviron
JULIA_DEPOT_PATH=/usr/local/share/julia
PATH=$PATH:/home/martin/Projects/assembly-analysis-pipeline/bin
",,23,1,,AMD Ryzen 5 5600X 6-Core Processor
friendly_goodall,ERZ101,148,38/badd43,241627,TABIX_BGZIPTABIX_GFFSUMMARY,[],community.wave.seqera.io/library/htslib:1.21--ff8e28a189fbecaa,ERZ101,EBIMETAGENOMICS:ASSEMBLY_ANALYSIS_PIPELINE:GFF_SUMMARY:TABIX_BGZIPTABIX_GFFSUMMARY (ERZ101),COMPLETED,0,1776023701731,1776023701824,1776023702849,1118,20,77.4,0.0,3686400,4874240,3686400,4874240,128880,4889,245,47,2830336,12288,1,/home/martin/Projects/assembly-analysis-pipeline/work/38/badd434a3c0505d58f137f0a7600a4,"
    bgzip  --threads 1 -c  ERZ101_annotation_summary.gff > ERZ101_annotation_summary.gff.gz
    tabix --threads 1 --csi ERZ101_annotation_summary.gff.gz

    cat <<-END_VERSIONS > versions.yml
    ""EBIMETAGENOMICS:ASSEMBLY_ANALYSIS_PIPELINE:GFF_SUMMARY:TABIX_BGZIPTABIX_GFFSUMMARY"":
        tabix: $(echo $(tabix -h 2>&1) | sed 's/^.*Version: //; s/ .*$//')
    END_VERSIONS
    ",,,1,6442450944,,3600000,"PYTHONNOUSERSITE=1
R_PROFILE_USER=/.Rprofile
R_ENVIRON_USER=/.Renviron
JULIA_DEPOT_PATH=/usr/local/share/julia
PATH=$PATH:/home/martin/Projects/assembly-analysis-pipeline/bin
",,1,0,,AMD Ryzen 5 5600X 6-Core Processor
friendly_goodall,ERZ101,149,dc/1671fd,242125,TABIX_BGZIP_GFFSUMMARY,[],quay.io/biocontainers/htslib:1.20--h5efdd21_2,ERZ101,EBIMETAGENOMICS:ASSEMBLY_ANALYSIS_PIPELINE:GFF_SUMMARY:TABIX_BGZIP_GFFSUMMARY (ERZ101),COMPLETED,0,1776023702852,1776023702859,1776023703915,1063,0,100.0,0.0,3358720,4497408,3358720,4497408,108800,4689,233,48,2613248,12288,1,/home/martin/Projects/assembly-analysis-pipeline/work/dc/1671fdfe0cbe713aa9e3ddb9d5d09c,"
    bgzip  -c --index --index-name ERZ101_annotation_summary.gff.gz.gzi -@1 ERZ101_annotation_summary.gff > ERZ101_annotation_summary.gff.gz

    cat <<-END_VERSIONS > versions.yml
    ""EBIMETAGENOMICS:ASSEMBLY_ANALYSIS_PIPELINE:GFF_SUMMARY:TABIX_BGZIP_GFFSUMMARY"":
        tabix: $(echo $(tabix -h 2>&1) | sed 's/^.*Version: //; s/ .*$//')
    END_VERSIONS
    ",,,1,6442450944,,3600000,"PYTHONNOUSERSITE=1
R_PROFILE_USER=/.Rprofile
R_ENVIRON_USER=/.Renviron
JULIA_DEPOT_PATH=/usr/local/share/julia
PATH=$PATH:/home/martin/Projects/assembly-analysis-pipeline/bin
",,1,0,,AMD Ryzen 5 5600X 6-Core Processor
friendly_goodall,ERZ102,150,e6/0e5f35,242141,TABIX_BGZIPTABIX_GFFSUMMARY,[],community.wave.seqera.io/library/htslib:1.21--ff8e28a189fbecaa,ERZ102,EBIMETAGENOMICS:ASSEMBLY_ANALYSIS_PIPELINE:GFF_SUMMARY:TABIX_BGZIPTABIX_GFFSUMMARY (ERZ102),COMPLETED,0,1776023702862,1776023702959,1776023703947,1085,13,52.2,0.0,3764224,4874240,3764224,4874240,127467,4827,246,47,0,12288,1,/home/martin/Projects/assembly-analysis-pipeline/work/e6/0e5f3534d5f230232a8cb3e01adce8,"
    bgzip  --threads 1 -c  ERZ102_annotation_summary.gff > ERZ102_annotation_summary.gff.gz
    tabix --threads 1 --csi ERZ102_annotation_summary.gff.gz

    cat <<-END_VERSIONS > versions.yml
    ""EBIMETAGENOMICS:ASSEMBLY_ANALYSIS_PIPELINE:GFF_SUMMARY:TABIX_BGZIPTABIX_GFFSUMMARY"":
        tabix: $(echo $(tabix -h 2>&1) | sed 's/^.*Version: //; s/ .*$//')
    END_VERSIONS
    ",,,1,6442450944,,3600000,"PYTHONNOUSERSITE=1
R_PROFILE_USER=/.Rprofile
R_ENVIRON_USER=/.Renviron
JULIA_DEPOT_PATH=/usr/local/share/julia
PATH=$PATH:/home/martin/Projects/assembly-analysis-pipeline/bin
",,2,4,,AMD Ryzen 5 5600X 6-Core Processor
friendly_goodall,ERZ102,152,b5/cb8967,242559,GT_GFF3VALIDATOR,[],quay.io/biocontainers/genometools-genometools:1.6.5--py310h3db02ab_0,ERZ102,EBIMETAGENOMICS:ASSEMBLY_ANALYSIS_PIPELINE:GT_GFF3VALIDATOR (ERZ102),COMPLETED,0,1776023703918,1776023703947,1776023705000,1082,0,128.6,0.0,3399680,5648384,3399680,5652480,157912,2437,268,41,8192,12288,1,/home/martin/Projects/assembly-analysis-pipeline/work/b5/cb89671e9d0e468f02e663936fd88c,"
    gt \
        gff3validator \
        ""ERZ102_annotation_summary.gff"" \
        > ""ERZ102.stdout"" \
        2> >(tee ""ERZ102.stderr"" >&2) \
        || echo ""Errors from gt-gff3validator printed to ERZ102.error.log""

    if grep -q ""input is valid GFF3"" ""ERZ102.stdout""; then
        echo ""Validation successful...""
        # emit stdout to the success output channel
        mv \
            ""ERZ102.stdout"" \
            ""ERZ102.success.log""
    else
        echo ""Validation failed...""
        # emit stderr to the error output channel
        mv \
            ""ERZ102.stderr"" \
            ""ERZ102.error.log""
    fi

    cat <<-END_VERSIONS > versions.yml
    ""EBIMETAGENOMICS:ASSEMBLY_ANALYSIS_PIPELINE:GT_GFF3VALIDATOR"":
        genometools: $(gt --version | head -1 | sed 's/.*) //')
    END_VERSIONS
    ",,,1,6442450944,,3600000,"PYTHONNOUSERSITE=1
R_PROFILE_USER=/.Rprofile
R_ENVIRON_USER=/.Renviron
JULIA_DEPOT_PATH=/usr/local/share/julia
PATH=$PATH:/home/martin/Projects/assembly-analysis-pipeline/bin
",,1,1,,AMD Ryzen 5 5600X 6-Core Processor
friendly_goodall,ERZ102,151,80/1ce3ba,242598,TABIX_BGZIP_GFFSUMMARY,[],quay.io/biocontainers/htslib:1.20--h5efdd21_2,ERZ102,EBIMETAGENOMICS:ASSEMBLY_ANALYSIS_PIPELINE:GFF_SUMMARY:TABIX_BGZIP_GFFSUMMARY (ERZ102),COMPLETED,0,1776023703951,1776023704047,1776023705018,1067,0,109.1,0.0,3375104,4497408,3375104,4497408,107459,4607,234,48,184320,12288,1,/home/martin/Projects/assembly-analysis-pipeline/work/80/1ce3ba94aa7482bfe52ca5716b6135,"
    bgzip  -c --index --index-name ERZ102_annotation_summary.gff.gz.gzi -@1 ERZ102_annotation_summary.gff > ERZ102_annotation_summary.gff.gz

    cat <<-END_VERSIONS > versions.yml
    ""EBIMETAGENOMICS:ASSEMBLY_ANALYSIS_PIPELINE:GFF_SUMMARY:TABIX_BGZIP_GFFSUMMARY"":
        tabix: $(echo $(tabix -h 2>&1) | sed 's/^.*Version: //; s/ .*$//')
    END_VERSIONS
    ",,,1,6442450944,,3600000,"PYTHONNOUSERSITE=1
R_PROFILE_USER=/.Rprofile
R_ENVIRON_USER=/.Renviron
JULIA_DEPOT_PATH=/usr/local/share/julia
PATH=$PATH:/home/martin/Projects/assembly-analysis-pipeline/bin
",,1,1,,AMD Ryzen 5 5600X 6-Core Processor
friendly_goodall,ERZ102,156,f3/449212,243058,MULTIQC_PER_ASSEMBLY,[],quay.io/biocontainers/multiqc:1.25.1--pyhdfd78af_0,ERZ102,EBIMETAGENOMICS:ASSEMBLY_ANALYSIS_PIPELINE:MULTIQC_PER_ASSEMBLY (ERZ102),COMPLETED,0,1776023705051,1776023705118,1776023712148,7097,6034,112.3,3.1,533295104,7713685504,619356160,11878191104,84262363,21073040,11242,972,128339968,22069248,1,/home/martin/Projects/assembly-analysis-pipeline/work/f3/449212a927d5ac91dac459a0031ac7,"
    multiqc \
        --force \
         \
        --config multiqc_config.yml \
         \
         \
        --cl-config 'custom_logo: ""mgnify_wordmark_dark_on_light.png""' \
         \
         \
        .

    cat <<-END_VERSIONS > versions.yml
    ""EBIMETAGENOMICS:ASSEMBLY_ANALYSIS_PIPELINE:MULTIQC_PER_ASSEMBLY"":
        multiqc: $( multiqc --version | sed -e ""s/multiqc, version //g"" )
    END_VERSIONS
    ",,,1,6442450944,,3600000,"PYTHONNOUSERSITE=1
R_PROFILE_USER=/.Rprofile
R_ENVIRON_USER=/.Renviron
JULIA_DEPOT_PATH=/usr/local/share/julia
PATH=$PATH:/home/martin/Projects/assembly-analysis-pipeline/bin
",,3916,194,,AMD Ryzen 5 5600X 6-Core Processor
friendly_goodall,ERZ666,153,87/cbb9f0,243059,MULTIQC_PER_ASSEMBLY,[],quay.io/biocontainers/multiqc:1.25.1--pyhdfd78af_0,ERZ666,EBIMETAGENOMICS:ASSEMBLY_ANALYSIS_PIPELINE:MULTIQC_PER_ASSEMBLY (ERZ666),COMPLETED,0,1776023705054,1776023705119,1776023711834,6780,5678,108.5,3.0,521732096,7674449920,565215232,11876544512,83564868,19991189,11073,873,153030656,21123072,1,/home/martin/Projects/assembly-analysis-pipeline/work/87/cbb9f0e962386fd7dde2e997a2d198,"
    multiqc \
        --force \
         \
        --config multiqc_config.yml \
         \
         \
        --cl-config 'custom_logo: ""mgnify_wordmark_dark_on_light.png""' \
         \
         \
        .

    cat <<-END_VERSIONS > versions.yml
    ""EBIMETAGENOMICS:ASSEMBLY_ANALYSIS_PIPELINE:MULTIQC_PER_ASSEMBLY"":
        multiqc: $( multiqc --version | sed -e ""s/multiqc, version //g"" )
    END_VERSIONS
    ",,,1,6442450944,,3600000,"PYTHONNOUSERSITE=1
R_PROFILE_USER=/.Rprofile
R_ENVIRON_USER=/.Renviron
JULIA_DEPOT_PATH=/usr/local/share/julia
PATH=$PATH:/home/martin/Projects/assembly-analysis-pipeline/bin
",,3546,237,,AMD Ryzen 5 5600X 6-Core Processor
friendly_goodall,ERZ999,155,83/949f54,244991,MULTIQC_PER_ASSEMBLY,[],quay.io/biocontainers/multiqc:1.25.1--pyhdfd78af_0,ERZ999,EBIMETAGENOMICS:ASSEMBLY_ANALYSIS_PIPELINE:MULTIQC_PER_ASSEMBLY (ERZ999),COMPLETED,0,1776023711837,1776023711935,1776023717831,5994,4946,127.5,3.3,555028480,7688794112,632049664,11878105088,83638093,20111880,11084,878,6758400,21270528,1,/home/martin/Projects/assembly-analysis-pipeline/work/83/949f54663cefdb2177742b2a8f9b5c,"
    multiqc \
        --force \
         \
        --config multiqc_config.yml \
         \
         \
        --cl-config 'custom_logo: ""mgnify_wordmark_dark_on_light.png""' \
         \
         \
        .

    cat <<-END_VERSIONS > versions.yml
    ""EBIMETAGENOMICS:ASSEMBLY_ANALYSIS_PIPELINE:MULTIQC_PER_ASSEMBLY"":
        multiqc: $( multiqc --version | sed -e ""s/multiqc, version //g"" )
    END_VERSIONS
    ",,,1,6442450944,,3600000,"PYTHONNOUSERSITE=1
R_PROFILE_USER=/.Rprofile
R_ENVIRON_USER=/.Renviron
JULIA_DEPOT_PATH=/usr/local/share/julia
PATH=$PATH:/home/martin/Projects/assembly-analysis-pipeline/bin
",,733,170,,AMD Ryzen 5 5600X 6-Core Processor
friendly_goodall,samplesheet,154,4b/60a28f,245124,MULTIQC_PER_SAMPLESHEET,[],quay.io/biocontainers/multiqc:1.25.1--pyhdfd78af_0,samplesheet,EBIMETAGENOMICS:ASSEMBLY_ANALYSIS_PIPELINE:MULTIQC_PER_SAMPLESHEET (samplesheet),COMPLETED,0,1776023712151,1776023712248,1776023719083,6932,5857,126.4,3.2,547872768,7731097600,627548160,11878277120,85151156,22497807,11457,1086,69632,23470080,1,/home/martin/Projects/assembly-analysis-pipeline/work/4b/60a28f28a3b1be245950b2646a811a,"
    multiqc \
        --force \
         \
        --config multiqc_config.yml \
         \
         \
        --cl-config 'custom_logo: ""mgnify_wordmark_dark_on_light.png""' \
         \
         \
        .

    cat <<-END_VERSIONS > versions.yml
    ""EBIMETAGENOMICS:ASSEMBLY_ANALYSIS_PIPELINE:MULTIQC_PER_SAMPLESHEET"":
        multiqc: $( multiqc --version | sed -e ""s/multiqc, version //g"" )
    END_VERSIONS
    ",,,1,6442450944,,3600000,"PYTHONNOUSERSITE=1
R_PROFILE_USER=/.Rprofile
R_ENVIRON_USER=/.Renviron
JULIA_DEPOT_PATH=/usr/local/share/julia
PATH=$PATH:/home/martin/Projects/assembly-analysis-pipeline/bin
",,805,201,,AMD Ryzen 5 5600X 6-Core Processor
friendly_goodall,ERZ101,157,f7/9dd1fa,247136,MULTIQC_PER_ASSEMBLY,[],quay.io/biocontainers/multiqc:1.25.1--pyhdfd78af_0,ERZ101,EBIMETAGENOMICS:ASSEMBLY_ANALYSIS_PIPELINE:MULTIQC_PER_ASSEMBLY (ERZ101),COMPLETED,0,1776023717834,1776023717931,1776023724244,6410,5324,131.0,3.2,563732480,7703412736,635887616,11877187584,84604641,21608869,11336,1039,4222976,22450176,1,/home/martin/Projects/assembly-analysis-pipeline/work/f7/9dd1fa93e366792c8072b325a85c2a,"
    multiqc \
        --force \
         \
        --config multiqc_config.yml \
         \
         \
        --cl-config 'custom_logo: ""mgnify_wordmark_dark_on_light.png""' \
         \
         \
        .

    cat <<-END_VERSIONS > versions.yml
    ""EBIMETAGENOMICS:ASSEMBLY_ANALYSIS_PIPELINE:MULTIQC_PER_ASSEMBLY"":
        multiqc: $( multiqc --version | sed -e ""s/multiqc, version //g"" )
    END_VERSIONS
    ",,,1,6442450944,,3600000,"PYTHONNOUSERSITE=1
R_PROFILE_USER=/.Rprofile
R_ENVIRON_USER=/.Renviron
JULIA_DEPOT_PATH=/usr/local/share/julia
PATH=$PATH:/home/martin/Projects/assembly-analysis-pipeline/bin
",,717,101,,AMD Ryzen 5 5600X 6-Core Processor
